GW1,GW2,GW3,GW4,GW5,GW6,GW7,GW8,GW9,GW10,GW11,GW12,GW13,GW14,GW15,GW16,GW17,GW18,GW19,GW20,GW21,GW21*,GW22,GW23,GW24,GW25,GW26,GW27,GW28,GW29,GW30,GW31,GW32,GW33,GW34,GW35,GW36,GW37,GW38
0.0,0.0,0.0,0.0,0.0,0.0,0.0,0.0,0.0,0.0,0.0,0.0,0.0,0.0,0.0,0.0,0.0,0.0,0.0,,0.0,,,,,,,,,,,,,,,,,,
0.0,0.0,0.0,0.0,0.0,0.0,0.0,0.0,0.0,0.0,0.0,0.0,0.0,0.0,0.0,0.0,0.0,0.0,0.0,,0.0,,,,,,,,,,,,,,,,,,
0.0,0.0,0.0,0.0,0.0,0.0,0.0,0.0,0.0,0.0,0.0,0.0,0.0,0.0,0.0,0.0,0.0,0.0,0.0,,0.0,,,,,,,,,,,,,,,,,,
0.0,3.982769697904587,0.0,97.16610908508301,5.043919384479524,21.774040162563324,4.2111512273550025,51.50601267814636,164.32279348373413,61.7276132106781,80.81002235412599,8.097202330827713,118.49775314331056,64.24440741539,7.938217371702193,0.0,0.0,0.0,0.0,,0.0,,,,,,,,,,,,,,,,,,
0.0,0.0,0.0,2.4747936055064197,0.0,0.0,0.0,0.0,0.0,0.0,0.0,0.0,0.0,0.0,0.0,0.0,0.0,0.0,0.0,,0.0,,,,,,,,,,,,,,,,,,
0.0,0.0,0.0,0.0,0.0,0.0,0.0,31.336513161659237,0.0,0.0,9.895437955856325,0.0,10.833044350147247,0.0,0.0,36.083599925041206,90.7137095928192,98.11253547668457,136.73142194747922,,4.5579250901937485,,,,,,,,,,,,,,,,,,
7.436886429786682,0.0,0.0,0.0,0.0,0.0,0.0,0.0,0.0,0.0,0.0,0.0,0.0,0.0,0.0,4.311902076005937,25.94321072101593,7.362589240074158,0.0,,0.0,,,,,,,,,,,,,,,,,,
3.1568143516778946,0.0,0.0,0.0,0.0,0.0,0.0,0.0,0.0,0.0,0.0,0.0,0.0,0.0,0.0,0.0,0.0,0.0,0.0,,0.0,,,,,,,,,,,,,,,,,,
0.0,0.0,0.0,0.0,0.0,0.0,0.0,0.0,0.0,0.0,0.0,0.0,0.0,0.0,0.0,0.0,0.0,0.0,0.0,,0.0,,,,,,,,,,,,,,,,,,
6.179235130548477,0.0,0.0,0.0,0.0,0.0,0.0,0.0,0.0,0.0,0.0,0.0,0.0,0.0,0.0,0.0,0.0,0.0,0.0,,0.0,,,,,,,,,,,,,,,,,,
0.0,0.0,0.0,0.0,0.0,0.0,0.0,0.0,0.0,0.0,0.0,0.0,0.0,0.0,0.0,0.0,0.0,0.0,0.0,,0.0,,,,,,,,,,,,,,,,,,
0.0,0.0,0.0,0.0,0.0,0.0,0.0,0.0,0.0,0.0,0.0,0.0,0.0,1.5566117130219936,0.0,0.0,0.0,0.0,0.0,,0.0,,,,,,,,,,,,,,,,,,
0.0,0.0,0.0,1.9628910347819328,0.0,0.0,0.0,0.0,0.0,0.0,1.0091243311762808,0.0,0.0,0.0,0.0,0.0,0.0,0.0,0.0,,0.0,,,,,,,,,,,,,,,,,,
0.0,42.649143934249885,0.0,0.0,0.0,0.0,0.0,0.0,0.0,0.0,0.0,0.0,0.0,0.0,0.0,1.689479872584343,0.0,0.0,0.0,,0.0,,,,,,,,,,,,,,,,,,
0.0,0.0,0.0,4.573205113410951,4.7780681401491165,4.139811918139459,7.994501292705536,4.9879468977451324,105.7441234588623,2.8885394334793086,0.0,0.8700654841959476,2.09532082080841,6.296578049659729,1.3620651327073574,1.9878599792718887,8.984499424695969,9.919286519289015,11.03452816605568,,0.0,,,,,,,,,,,,,,,,,,
15.280190110206606,0.0,0.0,3.8310598582029343,0.0,2.6587689295411105,0.0,4.88106794655323,0.0,0.0,0.0,0.0,0.0,0.0,0.0,0.0,1.188919972628355,7.73223415017128,13.707481324672699,,0.0,,,,,,,,,,,,,,,,,,
21.239578723907467,0.0,0.0,91.57270193099977,57.31663703918457,0.0,0.0,19.40155476331711,0.0,0.0,0.0,0.0,0.0,0.0,0.0,0.0,0.0,0.0,7.059724628925324,,0.0,,,,,,,,,,,,,,,,,,
0.0,0.0,0.0,0.0,0.0,0.0,0.0,0.0,0.0,0.0,0.0,0.0,0.0,0.0,0.0,0.0,0.0,0.0,0.0,,0.0,,,,,,,,,,,,,,,,,,
0.0,0.0,0.0,0.0,0.0,0.0,0.0,0.0,0.0,0.0,0.0,0.0,0.0,0.0,48.475611209869385,0.0,0.0,0.0,0.0,,0.0,,,,,,,,,,,,,,,,,,
13.250595331192017,12.459070980548859,0.0,11.269529908895493,24.384748935699463,53.76825928688049,5.58524876832962,11.40812560915947,16.260699927806858,10.434760898351671,15.759329497814178,0.0,48.37672412395477,1.4574898406863213,0.0,0.0,13.806308805942535,36.80686950683594,73.06172251701355,,0.0,,,,,,,,,,,,,,,,,,
0.0,1.8986551091074944,11.680477857589722,46.49410545825958,6.9292597472667685,57.197171449661255,10.332436859607695,0.0,70.22055387496947,18.092784285545353,0.0,15.871897339820864,57.033604383468635,2.6819078251719475,1.7910443246364594,62.500643730163574,22.60953634977341,84.39117670059206,26.359143853187557,,9.919177740812303,,,,,,,,,,,,,,,,,,
0.0,0.0,0.0,2.4753237143158917,0.0,2.8188832104206085,6.467336416244508,5.055159330368042,0.0,12.01741024851799,12.350689619779587,0.0,0.0,4.0955882519483575,4.459356889128684,65.41574001312256,8.080693334341051,3.8432803004980087,0.0,,0.0,,,,,,,,,,,,,,,,,,
0.0,0.0,0.0,0.0,0.0,0.0,0.0,0.0,0.0,0.0,0.0,0.0,0.0,0.0,0.0,0.0,0.0,0.0,0.0,,0.0,,,,,,,,,,,,,,,,,,
0.0,0.0,0.0,0.0,0.0,0.0,0.0,0.0,0.0,0.0,0.0,0.0,0.0,0.0,0.0,0.0,0.0,0.0,0.0,,0.0,,,,,,,,,,,,,,,,,,
12.124115228652954,0.0,0.0,0.0,0.0,0.0,0.0,45.1459139585495,0.0,0.0,0.0,0.0,36.06348037719727,25.186339020729065,12.335360795259476,4.2012933641672126,104.50196266174316,104.12168502807616,11.688804626464846,,69.21780705451964,,,,,,,,,,,,,,,,,,
0.0,0.0,0.0,0.0,0.0,0.0,0.0,0.0,0.0,0.0,0.0,0.0,0.0,0.0,0.0,0.0,0.0,0.0,0.0,,0.0,,,,,,,,,,,,,,,,,,
0.0,0.0,0.0,0.0,0.0,0.0,0.0,9.27354246377945,0.0,0.0,0.0,0.0,0.0,1.6838593408465383,0.0,0.0,0.0,0.0,0.0,,0.0,,,,,,,,,,,,,,,,,,
1.419458258897066,0.0,0.0,0.0,2.1787920966744423,0.0,0.0,0.0,12.429597973823547,3.3211741596460342,8.118273317813872,0.0,22.134895622730255,4.023561626672746,0.0,0.0,0.0,0.0,0.0,,0.0,,,,,,,,,,,,,,,,,,
2.809256874024868,2.0202765241265297,0.0,3.85412871837616,0.0,0.0,1.840347610414028,0.0,12.833347916603088,1.806197315454483,11.515429615974426,1.9633652642369268,0.0,0.0,0.0,0.0,0.0,0.0,0.0,,0.0,,,,,,,,,,,,,,,,,,
15.745480358600615,0.0,0.0,0.0,0.0,0.0,0.0,0.0,0.0,0.0,0.0,0.0,0.0,0.0,0.0,0.0,0.0,0.0,0.0,,0.0,,,,,,,,,,,,,,,,,,
3.7433579564094543,0.0,0.0,0.0,0.0,0.0,0.0,0.0,0.0,0.0,0.0,0.0,0.0,0.0,0.0,0.0,0.0,0.0,0.0,,0.0,,,,,,,,,,,,,,,,,,
0.0,0.0,0.0,0.0,0.0,0.0,0.0,0.0,0.0,0.0,0.0,0.0,0.0,0.0,0.0,0.0,0.0,0.0,0.0,,0.0,,,,,,,,,,,,,,,,,,
,0.0,0.0,0.0,9.309341758489607,0.0,0.0,0.0,3.2359801232814784,0.0,9.74944531917572,0.0,8.325152099132536,8.348060399293901,29.361441731452945,21.800291538238525,8.131260424852371,16.823063790798187,13.503164052963257,,0.0,,,,,,,,,,,,,,,,,,
,0.0,0.0,0.0,0.0,0.0,0.0,0.0,0.0,0.0,0.0,0.0,0.0,0.0,0.0,0.0,0.0,0.0,0.0,,0.0,,,,,,,,,,,,,,,,,,
,,0.0,0.0,0.0,0.0,0.0,0.0,0.0,0.0,0.0,0.0,0.0,0.0,0.0,0.0,0.0,0.0,0.0,,0.0,,,,,,,,,,,,,,,,,,
,,,6.249725818634032,0.0,2.1420065313577648,0.0,0.0,1.3986983336508274,0.0,0.0,0.0,6.439086049795152,0.0,0.0,10.702308267354963,0.0,0.0,0.0,,0.0,,,,,,,,,,,,,,,,,,
,,,,,,,,,,,,,,,,,,0.0,,0.0,,,,,,,,,,,,,,,,,,
0.0,0.0,0.0,0.0,0.0,0.0,0.0,0.0,0.0,0.0,0.0,0.0,0.0,0.0,0.0,0.0,0.0,,0.0,,,,,,,,,,,,,,,,,,,,
0.0,0.0,0.0,0.0,0.0,0.0,0.0,0.0,0.0,0.0,0.0,0.0,0.0,0.0,0.0,0.0,0.0,,0.0,,,,,,,,,,,,,,,,,,,,
0.0,0.0,0.0,0.0,0.0,0.0,0.0,0.0,0.0,0.0,0.0,0.0,0.0,0.0,0.0,0.0,0.0,,0.0,,,,,,,,,,,,,,,,,,,,
0.0,0.0,0.0,0.0,0.0,0.0,0.0,0.0,0.0,0.0,0.0,0.0,0.0,0.0,0.0,0.0,0.0,,0.0,,,,,,,,,,,,,,,,,,,,
7.6664142310619345,0.0,0.0,1.0699876584112644,6.560422480106354,0.0,0.0,0.0,0.0,0.0,0.0,0.0,0.0,0.0,0.0,0.0,0.0,,0.0,,,,,,,,,,,,,,,,,,,,
0.0,0.0,0.0,0.0,0.0,0.0,0.0,0.0,0.0,0.0,0.0,0.0,0.0,0.0,0.0,0.0,0.0,,1.1810557916760445,,,,,,,,,,,,,,,,,,,,
8.473281562328339,2.169208973646164,0.0,1.8261801451444624,7.105433195829392,0.0,7.365056872367859,3.5846948623657227,2.2732703015208244,10.936517268419266,2.3156329989433293,0.0,15.026231110095976,0.0,0.0,0.0,1.110185123980045,,0.0,,,,,,,,,,,,,,,,,,,,
0.0,0.0,0.0,0.0,0.0,5.562687665224075,0.0,0.0,0.0,0.0,0.0,0.0,0.0,0.0,0.0,0.0,0.0,,0.0,,,,,,,,,,,,,,,,,,,,
0.0,0.0,0.0,0.0,0.0,0.0,0.0,0.0,0.0,0.0,0.0,0.0,0.0,0.0,0.0,0.0,0.0,,0.0,,,,,,,,,,,,,,,,,,,,
0.0,13.452298939228056,0.0,7.028184086084366,11.235817521810533,0.0,0.0,0.0,0.0,0.0,5.562654510140419,38.87771964073181,0.0,6.62667378783226,0.0,0.0,0.0,,0.0,,,,,,,,,,,,,,,,,,,,
0.0,0.0,0.0,0.0,0.0,50.68937540054321,4.642756283283234,0.0,0.0,0.0,0.0,0.0,5.681585893034935,0.0,0.0,0.0,5.924185737967491,,0.0,,,,,,,,,,,,,,,,,,,,
0.0,0.0,8.983764797449114,77.7062714099884,0.0,40.980172157287605,70.83608508110045,13.247251510620115,72.49577045440674,48.405754566192634,8.744695037603378,19.271852076053623,0.0,4.440583661198616,76.43324732780457,0.0,126.68564319610596,,11.041292548179626,,,,,,,,,,,,,,,,,,,,
0.0,0.0,0.0,0.0,0.0,0.0,0.0,0.0,0.0,0.0,0.0,0.0,0.0,0.0,0.0,0.0,0.0,,0.0,,,,,,,,,,,,,,,,,,,,
0.0,81.39287233352661,1.3226846233010292,0.0,0.0,0.0,0.0,0.0,0.0,0.0,12.381073087453842,0.0,0.0,0.0,0.0,0.0,0.0,,2.8055882081389427,,,,,,,,,,,,,,,,,,,,
2.926427684724331,0.0,6.309586763381957,0.0,0.0,0.0,0.0,9.247957915067671,32.48772919178009,0.0,15.38301706314087,1.662016659975052,0.0,9.561770409345627,4.681849107146262,0.0,10.580310225486755,,0.0,,,,,,,,,,,,,,,,,,,,
1.0808209888637066,5.894284322857858,0.0,0.0,15.293985605239868,0.0,6.211389228701592,17.245034873485565,0.0,2.9659431427717213,0.0,6.4326412975788125,5.604984611272812,0.0,24.128292500972748,0.0,4.690768197178841,,8.234541863203049,,,,,,,,,,,,,,,,,,,,
0.0,0.0,9.011762589216232,14.80356901884079,0.0,51.49540901184082,0.0,5.079533532261848,0.0,1.0433508083224297,0.0,0.0,1.4798680320382118,0.7489279378205538,19.12850141525269,0.0,0.0,,0.0,,,,,,,,,,,,,,,,,,,,
0.0,0.0,0.0,0.0,0.0,0.0,0.0,0.0,0.0,0.0,0.0,0.0,0.0,0.0,0.0,0.0,0.0,,0.0,,,,,,,,,,,,,,,,,,,,
0.0,0.0,0.0,0.0,0.0,0.0,0.0,0.0,0.0,0.0,0.0,0.0,0.0,0.0,0.0,0.0,0.0,,0.0,,,,,,,,,,,,,,,,,,,,
0.0,0.0,0.0,0.0,0.0,0.0,0.0,0.0,0.0,0.0,0.0,0.0,0.0,0.0,0.0,0.0,0.0,,0.0,,,,,,,,,,,,,,,,,,,,
0.0,0.0,0.0,0.0,0.0,0.0,0.0,0.0,0.0,0.0,0.0,0.0,0.0,0.0,0.0,0.0,0.0,,0.0,,,,,,,,,,,,,,,,,,,,
0.0,1.9957007840275764,0.0,3.1306035816669464,5.083216726779939,4.1344720870256415,0.0,1.865619234740734,0.0,0.0,0.0,0.0,0.0,0.0,1.6915459185838702,7.074037939310074,0.0,,0.0,,,,,,,,,,,,,,,,,,,,
3.0585382133722305,1.98003388941288,0.0,6.753619760274888,5.653083324432372,4.386772215366364,12.268885970115662,0.0,14.604756236076355,0.0,0.0,0.0,0.0,0.0,49.13650155067444,0.0,34.9639892578125,,0.0,,,,,,,,,,,,,,,,,,,,
1.643071137368679,0.0,0.0,0.0,0.0,0.0,0.0,0.0,0.0,0.0,0.0,0.0,12.298662215471268,0.0,9.618106484413149,1.2123167514801023,12.41174414753914,,0.0,,,,,,,,,,,,,,,,,,,,
0.0,0.0,5.882754176855088,0.0,9.604059159755707,0.0,0.0,0.0,0.0,0.0,0.0,0.0,0.0,0.0,0.0,0.0,0.0,,0.0,,,,,,,,,,,,,,,,,,,,
76.11688375473021,11.541613191366196,12.788258492946625,5.649339035153389,7.262798398733139,0.0,6.070415675640106,71.12874388694762,11.219116300344467,0.0,0.0,0.0,0.0,0.0,0.0,5.7709090411663055,0.0,,17.330801486968994,,,,,,,,,,,,,,,,,,,,
12.752558290958405,0.0,0.0,0.0,9.9727563560009,0.0,0.0,0.0,8.007148653268812,5.4034899920225135,6.3964471220970145,43.60668361186981,5.339193716645242,14.980846643447876,0.0,0.0,0.0,,0.0,,,,,,,,,,,,,,,,,,,,
0.0,0.0,0.0,0.0,0.0,0.0,0.0,0.0,0.0,0.0,0.0,0.0,0.0,0.0,0.0,0.0,0.0,,0.0,,,,,,,,,,,,,,,,,,,,
0.0,0.0,0.0,0.0,0.0,0.0,0.0,0.0,0.0,0.0,0.0,0.0,0.0,0.0,0.0,0.0,0.0,,0.0,,,,,,,,,,,,,,,,,,,,
0.0,0.0,0.0,0.0,0.0,0.0,0.0,0.0,0.0,0.0,0.0,0.0,0.0,40.84951281547546,0.0,0.0,0.0,,6.809588521718979,,,,,,,,,,,,,,,,,,,,
,,0.0,0.0,0.0,0.0,0.0,0.0,0.0,0.0,2.824227511882782,0.0,0.0,0.0,0.0,0.0,0.0,,0.0,,,,,,,,,,,,,,,,,,,,
,,,0.0,0.0,0.0,0.0,0.0,0.0,0.0,0.0,0.0,0.0,0.0,0.0,0.0,0.0,,0.0,,,,,,,,,,,,,,,,,,,,
,,,,,0.0,0.0,0.0,0.0,0.0,0.0,0.0,0.0,0.0,0.0,0.0,0.0,,0.0,,,,,,,,,,,,,,,,,,,,
,,,,,,,,,,,,,,0.0,0.0,0.0,,0.0,,,,,,,,,,,,,,,,,,,,
,,,,,,,,,,,,,,,,0.0,,0.0,,,,,,,,,,,,,,,,,,,,
0.0,0.0,0.0,0.0,0.0,40.493103861808784,1.6272816807031631,54.63746786117554,52.62444019317627,0.0,8.863065391778944,0.0,0.0,2.9928863048553467,0.0,44.33455765247345,,,9.035878628492355,0.0,,,,,,,,,,,,,,,,,,,
144.52940225601196,0.0,0.0,0.0,0.0,0.0,0.0,24.396969377994537,11.03392168879509,4.382852464914322,129.64627742767334,0.0,0.0,0.0,0.0,15.691383183002472,,,0.0,0.0,,,,,,,,,,,,,,,,,,,
0.0,32.600662112236016,48.45443964004517,1.6466069966554642,79.58784699440001,18.24195683002472,7.768360525369643,12.18859925866127,9.02201235294342,47.84150421619415,14.264634251594545,38.83794248104096,76.11688375473021,16.890241205692288,0.0,0.0,,,8.004661649465563,0.0,,,,,,,,,,,,,,,,,,,
0.0,0.0,0.0,0.0,0.0,0.0,0.0,0.0,0.0,0.0,0.0,0.0,0.0,0.0,0.0,0.0,,,0.0,0.0,,,,,,,,,,,,,,,,,,,
0.0,0.0,0.0,0.0,0.0,0.0,0.0,0.0,0.0,0.0,0.0,0.0,0.0,0.0,0.0,0.0,,,0.0,0.0,,,,,,,,,,,,,,,,,,,
19.043469429016113,0.0,9.533028304576872,0.0,0.0,0.0,14.425098896026613,0.0,0.0,5.90512678027153,48.92202913761139,17.844256758689877,9.375586360692976,0.0,93.88849139213562,0.0,,,18.279571831226352,0.0,,,,,,,,,,,,,,,,,,,
0.0,0.0,0.0,0.0,0.0,0.0,0.0,0.0,0.0,0.0,0.0,0.0,0.0,0.0,0.0,0.0,,,0.0,0.0,,,,,,,,,,,,,,,,,,,
0.0,0.0,7.674675434827805,0.0,0.0,1.4567254111170769,0.0,0.0,2.70921029150486,0.0,49.26053285598755,49.944674968719475,0.0,0.0,0.0,7.273803651332855,,,0.0,0.0,,,,,,,,,,,,,,,,,,,
0.0,5.213172361254691,0.0,26.599323749542236,45.75614631175995,50.309008359909065,0.0,0.0,0.0,2.17520073056221,0.0,0.0,0.0,0.0,0.0,10.625670850276947,,,0.0,0.0,,,,,,,,,,,,,,,,,,,
0.0,0.0,13.933746516704561,0.0,0.0,0.0,0.0,39.15016949176788,0.0,16.138772666454315,0.0,0.0,0.0,0.0,0.0,0.0,,,0.0,0.0,,,,,,,,,,,,,,,,,,,
0.0,0.0,0.0,0.0,0.0,0.0,12.93780654668808,0.0,0.0,0.0,5.206480622291566,0.0,0.0,0.0,0.0,0.0,,,0.0,0.7581725250929594,,,,,,,,,,,,,,,,,,,
0.0,0.0,0.0,0.0,0.0,0.0,0.0,0.0,0.0,0.0,8.599331229925157,0.0,0.0,0.0,0.0,0.0,,,0.0,0.0,,,,,,,,,,,,,,,,,,,
0.0,0.0,0.0,0.0,0.0,0.0,0.0,11.313387751579285,0.0,8.153832703828813,0.0,0.0,0.0,0.0,0.0,5.534714087843895,,,0.0,0.0,,,,,,,,,,,,,,,,,,,
0.0,0.0,0.0,0.0,0.0,0.0,0.0,0.0,0.0,0.0,0.0,1.5872940421104431,0.0,0.0,0.0,0.0,,,0.0,0.0,,,,,,,,,,,,,,,,,,,
0.0,0.0,0.0,0.0,0.0,0.0,0.0,0.0,0.0,0.0,0.0,0.0,0.0,0.0,0.0,0.0,,,0.0,0.0,,,,,,,,,,,,,,,,,,,
0.0,0.952623039484024,1.843146234750748,0.0,0.0,72.0551013946533,1.2332857586443424,5.687623098492622,0.0,0.0,14.15291428565979,0.0,6.743617355823518,0.0,0.0,0.0,,,50.67782402038574,0.0,,,,,,,,,,,,,,,,,,,
0.0,0.0,0.0,0.0,0.0,0.0,0.0,0.0,0.0,0.0,0.0,0.0,0.0,0.0,0.0,0.0,,,0.0,0.0,,,,,,,,,,,,,,,,,,,
0.0,0.0,0.0,0.0,0.0,0.0,0.0,0.0,0.0,0.0,0.0,0.0,0.0,0.0,0.0,0.0,,,0.0,0.0,,,,,,,,,,,,,,,,,,,
0.0,0.0,0.0,0.0,0.0,0.0,0.0,0.0,0.0,0.0,0.0,0.0,0.0,0.0,0.0,0.0,,,0.0,0.0,,,,,,,,,,,,,,,,,,,
0.0,0.0,0.0,0.0,0.0,0.0,0.0,0.0,0.0,0.0,0.0,0.0,0.0,0.0,0.0,0.0,,,0.0,0.0,,,,,,,,,,,,,,,,,,,
19.898723065853122,15.854398906230928,31.873199343681325,42.226937413215644,103.70527505874634,52.10562944412232,82.47458338737488,15.2560755610466,15.389800071716307,0.0,5.3197991102933875,10.631418973207476,19.974911212921146,2.6661129668354993,20.570895075798035,88.29869627952576,,,2.6841642335057263,0.0,,,,,,,,,,,,,,,,,,,
0.0,0.0,0.0,0.0,0.0,0.0,0.0,0.0,0.0,0.0,0.0,0.0,0.0,0.0,0.0,0.0,,,0.0,0.0,,,,,,,,,,,,,,,,,,,
5.346401408314705,6.6385261714458474,0.0,0.0,3.872985020279884,12.389452010393144,0.0,0.0,5.235325172543527,1.0345270857214928,0.0,4.429841414093972,0.0,0.0,0.0,7.06314817070961,,,0.0,11.499950289726256,,,,,,,,,,,,,,,,,,,
0.0,10.173762589693071,0.0,0.0,0.0,0.0,0.0,0.0,6.55723363161087,0.0,0.0,0.0,0.0,0.0,0.0,0.0,,,0.0,0.0,,,,,,,,,,,,,,,,,,,
0.0,0.0,0.0,0.0,0.0,0.0,0.0,0.0,0.0,0.0,0.0,0.0,0.0,0.0,0.0,0.0,,,2.522660978138447,0.0,,,,,,,,,,,,,,,,,,,
0.0,0.0,0.0,2.5057500228285794,0.0,0.0,8.828762173652649,0.0,0.0,0.0,0.0,0.0,0.0,0.0,5.499822273850441,6.304311752319336,,,17.804349958896637,3.5475242882966995,,,,,,,,,,,,,,,,,,,
0.0,0.0,0.0,0.0,0.0,54.41526770591736,8.171810954809189,0.0,0.0,0.0,0.0,0.0,7.6015643775463095,0.0,0.0,0.0,,,1.3330291025340557,8.077254891395569,,,,,,,,,,,,,,,,,,,
,0.0,0.0,0.0,0.0,0.0,0.0,0.0,0.0,0.0,0.0,0.0,0.0,0.0,0.0,0.0,,,0.0,0.0,,,,,,,,,,,,,,,,,,,
,,0.0,0.0,0.0,0.0,0.0,0.0,0.0,0.0,0.0,0.0,0.0,0.0,0.0,0.0,,,0.0,0.0,,,,,,,,,,,,,,,,,,,
,,,0.0,0.0,0.0,0.0,0.0,14.217288792133331,0.0,0.0,0.0,0.0,0.0,0.0,0.0,,,0.0,0.0,,,,,,,,,,,,,,,,,,,
,,,,,,,0.0,0.0,0.0,0.0,0.0,0.0,0.0,0.0,0.0,,,0.0,0.0,,,,,,,,,,,,,,,,,,,
,,,,,,,,,0.0,0.0,0.0,0.0,0.0,0.0,0.0,,,0.0,0.0,,,,,,,,,,,,,,,,,,,
,,,,,,,,,,,0.0,0.0,0.0,0.0,0.0,,,0.0,0.0,,,,,,,,,,,,,,,,,,,
,,,,,,,,,,,,,,0.0,0.0,,,0.0,0.0,,,,,,,,,,,,,,,,,,,
,,,,,,,,,,,,,,,,,,0.0,0.0,,,,,,,,,,,,,,,,,,,
0.0,0.0,0.0,0.0,12.954092025756836,10.023366659879683,5.4205480962991714,2.1434931084513664,0.0,6.481020152568817,9.354551136493685,0.0,0.0,8.473137766122816,0.0,,0.0,,2.3493235930800442,16.467946767807007,,,,,,,,,,,,,,,,,,,
0.0,0.0,0.0,0.0,0.0,0.0,0.0,0.0,0.0,0.0,0.0,0.0,0.0,0.0,0.0,,0.0,,0.0,0.0,,,,,,,,,,,,,,,,,,,
5.421088635921478,0.0,13.924460113048553,0.0,0.0,0.0,6.344603002071381,13.419312238693236,8.171696215867996,0.0,0.0,2.932421118021012,13.295595347881315,0.0,0.0,,0.0,,1.982979103922844,0.0,,,,,,,,,,,,,,,,,,,
6.374003738164903,13.37432861328125,5.804872140288353,0.0,6.7322708666324615,4.057818651199342,10.808496177196504,3.1933445483446117,0.0,5.542266368865967,1.80944986641407,0.0,0.0,0.0,4.169506952166556,,0.0,,0.0,0.0,,,,,,,,,,,,,,,,,,,
0.0,0.0,0.0,0.0,0.0,0.0,0.0,0.0,0.0,0.0,0.0,0.0,0.0,0.0,0.0,,0.0,,0.0,0.0,,,,,,,,,,,,,,,,,,,
0.0,0.0,0.0,0.0,0.0,0.0,9.502393752336502,0.0,0.0,0.0,0.0,0.0,0.0,0.0,0.0,,11.792661249637606,,1.862047053873539,0.0,,,,,,,,,,,,,,,,,,,
0.0,0.0,0.0,0.0,0.0,3.4992359578609467,9.779753535985948,2.6354655623435974,0.0,0.0,0.0,0.0,0.0,33.380120992660515,0.0,,0.0,,0.0,0.0,,,,,,,,,,,,,,,,,,,
5.230368673801422,4.836083576083184,0.0,0.0,6.533575803041457,0.0,7.150240987539291,0.0,3.6167435348033914,28.963303565979004,7.108599692583084,0.0,11.890176683664322,0.0,0.0,,14.2147496342659,,0.0,0.0,,,,,,,,,,,,,,,,,,,
0.0,0.0,0.0,0.0,0.0,0.0,0.0,0.0,0.0,0.0,0.0,1.7017148435115814,0.0,0.0,0.0,,0.0,,0.0,0.0,,,,,,,,,,,,,,,,,,,
0.0,0.0,4.245903342962265,0.0,0.0,0.0,0.0,0.0,0.0,0.0,0.0,0.0,0.0,2.869689092040062,4.104924947023393,,0.0,,0.0,1.6491245478391647,,,,,,,,,,,,,,,,,,,
81.51915669441223,32.77704119682312,11.324497312307358,4.576011002063751,89.12572264671326,8.625943213701246,25.03175139427185,65.14739990234375,0.0,0.0,0.0,0.0,99.0233063697815,24.122138321399692,111.5108609199524,,0.0,,15.639527142047882,17.97274798154831,,,,,,,,,,,,,,,,,,,
7.632418721914291,5.672371760010719,24.13157969713211,9.333088994026184,6.24527744948864,8.911962062120438,25.668874382972717,19.084684550762177,16.246408224105835,53.77334952354431,94.00849342346191,15.495005249977114,23.55687916278839,4.729025810956955,2.4197682738304143,,11.323018372058867,,34.28947627544403,0.0,,,,,,,,,,,,,,,,,,,
0.0,0.0,0.0,0.0,0.0,0.0,0.0,0.0,0.0,0.0,0.0,0.0,0.0,0.0,0.0,,0.0,,0.0,0.0,,,,,,,,,,,,,,,,,,,
0.0,0.0,0.0,0.0,0.0,0.0,0.0,0.0,0.0,0.0,0.0,0.0,0.0,0.0,0.0,,0.0,,0.0,0.0,,,,,,,,,,,,,,,,,,,
0.0,0.0,0.0,0.0,0.0,0.0,0.0,0.0,0.0,0.0,0.0,0.0,0.0,0.0,0.0,,0.0,,0.0,0.0,,,,,,,,,,,,,,,,,,,
0.0,0.0,0.0,0.0,0.0,0.0,0.0,0.0,0.0,0.0,0.0,0.0,0.0,0.0,0.0,,0.0,,0.0,0.0,,,,,,,,,,,,,,,,,,,
0.0,3.5107869654893875,0.7314532529562712,0.0,18.466027081012726,0.0,0.0,0.0,0.0,1.920437440276146,2.8478365391492844,0.0,10.025689005851746,0.0,4.5926474034786215,,0.0,,0.0,3.551065176725388,,,,,,,,,,,,,,,,,,,
0.0,0.0,0.0,0.0,0.0,0.0,0.0,0.0,4.203129932284355,0.0,14.30339515209198,34.63757336139679,0.0,0.0,0.0,,4.333887994289398,,0.0,12.661616504192352,,,,,,,,,,,,,,,,,,,
0.0,56.29963278770447,0.0,0.0,0.0,0.0,0.0,0.0,0.0,0.0,0.0,0.0,0.0,0.0,3.6492872983217235,,0.0,,0.0,0.0,,,,,,,,,,,,,,,,,,,
0.0,0.0,0.0,0.0,0.0,0.0,0.0,0.0,0.0,0.0,0.0,0.0,0.0,0.0,0.0,,0.0,,8.12435895204544,0.0,,,,,,,,,,,,,,,,,,,
33.932000398635864,60.389959812164314,4.848753660917282,2.6735860854387283,0.0,0.0,1.4120477251708508,0.0,76.11688375473021,0.0,2.4432966485619545,4.527740553021432,0.0,0.0,0.0,,2.0154908299446106,,14.987155795097351,11.436974257230759,,,,,,,,,,,,,,,,,,,
28.81555259227753,0.0,3.00824660807848,0.0,0.0,0.0,10.43264642357826,11.947966367006302,8.595482259988785,0.0,0.0,0.0,32.971283793449395,51.23357772827149,10.833588987588882,,0.0,,4.779540002346039,9.848895668983461,,,,,,,,,,,,,,,,,,,
0.0,0.0,0.0,12.20747083425522,7.380882650613785,29.83822822570801,0.0,0.0,0.0,0.0,0.0,0.0,0.0,0.0,0.0,,0.0,,3.600443154573441,4.0267933160066605,,,,,,,,,,,,,,,,,,,
0.0,3.440256789326668,0.0,0.0,0.0,0.0,0.0,0.0,0.0,52.7710497379303,0.0,0.0,0.0,0.0,14.13174718618393,,82.49706625938416,,6.721425801515579,0.0,,,,,,,,,,,,,,,,,,,
0.0,0.0,0.0,0.0,0.0,0.0,0.0,0.0,0.0,0.0,0.0,0.0,0.0,0.0,0.0,,0.0,,0.0,0.0,,,,,,,,,,,,,,,,,,,
0.0,0.0,0.0,0.0,0.0,0.0,0.0,0.0,0.0,0.0,0.0,0.0,0.0,0.0,0.0,,0.0,,0.0,0.0,,,,,,,,,,,,,,,,,,,
0.0,0.0,0.0,0.0,0.0,0.0,0.0,0.0,0.0,0.0,0.0,0.0,0.0,0.0,0.0,,0.0,,0.0,0.0,,,,,,,,,,,,,,,,,,,
0.0,0.0,0.0,0.0,0.0,0.0,0.0,0.0,0.0,0.0,0.0,0.0,0.0,0.0,0.0,,0.0,,0.0,0.0,,,,,,,,,,,,,,,,,,,
0.0,0.0,2.142447233200073,0.0,0.0,0.0,0.0,0.0,0.0,0.0,0.0,0.0,0.0,0.0,0.0,,0.0,,0.0,0.0,,,,,,,,,,,,,,,,,,,
0.0,0.0,0.0,0.0,0.0,0.0,0.0,0.0,0.0,0.0,0.0,0.0,0.0,0.0,0.0,,0.0,,0.0,0.0,,,,,,,,,,,,,,,,,,,
,0.0,0.0,0.0,0.0,0.0,0.0,0.0,0.0,0.0,0.0,0.0,0.0,0.0,0.0,,0.0,,0.0,0.0,,,,,,,,,,,,,,,,,,,
,,,0.0,0.0,0.0,0.0,0.0,0.0,1.5801465138792992,11.247539520263672,0.0,0.7910688407719135,1.2619692832231522,0.0,,1.8985692411661148,,0.0,1.0478251613676548,,,,,,,,,,,,,,,,,,,
,,,0.0,0.0,0.0,0.0,0.0,0.0,0.0,0.0,0.0,5.609802529215814,0.0,0.0,,0.0,,0.0,0.0,,,,,,,,,,,,,,,,,,,
,,,,,,0.0,0.0,0.0,0.0,0.0,0.0,0.0,0.0,0.0,,0.0,,0.0,0.0,,,,,,,,,,,,,,,,,,,
,,,,,,,,,,,,,,,,0.0,,0.0,0.0,,,,,,,,,,,,,,,,,,,
,,,,,,,,,,,,,,,,0.0,,0.0,0.0,,,,,,,,,,,,,,,,,,,
,,,,,,,,,,,,,,,,0.0,,0.0,0.0,,,,,,,,,,,,,,,,,,,
110.08962392807008,5.499351397156715,1.7442563548684118,0.0,5.718396604061128,0.0,0.0,0.0,0.0,57.0879340171814,0.0,10.615836083889008,,0.0,12.744390964508055,1.405327022075653,,,,14.186489582061768,,,,,,,,,,,,,,,,,,,
0.0,0.0,0.0,0.0,0.0,0.0,0.0,0.0,0.0,0.0,0.0,0.0,,0.0,0.0,0.0,,,,0.0,,,,,,,,,,,,,,,,,,,
0.0,0.0,0.0,0.0,0.0,0.0,0.0,0.0,0.0,0.0,0.0,0.0,,0.0,0.0,0.0,,,,0.0,,,,,,,,,,,,,,,,,,,
9.008438140153883,1.950816251337528,0.0,0.0,0.0,0.0,0.0,0.0,0.0,0.0,0.0,0.0,,0.0,0.0,0.0,,,,0.0,,,,,,,,,,,,,,,,,,,
0.0,0.0,0.0,0.0,0.0,0.0,0.0,0.0,0.0,0.0,0.0,0.0,,0.0,0.0,0.0,,,,0.0,,,,,,,,,,,,,,,,,,,
0.0,0.0,0.0,0.0,0.0,0.0,0.0,0.0,0.0,0.0,0.0,0.0,,0.0,0.0,0.0,,,,0.0,,,,,,,,,,,,,,,,,,,
9.369844943284988,9.204337000846863,0.0,5.349795147776604,6.045583263039589,0.0,10.827504843473434,0.0,4.703097417950629,0.0,4.44668047130108,0.0,,2.921155653893948,0.0,32.36018121242523,,,,0.0,,,,,,,,,,,,,,,,,,,
0.0,31.67576789855957,4.677478224039079,0.0,9.696996957063677,3.544222190976143,0.0,16.159757971763607,0.0,0.0,0.0,0.0,,0.0,0.0,0.0,,,,0.0,,,,,,,,,,,,,,,,,,,
38.134732842445366,7.356458157300949,4.741567000746726,110.2469801902771,9.443613141775133,0.0,0.0,0.0,0.0,5.771581828594207,0.0,20.813794434070584,,0.0,0.0,0.0,,,,7.696446776390076,,,,,,,,,,,,,,,,,,,
0.0,0.0,0.0,0.0,11.58878281712532,3.726143762469292,0.0,0.0,3.703664615750313,0.0,0.0,2.1890798583626747,,0.0,0.0,0.0,,,,0.0,,,,,,,,,,,,,,,,,,,
16.048261523246765,0.0,10.248167812824251,0.0,12.20979243516922,0.0,0.0,0.0,2.6320019736886024,81.0679614543915,0.0,21.643511950969696,,0.0,13.933175802230835,0.0,,,,8.137197047472,,,,,,,,,,,,,,,,,,,
10.89031770825386,7.019843906164169,134.20056104660034,53.516316413879395,4.1431259363889685,8.9387908577919,16.504204273223873,53.0659556388855,10.823400318622587,69.86454725265503,0.0,6.136750429868697,,6.705303490161897,0.0,7.902966439723968,,,,38.22281658649445,,,,,,,,,,,,,,,,,,,
0.0,0.0,6.415712088346481,0.0,0.0,0.0,7.2915494441986075,0.0,0.0,53.75378727912903,0.0,1.391038857400417,,1.7106382176280022,0.0,0.8250336162745953,,,,0.0,,,,,,,,,,,,,,,,,,,
2.419669553637505,0.0,0.0,0.0,2.4177979677915573,6.8717241287231445,6.823105365037918,0.0,0.0,0.0,55.00559210777283,25.65681934356689,,0.0,6.805659830570222,5.501148849725722,,,,0.0,,,,,,,,,,,,,,,,,,,
0.0,0.0,0.0,0.0,0.0,0.0,0.0,0.0,0.0,0.0,0.0,0.0,,0.0,0.0,0.0,,,,0.0,,,,,,,,,,,,,,,,,,,
0.0,0.0,0.0,0.0,0.0,0.0,0.0,0.0,0.0,4.225705564022064,0.0,0.0,,0.9529507718980312,0.0,4.2187485843896875,,,,0.0,,,,,,,,,,,,,,,,,,,
0.0,0.0,0.0,0.0,0.0,0.0,0.0,0.0,0.0,0.0,0.0,0.0,,0.0,0.0,0.0,,,,0.0,,,,,,,,,,,,,,,,,,,
0.0,0.0,6.5848566591739655,8.523551374673842,2.2200837731361394,3.9266698062419887,2.9840925708413124,6.325409561395644,0.0,0.0,2.087802067399025,10.162525624036787,,0.0,2.249729260802269,0.0,,,,0.0,,,,,,,,,,,,,,,,,,,
0.0,0.0,0.0,0.0,0.0,0.0,0.0,0.0,0.0,0.0,0.0,0.0,,0.0,0.0,0.0,,,,0.0,,,,,,,,,,,,,,,,,,,
0.0,0.0,0.0,0.0,0.0,0.0,0.0,0.0,0.0,0.0,0.0,0.0,,0.0,0.0,0.0,,,,0.0,,,,,,,,,,,,,,,,,,,
0.0,6.339838355779648,2.7384761720895767,4.424366727471352,7.508108764886856,0.0,4.812430217862128,0.0,7.220667600631714,6.653501838445664,0.0,0.0,,7.263632863759994,6.012554466724397,2.5875980034470563,,,,3.909929469227791,,,,,,,,,,,,,,,,,,,
0.0,0.0,0.0,0.0,0.0,0.0,1.6528112813830376,0.0,0.0,0.0,0.0,0.0,,0.0,0.0,0.0,,,,0.0,,,,,,,,,,,,,,,,,,,
0.0,0.0,0.0,0.0,0.0,0.0,0.0,0.0,0.0,0.0,0.0,0.0,,0.0,0.0,0.0,,,,0.0,,,,,,,,,,,,,,,,,,,
0.0,0.0,0.0,0.0,0.0,0.0,0.0,0.0,0.0,0.0,0.0,0.0,,0.0,0.0,0.0,,,,0.0,,,,,,,,,,,,,,,,,,,
0.0,0.0,0.0,0.0,0.0,0.0,0.0,0.0,0.0,0.0,0.0,0.0,,0.0,0.0,0.0,,,,0.0,,,,,,,,,,,,,,,,,,,
,0.0,0.0,0.0,0.0,0.0,0.0,0.0,0.0,0.0,0.0,0.0,,0.0,0.0,0.0,,,,0.0,,,,,,,,,,,,,,,,,,,
,,0.0,0.0,0.0,0.6338948383927345,7.576808333396912,0.0,0.0,0.0,0.0,0.0,,0.0,0.0,0.0,,,,15.02096801996231,,,,,,,,,,,,,,,,,,,
,,,0.0,6.565108895301819,15.245142579078676,0.0,33.29153060913086,38.23670744895935,13.690084218978882,5.867105722427367,5.64558207988739,,0.0,18.714377284049988,0.0,,,,0.0,,,,,,,,,,,,,,,,,,,
,,,0.0,0.0,0.0,0.0,0.0,0.0,0.0,0.0,0.0,,0.0,0.0,0.0,,,,0.0,,,,,,,,,,,,,,,,,,,
2.8508665040135384,0.0,0.0,0.0,0.0,0.0,46.86402380466461,0.0,0.0,0.0,0.0,0.0,0.0,1.5860220417380333,0.0,0.0,7.206914573907852,5.506215617060661,0.0,9.499470889568327,,,,,,,,,,,,,,,,,,,
0.0,0.0,0.0,0.0,0.0,0.0,0.0,0.0,0.0,0.0,0.0,0.0,0.0,0.0,0.0,0.0,0.0,0.0,0.0,0.0,,,,,,,,,,,,,,,,,,,
0.0,0.0,0.0,0.0,7.908777892589568,0.0,0.0,0.0,0.0,0.0,19.45626735687256,0.0,5.545695871114732,0.0,28.636297583580017,11.386529356241224,3.891370818018913,0.0,0.0,0.0,,,,,,,,,,,,,,,,,,,
18.681584298610687,0.0,0.0,7.9707108438014975,66.73293709754944,5.464109405875206,0.0,0.0,0.0,0.0,0.0,0.0,0.0,0.0,6.555917859077454,8.505571633577349,5.982625484466553,0.0,13.738794624805449,0.0,,,,,,,,,,,,,,,,,,,
0.0,0.0,0.0,0.0,0.0,0.0,0.0,0.0,0.0,78.10890674591064,9.323979914188383,0.0,76.11688375473021,0.0,8.670390397310259,152.23376750946042,29.209232330322266,0.0,152.23376750946042,0.0,,,,,,,,,,,,,,,,,,,
0.0,0.0,0.0,0.0,0.0,0.0,0.0,0.0,33.108261227607734,0.0,43.99018883705139,0.0,0.0,0.0,0.0,0.0,0.0,0.0,0.0,0.0,,,,,,,,,,,,,,,,,,,
3.8087841123342514,8.116143196821213,6.550288200378418,38.38825523853303,57.50975012779236,5.8520521968603125,0.0,8.104509860277176,2.367019094526768,0.0,0.0,0.0,0.0,0.0,0.0,0.0,0.0,0.0,0.0,1.9836746156215668,,,,,,,,,,,,,,,,,,,
0.0,0.0,0.0,0.0,0.0,0.0,0.0,0.0,0.0,0.0,0.0,0.0,0.0,0.0,0.0,0.0,0.0,0.0,0.0,0.0,,,,,,,,,,,,,,,,,,,
0.0,0.0,0.0,6.176329031586647,7.482492923736572,0.0,7.873493432998657,0.0,19.980648159980774,5.2836962044239035,14.467127621173859,25.94345211982727,13.324417173862455,0.0,2.993665635585785,1.9483385607600208,39.662793278694146,5.610394850373268,0.0,8.103975653648376,,,,,,,,,,,,,,,,,,,
0.0,0.0,0.0,0.0,0.0,0.0,0.0,0.0,0.0,0.0,0.0,0.0,0.0,0.0,0.0,0.0,0.0,0.0,0.0,0.0,,,,,,,,,,,,,,,,,,,
0.0,0.0,0.0,0.0,2.312243916094303,0.0,0.0,0.0,0.0,3.266502171754837,0.0,48.503994941711426,0.0,0.0,0.0,0.0,0.0,22.679547965526577,0.0,8.32054615020752,,,,,,,,,,,,,,,,,,,
0.0,11.08936369419098,0.0,4.384082928299904,0.0,0.0,0.0,0.0,9.242255985736849,78.1900942325592,0.0,12.69514411687851,29.55417335033417,22.833479940891266,30.73696792125702,0.0,19.716617465019226,0.0,0.0,0.0,,,,,,,,,,,,,,,,,,,
0.0,0.0,0.0,0.0,0.0,0.0,11.073022335767746,0.0,6.8164654076099405,9.430000185966492,0.0,0.0,13.401880860328676,4.58223819732666,8.64168033003807,10.136306285858154,11.54417172074318,0.0,0.0,0.0,,,,,,,,,,,,,,,,,,,
0.0,0.0,0.0,0.0,5.535116419196129,0.0,0.0,0.0,0.0,0.0,47.928985953330994,0.0,0.0,0.0,1.538027636706829,0.0,0.0,0.0,0.0,0.0,,,,,,,,,,,,,,,,,,,
12.857221066951752,0.0,0.0,0.0,45.04308998584747,8.104018121957777,138.9387488365173,5.144058167934418,0.0,0.0,0.0,0.0,41.03218615055084,0.0,0.0,1.2754753232002258,0.0,0.0,0.0,0.0,,,,,,,,,,,,,,,,,,,
0.0,0.0,0.0,0.0,0.0,0.0,58.42644572257996,6.9982096552848825,6.411569565534593,0.0,16.162177920341488,41.834202408790595,0.0,0.0,0.0,0.0,0.0,0.0,0.0,0.0,,,,,,,,,,,,,,,,,,,
0.0,0.0,0.0,0.0,0.0,0.0,0.0,0.0,0.0,0.0,0.0,0.0,0.0,0.0,0.0,0.0,0.0,0.0,0.0,0.0,,,,,,,,,,,,,,,,,,,
63.817012310028076,0.0,0.0,0.0,0.0,0.0,0.0,0.0,0.0,0.0,0.0,86.35908365249634,0.0,0.0,7.749653607606888,0.0,62.103062868118286,36.17724776268005,0.0,0.0,,,,,,,,,,,,,,,,,,,
14.675940573215485,17.363718152046207,11.425701528787613,0.0,16.335272789001465,0.0,9.106490015983582,0.0,151.77257061004642,0.0,0.0,7.619538903236389,0.0,49.284017086029046,15.322847664356232,36.61978542804718,99.44225549697876,9.421794116497038,31.407153606414795,12.269233167171476,,,,,,,,,,,,,,,,,,,
0.0,0.0,0.0,0.0,0.0,0.0,0.0,0.0,0.0,0.0,0.0,0.0,0.0,0.0,0.0,0.0,0.0,0.0,0.0,0.0,,,,,,,,,,,,,,,,,,,
0.0,0.0,0.0,4.703328385949135,0.0,0.0,9.619707614183426,0.0,33.25222730636597,0.0,45.29899060726166,19.42871958017349,42.171850800514214,0.0,0.0,0.0,0.0,0.0,68.13462376594542,11.126944422721863,,,,,,,,,,,,,,,,,,,
0.0,106.76684379577637,12.300416082143785,7.713908702135086,20.37141025066376,0.0,0.0,0.0,17.19396412372589,47.182250022888184,88.41251730918884,4.654022678732872,0.0,6.572725623846054,18.15705150365829,49.194908142089844,0.0,0.0,0.0,0.0,,,,,,,,,,,,,,,,,,,
0.0,48.20567965507507,0.0,0.0,0.0,0.0,0.0,0.0,30.364423990249637,17.22130924463272,15.779645740985869,10.499846190214155,13.377845287322998,0.0,2.592204324901104,3.543131425976753,41.55801236629486,0.0,5.0480056554079065,0.0,,,,,,,,,,,,,,,,,,,
0.0,0.0,0.0,0.0,0.0,0.0,0.0,0.0,0.0,0.0,0.0,0.0,0.0,0.0,0.0,0.0,0.0,0.0,0.0,0.0,,,,,,,,,,,,,,,,,,,
0.0,0.0,0.0,0.0,0.0,0.0,0.0,0.0,0.0,0.0,0.0,0.0,0.0,0.0,0.0,0.0,0.0,0.0,0.0,0.0,,,,,,,,,,,,,,,,,,,
2.0171608775854106,0.0,0.0,0.0,0.0,0.0,56.33523464202881,0.0,0.0,0.0,0.0,1.1359030380845072,0.0,0.0,0.0,0.0,0.0,0.0,0.0,1.596289500594139,,,,,,,,,,,,,,,,,,,
0.0,172.59033918380737,27.087444067001343,53.10221910476685,31.10382556915283,0.0,79.81601357460022,4.578804969787598,0.0,0.0,0.0,0.0,0.0,0.0,5.454301461577416,0.0,0.0,0.0,12.28715032339096,23.445692658424374,,,,,,,,,,,,,,,,,,,
0.0,0.0,0.0,0.0,0.0,0.0,0.0,0.0,0.0,0.0,0.0,0.0,0.0,0.0,0.0,0.0,0.0,0.0,0.0,0.0,,,,,,,,,,,,,,,,,,,
,,,0.0,0.0,0.0,0.0,0.0,0.0,0.0,0.0,0.0,0.0,6.304872781038284,0.0,0.0,0.0,0.0,0.0,0.0,,,,,,,,,,,,,,,,,,,
,,,,0.0,0.0,0.0,0.0,0.0,0.0,0.0,0.0,0.0,0.0,0.0,0.0,0.0,0.0,0.0,0.0,,,,,,,,,,,,,,,,,,,
0.0,32.2656512260437,74.09828901290894,153.48175764083862,0.0,3.54081429541111,22.71469682455063,9.241808205842974,1.6939504072070122,46.98350727558136,90.90620279312134,10.382772982120514,0.0,18.599078059196472,1.5060000121593475,75.86882710456848,0.0,,0.0,0.0,0.0,,,,,,,,,,,,,,,,,,
0.0,0.0,0.0,0.0,0.0,0.0,0.0,0.0,0.0,0.0,0.0,0.0,0.0,0.0,0.0,0.0,0.0,,0.0,0.0,0.0,,,,,,,,,,,,,,,,,,
0.0,0.0,0.0,0.0,0.0,0.0,0.0,0.0,0.0,0.0,0.0,0.0,0.0,0.0,1.7302835360169408,55.69242238998413,9.590849280357359,,1.8957775086164477,0.0,0.0,,,,,,,,,,,,,,,,,,
0.0,4.397447034716607,1.2827007099986076,3.0794924125075336,2.0279610529541965,0.0,0.0,0.0,8.22087824344635,2.791801653802395,0.0,0.0,0.0,0.0,0.0,0.0,0.0,,0.0,0.0,0.0,,,,,,,,,,,,,,,,,,
3.642881289124489,11.084682494401932,3.863077610731125,4.655187949538232,17.469489574432373,0.0,0.0,11.77254393696785,194.81359720230103,4.3114326894283295,15.499378740787506,92.51444935798644,21.763768792152405,31.847918033599854,16.3862943649292,12.233270704746245,0.0,,0.0,0.0,30.07876873016357,,,,,,,,,,,,,,,,,,
0.0,0.0,0.0,6.3974395394325265,0.0,0.0,0.0,0.0,0.0,0.0,1.5888953581452367,0.0,0.0,0.0,1.7153706401586533,1.2271502055227757,0.0,,0.0,0.0,0.0,,,,,,,,,,,,,,,,,,
0.0,0.0,0.0,0.0,0.0,0.0,0.0,0.0,0.0,0.0,0.0,0.0,0.0,0.0,0.0,0.0,0.0,,0.0,0.0,0.0,,,,,,,,,,,,,,,,,,
0.0,0.0,0.0,0.0,0.0,6.279881298542023,0.0,0.0,1.5097249299287796,0.0,0.0,10.0531205534935,0.0,0.0,0.0,0.0,0.0,,0.0,0.0,6.878795474767685,,,,,,,,,,,,,,,,,,
2.9565202072262764,5.2033696323633185,3.7150789052247997,12.012436985969545,21.51923775672913,42.12728142738342,3.4457333385944366,7.457071542739867,0.0,12.027565389871596,9.768666326999664,3.591146692633629,1.0279955342411995,10.398974269628523,29.246771335601807,35.034778714179986,32.70603716373444,,15.93664437532425,0.0,11.548464000225069,,,,,,,,,,,,,,,,,,
13.71941864490509,0.0,3.466406464576721,86.6058349609375,5.013472959399222,79.03732657432556,11.502152681350708,0.0,8.071964234113691,31.449168920516968,85.52005887031554,18.8618004322052,9.980724006891249,6.991267204284668,1.4746183529496193,3.849126398563385,13.16303014755249,,0.0,0.0,0.0,,,,,,,,,,,,,,,,,,
11.85123547911644,0.0,0.0,0.0,0.0,0.0,18.6566561460495,0.0,1.9617527723312376,1.265471987426281,0.0,0.0,0.0,3.1472578644752502,0.0,0.0,0.0,,0.0,39.429065585136414,65.24454951286316,,,,,,,,,,,,,,,,,,
0.0,0.0,0.0,0.0,0.0,0.0,0.0,0.0,0.0,0.0,0.0,0.0,0.0,0.0,0.0,0.0,0.0,,0.0,0.0,0.0,,,,,,,,,,,,,,,,,,
0.0,0.0,0.0,0.0,0.0,0.0,0.0,0.0,0.0,0.0,0.0,0.0,0.0,0.0,0.0,0.0,0.0,,0.0,0.0,0.0,,,,,,,,,,,,,,,,,,
0.0,0.0,0.0,0.0,0.0,0.0,0.0,0.0,0.0,0.0,0.0,0.0,0.0,0.0,0.0,0.0,0.0,,0.0,0.0,0.0,,,,,,,,,,,,,,,,,,
0.0,0.0,0.0,0.0,0.0,0.0,0.0,0.0,0.0,0.0,0.0,0.0,0.0,0.0,0.0,0.0,0.0,,0.0,77.80460119247438,16.020096838474277,,,,,,,,,,,,,,,,,,
0.0,0.0,0.0,0.0,0.0,0.0,0.0,0.0,0.0,0.0,0.0,0.0,0.0,0.0,0.0,0.0,0.0,,0.0,0.0,0.0,,,,,,,,,,,,,,,,,,
0.0,0.0,0.0,0.0,0.0,0.0,0.0,0.0,0.0,0.0,0.0,0.0,0.0,0.0,0.0,0.0,0.0,,0.0,0.0,0.0,,,,,,,,,,,,,,,,,,
0.0,0.0,0.0,0.0,0.0,0.0,0.0,0.0,0.0,0.0,0.0,0.0,0.0,0.0,0.0,0.0,0.0,,0.0,0.0,8.2757368683815,,,,,,,,,,,,,,,,,,
0.0,0.0,0.0,0.0,0.0,0.0,0.0,0.0,0.0,0.0,0.0,0.0,0.0,0.0,0.0,0.0,0.0,,0.0,0.0,1.8229471519589424,,,,,,,,,,,,,,,,,,
0.0,0.0,0.0,0.0,0.0,0.0,24.471518397331238,0.0,0.0,0.0,0.0,5.333206430077553,0.0,0.0,0.0,0.0,0.0,,0.0,0.0,5.0225984305143365,,,,,,,,,,,,,,,,,,
0.0,1.4948906376957891,0.0,2.120582200586796,8.223071694374084,0.0,6.66743665933609,0.0,0.0,0.0,0.0,2.4691466242074966,0.0,0.0,0.0,0.0,7.3152147233486176,,0.0,1.4099787920713425,0.0,,,,,,,,,,,,,,,,,,
0.0,0.0,81.2322974205017,0.0,0.0,0.0,0.0,1.1217375285923479,2.8945036232471466,6.200161203742027,0.0,23.5651433467865,57.14353322982788,0.0,0.0,2.507254853844642,0.0,,0.0,5.568796768784523,0.0,,,,,,,,,,,,,,,,,,
0.0,6.1852455139160165,0.0,0.0,0.0,0.0,0.0,0.0,0.0,0.0,0.0,11.960192024707794,0.0,0.0,0.0,0.0,0.0,,0.0,1.6318235546350481,0.0,,,,,,,,,,,,,,,,,,
0.0,0.0,0.0,0.0,0.0,0.0,0.0,0.0,0.0,0.0,0.0,0.0,0.0,0.0,0.0,0.0,0.0,,0.0,0.0,0.0,,,,,,,,,,,,,,,,,,
0.0,0.0,0.0,0.0,0.0,0.0,0.0,0.0,0.0,0.0,0.0,0.0,0.0,0.0,0.0,0.0,0.0,,0.0,0.0,0.0,,,,,,,,,,,,,,,,,,
0.0,0.0,0.0,0.0,0.0,0.0,0.0,0.0,0.0,0.0,0.0,0.0,0.0,0.0,0.0,0.0,0.0,,0.0,0.0,0.0,,,,,,,,,,,,,,,,,,
0.0,0.0,0.0,0.0,0.0,0.0,0.0,0.0,0.0,0.0,0.0,0.0,0.0,0.0,0.0,0.0,0.0,,0.0,0.0,0.0,,,,,,,,,,,,,,,,,,
0.0,0.0,0.0,0.0,0.0,0.0,0.0,0.0,0.0,0.0,0.0,0.0,0.0,0.0,0.0,0.0,0.0,,0.0,0.0,0.0,,,,,,,,,,,,,,,,,,
,0.0,0.0,0.0,0.0,0.0,0.0,0.0,0.0,0.0,0.0,0.0,0.0,0.0,0.0,0.0,0.0,,0.0,0.0,0.0,,,,,,,,,,,,,,,,,,
,,,62.13198900222778,10.16359031200409,5.851135030388832,30.760204792022705,19.63071823120117,6.702999025583267,0.0,61.8776023387909,0.0,6.296833604574204,0.0,0.0,23.451271653175354,96.71142697334291,,0.0,116.24749898910522,124.73094463348387,,,,,,,,,,,,,,,,,,
0.0,0.0,0.0,0.0,0.0,0.0,0.0,0.0,0.0,1.3397790491580963,0.0,0.0,0.0,0.0,0.0,0.0,0.0,,,,,,,,,,,,,,,,,,,,,,
0.0,0.0,0.0,0.0,0.0,0.0,0.0,0.0,0.0,0.0,0.0,0.0,0.0,0.0,0.0,0.0,0.0,,,,,,,,,,,,,,,,,,,,,,
0.0,1.627475954592228,0.0,0.0,0.0,0.0,0.0,3.678005561232567,0.0,4.173746332526207,0.0,9.933843463659288,0.0,0.0,0.0,0.0,0.0,,,,,,,,,,,,,,,,,,,,,,
0.0,0.0,0.0,0.0,0.0,0.0,0.0,0.0,0.0,0.0,0.0,0.0,0.0,0.0,0.0,0.0,0.0,,,,,,,,,,,,,,,,,,,,,,
0.0,0.0,0.0,0.0,0.0,0.0,0.0,0.0,0.0,0.0,0.0,0.0,0.0,0.0,0.0,0.0,0.0,,,,,,,,,,,,,,,,,,,,,,
10.541705787181852,0.0,1.5701955184340477,5.966868251562119,0.0,0.0,0.0,0.0,11.875826120376587,0.0,0.0,0.0,6.3769467175006875,0.0,0.0,0.0,0.0,,,,,,,,,,,,,,,,,,,,,,
7.966297119855881,2.276045456528664,0.0,29.914215207099915,19.783973693847656,1.5315115451812744,9.32297557592392,0.0,9.741781651973724,1.5294748358428478,1.9457407295703888,0.0,1.0935936123132706,0.0,4.500075057148933,0.0,0.0,,,,,,,,,,,,,,,,,,,,,,
0.0,0.0,0.0,0.0,0.0,0.0,0.0,0.0,0.0,0.0,0.0,0.0,0.0,0.0,0.0,0.0,0.0,,,,,,,,,,,,,,,,,,,,,,
3.4891288727521896,0.0,0.0,0.0,0.0,0.0,0.0,0.0,8.022235333919525,0.0,0.0,0.0,0.0,0.0,0.0,0.0,0.0,,,,,,,,,,,,,,,,,,,,,,
0.0,0.0,7.524483650922775,59.34218168258667,4.83526848256588,0.0,0.0,0.0,0.0,0.0,0.0,0.0,0.0,0.0,4.594667628407478,10.482744127511976,1.4555222354829311,,,,,,,,,,,,,,,,,,,,,,
6.2716007232666025,4.854852706193924,18.02261471748352,9.052053093910217,0.0,50.65026879310608,11.694014817476273,9.580928087234495,0.0,0.0,0.0,0.0,16.613218188285828,9.21044945716858,15.965959429740904,9.019269049167633,0.0,,,,,,,,,,,,,,,,,,,,,,
55.16142249107361,9.071596711874008,7.340559363365173,0.0,8.710421621799469,1.7053185030817986,0.0,21.454314887523648,0.0,6.552407145500183,0.0,0.0,11.252804100513456,0.0,33.383509516715996,0.0,0.0,,,,,,,,,,,,,,,,,,,,,,
0.0,0.0,0.0,2.1611135452985764,0.0,0.0,2.1424854174256325,0.0,0.0,0.0,0.0,0.0,0.0,0.0,0.0,0.0,0.0,,,,,,,,,,,,,,,,,,,,,,
0.0,0.0,0.0,0.0,1.3024551793932917,3.111062385141849,0.0,0.0,87.17240691184998,0.0,9.098832309246065,0.0,0.0,0.0,0.0,0.0,0.0,,,,,,,,,,,,,,,,,,,,,,
100.04013776779176,132.13238716125488,84.07669663429259,0.0,0.0,0.0,0.0,0.0,0.0,0.0,0.0,0.0,0.0,0.0,0.0,0.0,0.0,,,,,,,,,,,,,,,,,,,,,,
0.0,0.0,0.0,0.0,0.0,0.0,0.0,0.0,0.0,47.44952917098999,0.0,0.0,0.0,0.0,0.0,0.0,0.0,,,,,,,,,,,,,,,,,,,,,,
0.0,0.0,0.0,1.174036227166653,0.0,77.28487849235535,0.0,15.598182380199432,0.0,6.793244928121568,1.6955317929387093,0.0,0.0,0.0,0.0,1.0665467940270899,1.954052038490772,,,,,,,,,,,,,,,,,,,,,,
55.393058061599724,24.576087296009067,14.027832448482512,1.3893014751374722,0.0,0.0,0.0,0.0,23.54556769132614,66.39224290847778,4.2455118149518976,0.0,0.0,4.431254789233209,30.830156803131104,0.0,0.0,,,,,,,,,,,,,,,,,,,,,,
0.0,0.0,0.0,0.0,0.0,0.0,0.0,0.0,0.0,0.0,0.0,0.0,0.0,0.0,0.0,0.0,0.0,,,,,,,,,,,,,,,,,,,,,,
0.0,0.0,0.0,0.0,0.0,0.0,0.0,0.0,0.0,0.0,0.0,0.0,0.0,0.0,0.0,0.0,0.0,,,,,,,,,,,,,,,,,,,,,,
0.0,1.887747272849083,3.685860708355904,8.543650060892105,5.7630401104688636,86.93543076515198,75.83423852920531,0.0,9.571044892072678,0.0,0.0,5.866016075015067,0.0,8.320274949073793,0.0,8.255056291818619,0.0,,,,,,,,,,,,,,,,,,,,,,
0.0,9.287057071924211,18.619346618652344,62.84223198890686,17.691491544246677,6.619410961866379,12.399405986070633,8.9155375957489,0.0,30.5967390537262,35.61620414257049,4.128606989979743,2.221895568072796,29.264360666275024,10.828737169504166,10.448331385850906,0.0,,,,,,,,,,,,,,,,,,,,,,
0.0,0.0,0.0,0.0,0.0,0.0,0.0,0.0,0.0,0.0,0.0,0.0,0.0,0.0,0.0,0.0,1.922847330570221,,,,,,,,,,,,,,,,,,,,,,
0.0,0.0,0.0,0.0,0.0,0.0,0.0,0.0,32.698917388916016,5.0050485879182816,7.71275982260704,6.760924309492111,5.330641567707062,0.0,7.680100947618484,30.71659207344055,1.2300534173846245,,,,,,,,,,,,,,,,,,,,,,
0.0,0.0,0.0,0.0,0.0,0.0,0.0,0.0,0.0,0.0,0.0,0.0,0.0,0.0,0.0,0.0,0.0,,,,,,,,,,,,,,,,,,,,,,
0.0,0.0,0.0,0.0,0.0,0.0,0.0,0.0,0.0,0.0,0.0,0.0,0.0,0.0,0.0,0.0,56.19036555290222,,,,,,,,,,,,,,,,,,,,,,
0.0,0.0,0.0,0.0,0.0,0.0,0.0,0.0,0.0,0.0,0.0,0.0,0.0,0.0,0.0,0.0,0.0,,,,,,,,,,,,,,,,,,,,,,
,0.0,0.0,0.0,0.0,0.0,0.0,0.0,0.0,0.0,0.0,0.0,0.0,0.0,0.0,0.0,0.0,,,,,,,,,,,,,,,,,,,,,,
,,0.0,0.0,0.0,0.0,0.0,0.0,0.0,0.0,0.0,0.0,0.0,0.0,0.0,0.0,0.0,,,,,,,,,,,,,,,,,,,,,,
,,0.0,0.0,0.0,0.0,0.0,0.0,0.0,0.0,0.0,0.0,0.0,0.0,0.0,0.0,0.0,,,,,,,,,,,,,,,,,,,,,,
,,,0.0,17.416884005069733,0.0,20.817516744136807,26.40523314476013,1.4613238163292408,0.0,0.0,0.0,53.91843318939209,0.0,0.0,63.27471733093262,0.0,,,,,,,,,,,,,,,,,,,,,,
,,,,0.0,0.0,0.0,0.0,0.0,0.0,0.0,0.0,0.0,0.0,0.0,0.0,0.0,,,,,,,,,,,,,,,,,,,,,,
,,,,,0.0,0.0,0.0,0.0,0.0,0.0,0.0,0.0,0.0,0.0,0.0,0.0,,,,,,,,,,,,,,,,,,,,,,
,,,,,,0.0,0.0,0.0,0.0,0.0,0.0,0.0,0.0,0.0,0.0,0.0,,,,,,,,,,,,,,,,,,,,,,
,,,,,,,0.0,0.0,0.0,0.0,0.0,0.0,0.0,0.0,0.0,0.0,,,,,,,,,,,,,,,,,,,,,,
,,,,,,,,,0.0,0.0,0.0,0.0,0.0,0.0,0.0,0.0,,,,,,,,,,,,,,,,,,,,,,
,,,,,,,,,0.0,0.0,0.0,0.0,0.0,0.0,0.0,0.0,,,,,,,,,,,,,,,,,,,,,,
,,,,,,,,,,,0.0,0.0,0.0,0.0,0.0,0.0,,,,,,,,,,,,,,,,,,,,,,
0.0,0.0,0.0,0.0,0.0,0.0,0.0,0.0,0.0,0.0,0.0,0.0,0.0,0.0,0.0,0.0,,,0.0,0.0,,,,,,,,,,,,,,,,,,,
0.0,0.0,0.0,0.0,0.0,0.0,0.0,0.0,0.0,71.19822502136229,0.0,0.0,7.752900570631027,49.52886402606964,0.0,0.0,,,0.0,0.0,,,,,,,,,,,,,,,,,,,
0.0,0.0,5.95482662320137,0.0,0.0,0.0,0.0,0.0,0.0,0.0,0.0,0.0,0.0,0.0,0.0,0.0,,,35.521894693374634,0.0,,,,,,,,,,,,,,,,,,,
0.0,0.0,0.0,0.0,0.0,0.0,0.0,0.0,0.0,0.0,0.0,0.0,0.0,0.0,0.0,0.0,,,0.0,0.0,,,,,,,,,,,,,,,,,,,
0.0,0.0,0.0,0.0,0.0,0.0,0.0,0.0,0.0,0.0,0.0,0.0,0.0,0.0,0.0,0.0,,,0.0,0.0,,,,,,,,,,,,,,,,,,,
45.64254879951477,0.0,79.21110987663269,0.0,81.53802156448364,133.38868618011477,46.355637907981865,21.124872565269467,0.0,23.81221204996109,10.401964932680132,46.61714434623718,52.43070125579834,50.895196199417114,0.0,0.0,,,0.0,14.975531399250029,,,,,,,,,,,,,,,,,,,
0.0,0.0,0.0,0.0,0.0,0.0,0.0,0.0,0.0,0.0,0.0,0.0,0.0,0.0,0.0,0.0,,,0.0,0.0,,,,,,,,,,,,,,,,,,,
0.0,7.0219337940216064,0.0,0.0,0.0,0.0,0.0,17.049098014831547,0.0,0.0,0.0,0.0,0.0,0.0,0.0,0.0,,,0.0,0.0,,,,,,,,,,,,,,,,,,,
0.0,0.0,0.0,0.0,0.0,0.0,0.0,0.0,0.0,0.0,0.0,0.9849830530583858,0.0,0.0,0.0,0.0,,,0.0,0.0,,,,,,,,,,,,,,,,,,,
0.0,0.0,0.0,0.0,0.0,0.0,0.0,5.429930239915848,0.0,0.0,0.0,0.0,0.0,0.0,0.0,0.0,,,0.0,0.0,,,,,,,,,,,,,,,,,,,
1.7394647002220154,48.933351039886475,3.1780898571014404,0.0,11.706998944282534,16.30946397781372,1.4893267303705215,13.068370521068573,1.1261597275733948,3.637845069169998,46.158134937286384,0.0,0.0,0.0,0.0,124.00349378585815,,,0.0,0.0,,,,,,,,,,,,,,,,,,,
0.0,7.757028937339783,0.0,0.0,0.0,0.0,0.0,55.30489683151245,15.277647972106935,0.0,0.0,0.0,0.0,8.086352795362473,2.424439787864685,0.0,,,7.378431409597398,0.0,,,,,,,,,,,,,,,,,,,
0.0,2.0187433809041977,20.65040618181229,0.0,1.923309825360775,0.0,5.0258446484804145,9.850268810987473,58.34385752677918,14.750351011753082,0.0,2.3482918739318848,46.3774174451828,18.224442005157467,26.01187527179718,20.174013078212734,,,48.38320016860962,32.044264674186714,,,,,,,,,,,,,,,,,,,
8.418118208646773,0.0,8.259911090135574,8.871732652187347,0.0,12.902538478374481,30.1516056060791,17.15397983789444,2.739901654422283,2.4109529331326485,0.0,0.0,0.0,0.0,0.0,0.0,,,104.87500429153442,5.0582822412252435,,,,,,,,,,,,,,,,,,,
0.0,0.0,0.0,0.0,0.0,0.0,0.0,0.0,0.0,0.0,0.0,0.0,0.0,0.0,0.0,0.0,,,0.0,0.0,,,,,,,,,,,,,,,,,,,
11.008020490407944,0.0,10.117123275995256,3.5141315311193466,3.0487162992358208,35.80595254898071,16.548189520835873,0.0,0.0,78.32458019256592,7.525370270013808,0.0,35.33496856689453,8.479233086109161,14.901377260684967,2.2153856232762337,,,0.0,0.0,,,,,,,,,,,,,,,,,,,
0.0,0.0,0.0,9.37630459666252,0.0,2.5121884420514107,0.0,0.0,0.0,0.0,6.3985951244831085,0.0,12.954412400722505,6.315457820892334,0.0,4.138797149062157,,,0.0,0.0,,,,,,,,,,,,,,,,,,,
0.0,0.0,0.0,0.0,12.69272267818451,0.0,0.0,63.77675533294678,0.0,0.0,6.672297418117522,0.0,4.643929377198218,0.0,0.0,0.0,,,0.0,0.0,,,,,,,,,,,,,,,,,,,
0.0,0.0,0.0,0.0,0.0,0.0,0.0,0.0,0.0,0.0,0.0,0.0,0.0,0.0,0.0,0.0,,,0.0,0.0,,,,,,,,,,,,,,,,,,,
0.0,0.0,0.0,0.0,0.0,0.0,0.0,0.0,0.0,7.394012063741684,0.0,0.0,0.0,0.0,3.4470275044441223,0.0,,,0.0,0.0,,,,,,,,,,,,,,,,,,,
0.0,0.0,0.0,0.0,0.0,0.0,0.0,0.0,0.0,0.0,0.0,0.0,0.0,0.0,0.0,0.0,,,0.0,0.0,,,,,,,,,,,,,,,,,,,
0.0,0.0,0.0,3.875558450818062,0.0,0.0,0.0,0.0,0.0,0.0,0.0,0.0,0.0,0.0,0.0,0.0,,,0.0,0.0,,,,,,,,,,,,,,,,,,,
0.0,0.0,0.0,0.0,0.0,0.0,0.0,103.73367071151732,18.366964161396027,0.0,0.0,0.0,0.0,0.0,10.274445265531538,55.23958802223206,,,0.0,0.0,,,,,,,,,,,,,,,,,,,
0.0,0.0,0.0,0.0,3.2262433320283885,10.810493677854538,0.0,0.0,4.39927540719509,0.0,2.3728866130113597,0.0,0.0,0.0,0.0,0.0,,,0.0,2.1818777546286583,,,,,,,,,,,,,,,,,,,
0.0,0.0,0.0,0.0,0.0,0.0,0.0,0.0,0.0,0.0,0.0,0.0,0.0,0.0,0.0,0.0,,,0.0,0.0,,,,,,,,,,,,,,,,,,,
0.0,0.0,0.0,0.0,0.0,0.0,0.0,0.0,0.0,0.0,0.0,0.0,0.0,4.8643533140420905,41.20219051837921,0.0,,,4.972796514630319,0.0,,,,,,,,,,,,,,,,,,,
,,0.0,0.0,0.0,0.0,0.0,0.0,0.0,0.0,0.0,0.0,0.0,0.0,0.0,0.0,,,0.0,0.0,,,,,,,,,,,,,,,,,,,
,,,54.37225103378296,11.236593127250671,4.503186792135238,4.7511521726846695,0.0,0.0,4.171768948435783,0.0,0.0,82.33782649040222,0.0,0.0,0.0,,,43.633335828781135,7.32920840382576,,,,,,,,,,,,,,,,,,,
,,,,,,,,,,,,,,0.0,0.0,,,0.0,0.0,,,,,,,,,,,,,,,,,,,
,,,,,,,,,,,,,,,0.0,,,0.0,0.0,,,,,,,,,,,,,,,,,,,
,,,,,,,,,,,,,,,0.0,,,0.0,0.0,,,,,,,,,,,,,,,,,,,
,,,,,,,,,,,,,,,0.0,,,0.0,0.0,,,,,,,,,,,,,,,,,,,
0.0,0.0,0.0,0.0,0.0,0.0,0.0,0.0,0.0,0.0,0.0,0.0,0.0,0.0,0.0,0.0,0.0,0.0,,,,,,,,,,,,,,,,,,,,,
0.0,0.0,0.0,0.0,0.0,0.0,0.0,0.0,0.0,0.0,0.0,0.0,0.0,0.0,0.0,0.0,0.0,0.0,,,,,,,,,,,,,,,,,,,,,
0.0,2.535104379057884,2.8174122795462613,0.0,0.0,0.0,0.0,0.0,9.016018360853195,0.0,0.0,0.0,0.0,3.4307174384593964,0.0,0.0,0.0,0.0,,,,,,,,,,,,,,,,,,,,,
5.2908867597579965,2.3407299071550374,0.0,7.212793081998825,0.0,0.0,0.0,0.0,0.0,0.0,0.0,0.0,0.0,0.0,15.90326875448227,0.0,0.0,0.0,,,,,,,,,,,,,,,,,,,,,
5.851862952113152,39.469850063323975,0.0,0.0,22.328656911849976,50.82746148109436,8.584406226873398,0.0,2.933695912361145,0.0,0.0,0.0,0.0,0.0,7.232288271188736,7.457595318555832,1.3558069244027138,0.0,,,,,,,,,,,,,,,,,,,,,
0.0,0.0,0.0,9.511064738035204,16.091535985469818,17.548821866512302,4.473711922764778,0.0,86.25296354293823,6.107166409492493,37.963917851448066,0.0,2.1249432116746902,73.92980456352235,0.0,0.0,0.0,0.0,,,,,,,,,,,,,,,,,,,,,
0.0,0.0,1.4998146332800388,0.0,0.0,17.067401111125946,34.273180365562446,0.0,2.7935024350881577,6.110978499054909,0.0,1.809664070606232,1.2604124844074251,5.738594383001328,2.3475104942917824,0.0,3.872127830982208,0.0,,,,,,,,,,,,,,,,,,,,,
10.462424904108046,30.22449910640717,98.25342893600464,19.39219236373901,26.318734884262085,0.0,0.0,0.0,0.0,0.0,0.0,0.0,0.0,0.0,57.19913840293884,0.0,0.0,0.0,,,,,,,,,,,,,,,,,,,,,
0.0,0.0,0.0,0.0,0.0,0.0,53.84880304336548,0.0,6.517256796360017,3.8902837783098216,0.0,0.0,0.0,0.0,0.0,0.0,0.0,0.0,,,,,,,,,,,,,,,,,,,,,
0.0,1.9924186170101168,8.752080053091051,0.0,3.9582476019859314,2.5538664311170582,0.0,0.0,0.0,0.0,36.59019768238068,6.490050256252289,0.0,6.103616952896117,2.118157409131527,0.0,0.0,0.0,,,,,,,,,,,,,,,,,,,,,
1.8221013247966769,0.0,0.0,0.0,0.0,0.0,0.0,0.0,0.0,0.0,0.0,0.0,0.0,0.0,0.0,0.0,0.0,0.0,,,,,,,,,,,,,,,,,,,,,
1.1944416910409927,0.0,0.0,21.434280276298523,0.0,0.0,12.174123525619507,1.1069390922784803,8.022599667310715,0.0,0.0,0.0,55.80734610557556,2.6885798200964928,61.521822214126594,4.800758138298988,2.903205528855324,11.651508510112762,,,,,,,,,,,,,,,,,,,,,
0.0,0.0,0.0,0.0,0.0,0.0,0.0,0.0,0.0,0.0,0.0,0.0,0.0,0.0,0.0,0.0,0.0,0.0,,,,,,,,,,,,,,,,,,,,,
0.0,0.0,0.0,0.0,0.0,0.0,0.0,0.0,0.0,0.0,0.0,0.0,0.0,0.0,0.0,0.0,0.0,0.0,,,,,,,,,,,,,,,,,,,,,
30.42939007282257,17.608767747879032,33.477920293807976,0.0,29.49138879776001,12.343985587358475,32.701802253723145,0.0,5.96444234251976,40.07765352725983,13.44979852437973,0.0,3.8542561233043666,77.72500514984131,1.90977081656456,94.46538090705872,0.0,91.13263487815857,,,,,,,,,,,,,,,,,,,,,
0.0,0.0,8.801968395709993,0.0,0.0,0.0,2.3439768701791763,0.0,0.0,0.0,0.0,0.0,0.0,0.0,0.0,0.0,0.0,0.0,,,,,,,,,,,,,,,,,,,,,
0.0,1.1502825655043123,0.0,0.0,0.0,0.0,0.0,0.0,0.0,0.0,0.0,4.757697135210037,0.0,0.0,0.0,0.0,0.0,0.0,,,,,,,,,,,,,,,,,,,,,
0.0,0.0,0.0,0.0,0.0,0.0,0.0,0.0,0.0,0.0,0.0,0.0,0.0,0.0,0.0,0.0,0.0,0.0,,,,,,,,,,,,,,,,,,,,,
1.7830526456236842,1.5256781131029131,2.7924977242946625,0.0,0.0,10.165657103061676,0.0,8.982097357511519,3.6577828228473663,7.312548160552978,95.3314483165741,0.0,5.575476586818695,0.0,0.0,7.07026869058609,12.188230454921722,0.0,,,,,,,,,,,,,,,,,,,,,
22.504566609859467,0.0,3.5726733505725865,0.0,14.714431762695312,9.87791270017624,9.351270645856856,34.52825248241425,0.0,53.35612297058106,24.18184727430344,96.00210189819336,13.53435516357422,15.489989519119264,0.0,0.0,0.0,0.0,,,,,,,,,,,,,,,,,,,,,
0.0,0.0,0.0,7.701108604669571,33.629870414733894,0.0,0.0,0.0,0.0,0.0,0.0,11.168469488620758,0.0,0.0,0.0,6.751842051744461,0.0,0.0,,,,,,,,,,,,,,,,,,,,,
0.0,0.0,0.0,0.0,0.0,0.0,0.0,0.0,0.0,0.0,0.0,0.0,0.0,0.0,0.0,0.0,0.0,0.0,,,,,,,,,,,,,,,,,,,,,
0.0,0.0,0.0,0.0,0.0,0.0,0.0,0.0,0.0,0.0,0.0,0.0,0.0,0.0,0.0,0.0,0.0,0.0,,,,,,,,,,,,,,,,,,,,,
0.0,0.0,0.0,0.0,0.0,0.0,0.0,0.0,3.6154132336378098,0.0,0.0,0.0,0.0,0.0,0.0,0.0,0.0,28.62370908260345,,,,,,,,,,,,,,,,,,,,,
0.0,0.0,0.0,0.0,0.0,0.0,0.0,0.0,0.0,0.0,0.0,3.035900741815567,4.918615147471428,13.18250298500061,0.0,0.0,2.4304021149873734,0.0,,,,,,,,,,,,,,,,,,,,,
,0.0,0.0,0.0,0.0,0.0,0.0,0.0,0.0,0.0,0.0,0.0,0.0,0.0,0.0,0.0,0.0,0.0,,,,,,,,,,,,,,,,,,,,,
,0.0,0.0,0.0,0.0,0.0,0.0,0.0,0.0,0.0,0.0,0.0,0.0,0.0,0.0,0.0,0.0,0.0,,,,,,,,,,,,,,,,,,,,,
,,0.0,0.0,0.0,0.0,0.0,0.0,0.0,0.0,0.0,0.0,0.0,0.0,0.0,0.0,0.0,0.0,,,,,,,,,,,,,,,,,,,,,
,,0.0,0.0,0.0,0.0,0.0,0.0,42.53960251808167,0.0,0.0,23.58747571706772,0.0,0.0,0.0,52.55548357963562,0.0,0.0,,,,,,,,,,,,,,,,,,,,,
,,,,0.0,0.0,0.0,0.0,0.0,0.0,0.0,0.0,0.0,0.0,0.0,0.0,0.0,0.0,,,,,,,,,,,,,,,,,,,,,
,,,,0.0,0.0,0.0,0.0,0.0,0.0,0.0,0.0,0.0,0.0,0.0,0.0,0.0,0.0,,,,,,,,,,,,,,,,,,,,,
,,,,,0.0,0.0,0.0,0.0,0.0,0.0,0.0,0.0,0.0,0.0,0.0,0.0,0.0,,,,,,,,,,,,,,,,,,,,,
,,,,,,,,,,0.0,0.0,0.0,0.0,0.0,0.0,0.0,0.0,,,,,,,,,,,,,,,,,,,,,
,,,,,,,,,,,0.0,0.0,0.0,0.0,0.0,0.0,0.0,,,,,,,,,,,,,,,,,,,,,
,,,,,,,,,,,,,,,,,0.0,,,,,,,,,,,,,,,,,,,,,
,,,,,,,,,,,,,,,,,0.0,,,,,,,,,,,,,,,,,,,,,
0.0,0.0,0.0,0.0,4.77878525853157,0.0,0.0,10.91608926653862,0.0,0.0,0.0,0.0,2.2853722795844083,0.0,0.0,0.0,0.0,6.187926605343819,,0.0,,,,,,,,,,,,,,,,,,,
0.0,0.7873622700572014,31.458276510238647,6.626328825950623,7.9922400414943695,0.0,0.0,0.0,2.116600424051285,7.859685271978378,1.5761904418468475,0.0,4.113181307911873,7.396237552165985,0.0,0.0,11.025751382112503,0.0,,6.1362374573946,,,,,,,,,,,,,,,,,,,
0.0,0.0,0.0,0.0,0.0,0.0,0.0,0.0,0.0,0.0,0.0,0.0,0.0,0.0,0.0,0.0,0.0,0.0,,0.0,,,,,,,,,,,,,,,,,,,
6.3603460788726816,18.82030069828033,17.650291323661804,1.3845205307006836,0.0,5.158761143684386,0.0,1.263571623712778,0.0,0.0,0.0,0.0,0.0,7.9671844840049735,1.0460768826305866,4.9511026591062555,1.0842347517609596,1.3420050032436848,,10.921529680490494,,,,,,,,,,,,,,,,,,,
0.0,3.3081188797950745,0.0,4.514962434768677,43.88931691646576,0.0,0.0,0.0,0.0,0.0,6.188836693763733,15.883614122867586,5.333472043275833,3.8887243717908864,42.341598868370056,2.647866308689117,0.0,0.0,,0.0,,,,,,,,,,,,,,,,,,,
0.0,0.0,0.0,0.0,0.0,0.0,0.0,0.0,0.0,0.0,0.0,0.0,0.0,0.0,0.0,0.0,0.0,0.0,,0.0,,,,,,,,,,,,,,,,,,,
3.007728420197964,0.0,0.0,0.0,0.0,0.0,0.0,0.0,2.2110000252723694,6.604136526584625,1.7595121636986732,16.238005459308624,10.571341216564177,0.0,0.0,1.975308358669281,2.0080119371414185,0.0,,0.0,,,,,,,,,,,,,,,,,,,
42.41603016853333,8.83711725473404,0.0,0.0,0.0,0.0,0.0,216.17026329040527,24.32184219360352,64.33701515197754,0.0,0.0,0.0,0.0,0.0,0.0,9.017791599035265,0.0,,0.0,,,,,,,,,,,,,,,,,,,
4.744936898350716,17.865127325057983,5.314197018742561,10.418197512626648,2.7310265228152275,2.5750352069735527,0.0,0.0,0.0,0.0,2.1448556333780293,12.324927747249605,5.944373086094856,5.0524864345788965,0.0,28.60882580280304,0.0,0.0,,2.196483872830868,,,,,,,,,,,,,,,,,,,
14.730769395828247,115.13721942901613,21.921250224113464,199.95687007904053,59.98575091362,5.353734269738197,33.443358540534966,80.21625280380248,10.829611122608183,43.60870122909546,80.8359920978546,46.57734930515289,11.68358400464058,65.29433727264404,41.25929176807404,24.392986297607425,48.024782538414,7.061760127544402,,60.72783470153809,,,,,,,,,,,,,,,,,,,
0.0,0.0,0.0,0.0,0.0,0.0,0.0,0.0,0.0,0.0,0.0,0.0,0.0,0.0,0.0,0.0,0.0,0.0,,0.0,,,,,,,,,,,,,,,,,,,
0.0,0.0,3.32135446369648,27.42614448070526,11.903832852840425,0.0,29.954251646995548,0.0,0.0,0.0,0.0,0.0,0.0,0.0,0.0,0.0,0.0,0.0,,0.0,,,,,,,,,,,,,,,,,,,
23.91340434551239,35.065856575965874,92.39998459815979,127.21673250198364,75.08842945098877,106.99002742767334,24.33065623044968,40.20154476165772,224.57597255706787,15.418250858783722,15.524822473526001,111.90840005874634,21.879640221595764,158.4902763366699,11.04414090514183,102.33900547027588,86.45061254501344,9.840271621942518,,192.29819774627688,,,,,,,,,,,,,,,,,,,
0.0,0.0,1.5082091093063354,0.0,0.0,3.6547794938087454,0.0,0.0,0.0,0.0,0.0,0.0,0.0,0.0,0.0,1.3147027231752872,0.0,92.77980923652649,,0.0,,,,,,,,,,,,,,,,,,,
0.0,0.0,0.0,0.0,0.0,0.0,0.0,0.0,0.0,0.0,9.603939205408095,0.0,0.0,0.0,70.17771601676941,0.0,0.0,0.0,,0.0,,,,,,,,,,,,,,,,,,,
0.0,0.0,0.0,0.0,0.0,0.0,0.0,0.0,0.0,0.0,0.0,91.59120321273805,0.0,0.0,0.0,0.0,0.0,0.0,,0.0,,,,,,,,,,,,,,,,,,,
7.124833762645721,4.983004927635194,8.596991747617723,17.094355821609494,0.0,12.41547167301178,0.0,5.305161699652672,4.359181970357895,2.043634094297886,17.290188372135162,16.972868144512177,0.0,4.399503767490387,8.153234422206879,6.590533256530763,1.3796882703900335,10.195519030094149,,0.0,,,,,,,,,,,,,,,,,,,
0.0,0.0,0.0,0.0,0.0,0.0,0.0,0.0,0.0,0.0,0.0,0.0,0.0,0.0,0.0,0.0,0.0,0.0,,0.0,,,,,,,,,,,,,,,,,,,
0.0,2.0794957876205444,0.0,0.0,5.9391189366579065,0.0,0.0,11.480468511581421,37.380781769752495,0.0,0.0,0.0,0.0,0.0,0.0,0.0,9.555415809154509,10.275547951459883,,7.886556535959244,,,,,,,,,,,,,,,,,,,
60.692840814590454,40.50074815750122,17.127543687820435,29.937538504600525,84.03159976005556,83.34884643554688,7.208539545536041,0.0,83.75225663185121,0.0,10.716874152421953,86.55017614364624,245.4666614532471,33.57782661914825,70.47639489173889,98.36036562919615,178.1399130821228,17.498961091041565,,25.033146142959595,,,,,,,,,,,,,,,,,,,
0.0,0.0,0.0,0.0,0.0,0.0,0.0,0.0,0.0,0.0,0.0,0.0,0.0,0.0,0.0,0.0,0.0,0.0,,0.0,,,,,,,,,,,,,,,,,,,
0.0,0.0,0.0,0.0,0.0,0.0,0.0,0.0,0.0,0.0,0.0,0.0,0.0,0.0,0.0,0.0,0.0,0.0,,0.0,,,,,,,,,,,,,,,,,,,
0.0,0.0,0.0,0.0,0.0,0.0,0.0,0.0,0.0,0.0,0.0,0.0,0.0,0.0,0.0,0.0,2.0871702581644063,0.0,,0.0,,,,,,,,,,,,,,,,,,,
0.0,0.0,0.0,0.0,2.7232827618718147,9.255719929933546,0.0,0.0,15.374626219272615,0.0,0.0,0.0,0.0,0.0,0.0,0.0,0.0,0.0,,0.0,,,,,,,,,,,,,,,,,,,
15.946871042251587,0.0,0.0,0.0,2.1637363359332085,0.0,0.0,0.0,0.0,0.0,0.0,0.0,0.0,0.0,0.0,0.0,0.0,0.0,,0.0,,,,,,,,,,,,,,,,,,,
0.0,0.0,0.0,0.0,0.0,0.0,0.0,0.0,0.0,0.0,0.0,0.0,0.0,0.0,0.0,0.0,0.0,0.0,,0.0,,,,,,,,,,,,,,,,,,,
0.0,0.0,0.0,0.0,0.0,0.0,0.0,0.0,0.0,0.0,0.0,0.0,0.0,0.0,0.0,0.0,0.0,0.0,,0.0,,,,,,,,,,,,,,,,,,,
0.0,0.0,0.0,0.0,0.0,0.0,0.0,0.0,0.0,0.0,0.0,0.0,0.0,0.0,0.0,0.0,0.0,0.0,,0.0,,,,,,,,,,,,,,,,,,,
0.0,16.649162769317627,9.163565933704378,22.269351780414578,0.0,0.0,0.0,0.0,0.0,0.0,0.0,0.0,0.0,0.0,0.0,0.0,0.0,0.0,,0.0,,,,,,,,,,,,,,,,,,,
0.0,0.0,0.0,0.0,0.0,0.0,0.0,0.0,0.0,0.0,0.0,0.0,0.0,0.0,0.0,0.0,0.0,0.0,,0.0,,,,,,,,,,,,,,,,,,,
,,,,,,,,,0.0,0.0,0.0,0.0,0.0,0.0,0.0,0.0,0.0,,0.0,,,,,,,,,,,,,,,,,,,
,,,,,,,,,,,0.0,0.0,0.0,0.0,0.0,0.0,0.0,,0.0,,,,,,,,,,,,,,,,,,,
,,,,,,,,,,,0.0,0.0,0.0,0.0,0.0,0.0,0.0,,0.0,,,,,,,,,,,,,,,,,,,
,,,,,,,,,,,0.0,0.0,0.0,0.0,0.0,0.0,0.0,,0.0,,,,,,,,,,,,,,,,,,,
,,,,,,,,,,,,,,,,0.0,0.0,,0.0,,,,,,,,,,,,,,,,,,,
,,,,,,,,,,,,,,,,,0.0,,0.0,,,,,,,,,,,,,,,,,,,
22.219917178153988,59.88782048225403,9.800978004932405,9.048441052436829,0.0,43.76504719257355,3.3234648406505585,0.0,19.81967240571976,6.276492029428482,0.0,0.0,0.0,0.0,118.85319948196413,57.67260193824768,46.47776484489441,0.0,0.0,0.0,0.0,,,,,,,,,,,,,,,,,,
0.0,1.85893215239048,0.0,7.003726065158844,0.0,0.0,4.0120746940374366,0.0,0.0,0.0,0.0,0.0,1.7078798264265058,0.0,0.0,0.0,0.0,0.0,0.0,0.0,0.0,,,,,,,,,,,,,,,,,,
17.302154004573822,0.0,21.892692148685455,40.40512442588806,43.93704831600189,0.0,0.0,0.0,96.93750143051149,0.0,57.919609546661384,27.09272801876068,121.7909574508667,0.0,57.71519541740418,49.511897563934326,22.437863051891327,0.0,62.179815769195564,0.0,0.0,,,,,,,,,,,,,,,,,,
2.3583421483635902,0.0,0.0,0.0,3.6457322537899017,20.476809144020077,37.329629063606255,9.160006046295166,0.0,3.2067846506834035,56.380122900009155,0.0,0.0,0.0,5.507627874612808,0.0,62.113773822784424,10.456011444330217,14.43723887205124,10.750996321439743,2.125939354300499,,,,,,,,,,,,,,,,,,
0.0,0.0,0.0,0.0,0.0,0.0,0.0,0.0,0.0,0.0,12.17438280582428,0.0,0.0,0.0,0.0,0.0,75.03910660743712,0.0,0.0,0.0,0.0,,,,,,,,,,,,,,,,,,
0.0,0.0,0.0,0.0,0.0,0.0,0.0,0.0,0.0,0.0,0.0,0.0,0.0,0.0,0.0,0.0,0.0,0.0,0.0,0.0,0.0,,,,,,,,,,,,,,,,,,
49.952608346939094,57.13855624198914,19.205352663993835,0.0,2.2879516705870633,0.0,0.0,29.45129871368408,43.51611137390137,5.858948826789856,0.0,13.41894119977951,34.96760725975037,10.303720831871033,0.0,0.0,38.275957107543945,33.531340956687934,109.18161869049072,0.0,83.1994950771332,,,,,,,,,,,,,,,,,,
3.2474603503942485,73.55042099952699,94.58907246589659,12.711143493652346,19.447878003120426,0.0,0.0,11.066162586212158,0.0,0.0,0.0,90.18025398254395,4.672042280435561,0.0,95.93241810798644,85.55245399475099,0.0,98.30434918403624,187.56873607635498,0.0,2.1637005731463432,,,,,,,,,,,,,,,,,,
15.507146716117859,2.8549563139677048,59.728312492370605,4.1830118745565406,2.906551025807857,2.6007531210780144,0.0,40.74725210666657,11.190437525510788,9.910304844379423,8.929988741874695,2.4770203977823257,11.320513486862184,7.487384229898452,6.236116960644723,5.775343626737595,0.0,22.131094336509705,2.119293995201588,0.0,8.739691227674482,,,,,,,,,,,,,,,,,,
0.0,0.0,0.0,0.0,0.0,0.0,0.0,0.0,0.0,0.0,0.0,0.0,0.0,0.0,0.0,0.0,0.0,0.0,0.0,0.0,0.0,,,,,,,,,,,,,,,,,,
4.629188776016235,0.0,0.0,0.0,0.0,0.0,0.0,0.0,0.0,0.0,0.0,0.0,0.0,0.0,0.0,0.0,2.5255905464291573,0.0,0.0,0.0,0.0,,,,,,,,,,,,,,,,,,
0.0,16.305215656757355,31.65444731712341,8.89868438243866,0.0,42.96080768108368,0.0,6.756319850683213,0.0,0.0,0.0,0.0,10.081660002470015,0.0,35.526689887046814,14.131729304790495,36.50532066822053,12.465242296457289,1.8553648144006731,0.0,11.016809940338137,,,,,,,,,,,,,,,,,,
0.0,0.0,0.0,0.0,0.0,0.0,0.0,0.0,0.0,0.0,0.0,0.0,0.0,0.0,0.0,0.0,0.0,0.0,0.0,0.0,0.0,,,,,,,,,,,,,,,,,,
0.0,3.858072310686112,11.374076455831528,102.03205347061156,0.0,0.0,0.0,114.02686834335329,7.536879181861877,0.0,46.808558702468865,85.45144796371459,9.96430441737175,36.842080950737,23.676493763923645,25.226664543151852,41.18083119392396,7.702922075986862,0.0,0.0,15.025953948497774,,,,,,,,,,,,,,,,,,
0.0,0.0,0.0,0.0,10.037263482809069,5.5453624576330185,0.0,0.0,9.714128822088243,0.0,0.0,0.0,3.5535402595996857,3.9074555039405823,0.0,0.0,0.0,85.49020290374756,10.380620509386064,1.5599084086716175,24.976450204849247,,,,,,,,,,,,,,,,,,
0.0,7.871851325035095,67.98266768455504,41.16933941841126,13.707397878170012,52.357351779937744,14.560844004154205,0.0,30.92945218086243,31.36211931705475,14.776863157749176,0.0,69.11678314208984,32.0614904165268,0.0,26.22925043106079,0.0,83.54820013046266,0.0,12.193048000335693,7.2861447930336,,,,,,,,,,,,,,,,,,
0.0,0.0,1.6187405213713646,0.0,0.0,0.0,0.0,0.0,0.0,0.0,0.0,0.0,0.0,4.512180015444756,0.0,3.849689662456513,0.0,5.728336796164513,0.0,0.0,0.0,,,,,,,,,,,,,,,,,,
0.0,0.0,0.0,0.0,21.597684919834137,0.0,42.627781629562385,15.905335545539856,145.3996300697327,0.0,11.00887581706047,13.474039733409883,0.0,0.0,59.7750186920166,24.27879422903061,38.366371393203735,0.0,0.0,66.92138910293579,0.0,,,,,,,,,,,,,,,,,,
0.0,3.849229961633682,5.021816864609717,0.0,0.0,1.5381932258605957,2.4654502049088483,0.0,1.3071568682789805,9.572868049144743,2.500457316637039,3.53560522198677,0.0,6.782511621713637,0.0,9.719929844141005,0.0,5.3283341228961945,0.0,0.0,44.357240200042725,,,,,,,,,,,,,,,,,,
66.94132089614868,16.89968705177307,124.72937107086182,42.64625906944275,0.0,0.0,0.0,0.0,0.0,0.0,0.0,0.0,0.0,0.0,0.0,0.0,0.0,0.0,0.0,0.0,0.0,,,,,,,,,,,,,,,,,,
28.547441959381104,0.0,0.0,10.124219954013824,4.883692041039467,0.0,0.0,0.0,0.0,0.0,0.0,0.0,9.460315853357317,0.0,0.0,0.0,0.0,0.0,2.6161305606365204,10.463578999042513,0.0,,,,,,,,,,,,,,,,,,
0.0,0.0,0.0,0.0,0.0,0.0,0.0,0.0,0.0,0.0,0.0,28.072136640548703,0.0,0.0,0.0,0.0,0.0,0.0,0.0,0.0,0.0,,,,,,,,,,,,,,,,,,
0.0,0.0,0.0,0.0,0.0,0.0,0.0,0.0,0.0,0.0,0.0,0.0,0.0,0.0,0.0,0.0,0.0,0.0,0.0,0.0,0.0,,,,,,,,,,,,,,,,,,
,0.0,0.0,0.0,0.0,0.0,0.0,0.0,0.0,0.0,0.0,0.0,0.0,0.0,0.0,0.0,0.0,0.0,0.0,0.0,0.0,,,,,,,,,,,,,,,,,,
,,,0.0,0.0,0.0,0.0,0.0,0.0,0.0,0.0,0.0,0.0,0.0,0.0,0.0,0.0,0.0,0.0,0.0,0.0,,,,,,,,,,,,,,,,,,
,,,,0.0,0.0,0.0,0.0,0.0,0.0,0.0,0.0,0.0,0.0,0.0,0.0,0.0,0.0,0.0,0.0,0.0,,,,,,,,,,,,,,,,,,
,,,,0.0,0.0,0.0,0.0,0.0,0.0,0.0,0.0,0.0,0.0,0.0,0.0,0.0,0.0,0.0,0.0,0.0,,,,,,,,,,,,,,,,,,
,,,,0.0,0.0,0.0,0.0,0.0,0.0,0.0,0.0,0.0,0.0,0.0,0.0,0.0,0.0,0.0,0.0,0.0,,,,,,,,,,,,,,,,,,
,,,,,,,0.0,0.0,0.0,0.0,0.0,0.0,0.0,0.0,0.0,0.0,0.0,0.0,0.0,0.0,,,,,,,,,,,,,,,,,,
,,,,,,,,,,,8.864872157573698,0.0,0.0,0.0,0.0,0.0,0.0,0.0,0.0,0.0,,,,,,,,,,,,,,,,,,
,,,,,,,,,,,,,,,,0.0,0.0,0.0,0.0,0.0,,,,,,,,,,,,,,,,,,
,,,,,,,,,,,,,,,,,,0.0,0.0,0.0,,,,,,,,,,,,,,,,,,
0.0,0.0,0.0,0.0,0.0,1.655717007815838,7.726234942674638,0.0,68.00684332847595,75.6419003009796,0.0,0.0,0.0,0.0,0.0,0.0,,,111.42185926437378,3.057481162250042,,,,,,,,,,,,,,,,,,,
0.0,0.0,0.0,0.0,0.0,0.0,0.0,0.0,0.0,0.0,0.0,0.0,0.0,0.0,0.0,0.0,,,0.0,0.0,,,,,,,,,,,,,,,,,,,
0.0,8.70489850640297,0.0,3.0199868604540825,0.0,0.0,0.0,1.1660874821245673,0.0,0.0,0.0,2.993769198656082,0.0,0.0,0.0,0.0,,,0.0,0.0,,,,,,,,,,,,,,,,,,,
24.90332126617432,63.87515068054199,4.648415744304657,0.0,5.005969107151032,35.2041095495224,14.157757163047789,10.839331895112991,0.0,0.0,0.0,0.0,0.0,0.0,0.0,0.0,,,0.0,0.0,,,,,,,,,,,,,,,,,,,
2.4532323703169823,55.45464754104614,2.2552188485860825,4.28294837474823,7.813489437103271,2.0301980897784238,0.0,9.0391181409359,3.8390662521123886,0.0,11.449547857046127,0.0,0.0,3.4581635147333145,0.0,2.4692704901099205,,,0.0,0.0,,,,,,,,,,,,,,,,,,,
14.197936654090881,0.0,1.6975216567516327,0.0,0.0,0.0,0.0,0.0,0.0,1.1040299199521542,0.0,0.0,3.485388308763504,0.0,10.932786762714386,1.3539613224565985,,,0.0,0.0,,,,,,,,,,,,,,,,,,,
4.3794721364974984,0.0,0.0,0.0,1.988103613257408,0.0,0.0,0.0,1.0911973193287852,0.0,0.0,0.0,0.0,0.0,0.0,0.0,,,0.0,7.2921834886074075,,,,,,,,,,,,,,,,,,,
0.0,0.0,0.0,36.902198195457466,5.469371005892754,0.0,0.0,2.6205556467175484,0.0,0.0,0.0,0.0,0.0,6.204227358102799,0.0,0.0,,,0.0,0.0,,,,,,,,,,,,,,,,,,,
78.37153673171997,9.246249496936796,15.796327590942385,9.971992671489717,7.822049409151077,93.80857348442078,3.1841903924942017,3.194387257099152,9.136057645082476,0.0,2.3748382925987244,13.177435100078585,1.4709847047924995,26.395726203918453,17.18574017286301,7.42955282330513,,,0.0,0.0,,,,,,,,,,,,,,,,,,,
0.0,64.7928774356842,0.0,0.0,0.0,0.0,41.7811095714569,0.0,0.0,0.0,0.0,0.0,0.0,0.0,0.0,0.0,,,0.0,0.0,,,,,,,,,,,,,,,,,,,
0.0,0.0,0.0,0.0,0.0,0.0,0.0,0.0,0.0,0.0,0.0,0.0,0.0,0.0,8.149539679288862,7.221361249685287,,,0.0,0.0,,,,,,,,,,,,,,,,,,,
0.0,0.0,0.0,0.0,0.0,0.0,0.0,0.0,0.0,0.0,0.0,0.0,0.0,0.0,0.0,0.0,,,0.0,0.0,,,,,,,,,,,,,,,,,,,
0.0,0.0,0.0,0.0,0.0,0.0,0.0,25.09621381759644,7.8158847987651825,44.817143678665154,0.0,28.103148937225342,0.0,1.990979164838791,0.0,11.278282105922699,,,11.258921772241592,0.0,,,,,,,,,,,,,,,,,,,
0.0,0.0,0.0,0.0,0.0,0.0,0.0,0.0,0.0,0.0,0.0,67.44329929351807,0.0,0.0,0.0,0.0,,,0.0,0.0,,,,,,,,,,,,,,,,,,,
0.0,0.0,0.0,0.0,0.0,0.0,0.0,0.0,0.0,0.0,0.0,0.0,0.0,1.2779193930327892,0.0,0.0,,,0.0,0.0,,,,,,,,,,,,,,,,,,,
5.475971102714539,1.5342764556407928,0.0,0.0,5.485265702009201,0.0,10.464946180582047,2.698132209479809,0.0,1.3517786748707294,0.0,0.0,0.0,0.0,4.150362312793732,8.909103274345398,,,1.2762158177793026,14.506135880947113,,,,,,,,,,,,,,,,,,,
0.0,0.0,0.0,0.0,0.0,0.0,0.0,0.0,0.0,0.0,0.0,0.0,0.0,0.0,0.0,0.0,,,0.0,0.0,,,,,,,,,,,,,,,,,,,
0.0,0.0,0.0,0.0,3.5289105027914047,0.0,0.0,0.0,0.0,2.7618879452347755,0.0,0.0,0.0,0.0,0.0,0.0,,,0.0,0.0,,,,,,,,,,,,,,,,,,,
11.961770802736282,22.565102577209476,68.26337575912476,4.3404579162597665,0.0,46.14444673061371,4.806857928633691,25.161615014076233,4.33528907597065,0.0,54.13246750831604,0.0,0.0,0.0,6.1324868351221085,0.0,,,34.23353731632233,21.78032100200653,,,,,,,,,,,,,,,,,,,
0.0,0.0,0.0,0.0,0.0,0.0,0.0,0.0,0.0,0.0,0.0,0.0,0.0,0.0,0.0,0.0,,,0.0,0.0,,,,,,,,,,,,,,,,,,,
0.0,0.0,0.0,49.836859107017524,0.0,0.0,5.113643780350684,0.0,0.0,0.0,0.0,0.0,51.38033628463745,0.0,3.7826482206583023,0.0,,,0.0,9.14749950170517,,,,,,,,,,,,,,,,,,,
0.0,0.0,0.0,0.0,0.0,0.0,0.0,0.0,0.0,0.0,0.0,0.0,0.0,0.0,0.0,0.0,,,0.0,0.0,,,,,,,,,,,,,,,,,,,
0.0,0.0,0.0,0.0,0.0,0.0,0.0,0.0,0.0,0.0,0.0,0.0,0.0,2.271648310124874,6.883337348699571,4.3424881994724265,,,0.0,0.0,,,,,,,,,,,,,,,,,,,
0.0,0.0,0.0,0.0,0.0,0.0,0.0,0.0,0.0,0.0,0.0,0.0,0.0,0.0,0.0,0.0,,,0.0,0.0,,,,,,,,,,,,,,,,,,,
0.0,0.0,0.0,0.0,0.0,0.0,0.0,0.0,0.0,0.0,0.0,0.0,0.0,0.0,0.0,0.0,,,0.0,0.0,,,,,,,,,,,,,,,,,,,
,0.0,0.0,28.999200463294983,0.0,1.2549631297588348,6.106081232428551,0.0,0.0,0.0,0.0,0.0,0.0,0.0,0.0,0.0,,,3.5132985562086105,0.0,,,,,,,,,,,,,,,,,,,
,,,142.1612024307251,189.56393003463745,12.487075477838516,11.61915585398674,22.67898172140121,41.35992228984833,13.143739104270935,7.9992786049842834,55.07611632347107,0.0,143.99847984313962,29.820692539215088,166.81276559829712,,,14.840814471244812,127.9574990272522,,,,,,,,,,,,,,,,,,,
,,,,,,,,,,,,0.0,0.0,0.0,0.0,,,0.0,0.0,,,,,,,,,,,,,,,,,,,
,,,,,,,,,,,,,0.0,0.0,0.0,,,0.0,0.0,,,,,,,,,,,,,,,,,,,
0.0,0.0,0.0,8.122627437114716,2.4687265977263455,49.61428344249725,0.0,0.0,0.0,0.0,0.0,0.0,2.460593357682228,0.0,58.311855792999275,7.015463709831238,0.0,0.0,0.0,,,,,,,,,,,,,,,,,,,,
0.0,0.0,0.0,0.0,0.0,0.0,0.0,0.0,0.0,0.0,0.0,1.6623971983790398,10.349990427494047,1.573687419295311,4.542386904358863,2.5966927409172063,8.314642310142517,0.0,2.4796897545456886,,,,,,,,,,,,,,,,,,,,
3.9833366870880127,2.9253879562020297,0.0,3.080454096198082,4.549515247344972,9.025536477565764,0.0,0.0,1.1708162724971771,0.0,1.6555758193135262,0.0,0.0,0.0,0.0,10.237941890954973,0.0,0.0,0.0,,,,,,,,,,,,,,,,,,,,
23.25003445148468,0.0,0.0,0.0,0.0,70.33951878547667,0.0,2.5382703170180316,0.0,0.0,0.0,4.891069978475572,0.0,0.0,0.0,0.0,0.0,0.0,0.0,,,,,,,,,,,,,,,,,,,,
0.0,0.0,0.0,0.0,0.0,0.0,0.0,0.0,0.0,0.0,0.0,0.0,0.0,0.0,0.0,0.0,0.0,0.0,0.0,,,,,,,,,,,,,,,,,,,,
0.0,0.0,0.0,0.0,0.0,0.0,0.0,0.0,0.0,0.0,0.0,0.0,0.0,0.0,0.0,0.0,0.0,0.0,0.0,,,,,,,,,,,,,,,,,,,,
100.7414937019348,37.258580327034004,57.06751346588135,0.0,0.0,0.0,0.0,43.05696785449982,58.57977867126465,1.4223168604075909,2.573304064571857,81.38669729232787,0.0,86.94583773612976,38.71923685073853,0.0,0.0,4.907631874084473,0.0,,,,,,,,,,,,,,,,,,,,
0.0,0.0,0.0,0.0,0.0,0.0,1.7747625708580017,0.0,0.0,0.0,0.0,0.0,0.0,0.0,0.0,0.0,0.0,0.0,0.0,,,,,,,,,,,,,,,,,,,,
1.7438968643546104,9.13029685616493,8.794452250003816,0.0,3.7566643208265305,0.0,0.0,7.971297949552536,0.0,0.0,0.0,0.0,0.0,2.1136125549674034,0.0,0.0,0.0,0.0,9.401629865169523,,,,,,,,,,,,,,,,,,,,
0.0,2.0486868917942047,1.5427934937179089,0.0,9.486371278762816,0.0,0.0,2.2141560912132263,3.598533570766449,6.593271344900131,0.0,58.82076621055603,0.0,0.0,2.810938842594624,0.0,0.0,0.0,0.0,,,,,,,,,,,,,,,,,,,,
0.0,0.0,0.0,0.0,0.0,0.0,6.04202002286911,0.0,0.0,0.0,0.0,0.0,0.0,0.0,0.0,0.0,0.0,0.0,0.0,,,,,,,,,,,,,,,,,,,,
0.0,0.0,0.0,0.0,0.0,0.0,0.0,0.0,0.0,0.0,0.0,0.0,0.0,0.0,0.0,0.0,0.0,0.0,0.0,,,,,,,,,,,,,,,,,,,,
0.0,0.0,0.0,26.494351029396054,0.0,0.0,0.0,0.0,0.0,3.25426384806633,0.0,0.0,0.0,0.0,0.0,8.047336339950563,0.0,0.0,0.0,,,,,,,,,,,,,,,,,,,,
5.4635800421237946,0.0,0.0,0.0,0.0,0.0,0.0,0.0,8.546720445156097,0.0,0.0,0.0,0.0,0.0,0.0,0.0,0.0,0.0,0.0,,,,,,,,,,,,,,,,,,,,
13.44154328107834,0.0,10.149087011814117,0.0,0.0,45.43740153312683,0.0,2.4306777864694595,0.0,0.0,5.334641411900519,3.573843091726303,0.0,0.0,7.841946929693223,0.0,2.146875485777855,0.8284335024654865,5.975227057933807,,,,,,,,,,,,,,,,,,,,
0.0,0.0,0.0,0.0,0.0,0.0,0.0,0.0,0.0,0.0,0.0,1.7353309318423271,2.7626818045973778,0.0,0.0,6.422566622495651,0.0,0.0,0.0,,,,,,,,,,,,,,,,,,,,
2.070678398013115,0.0,0.0,0.0,0.0,0.0,0.0,0.0,0.0,0.0,13.168583810329435,0.0,0.0,6.284040957689285,0.0,0.0,0.0,7.419344782829285,0.0,,,,,,,,,,,,,,,,,,,,
0.0,1.3693833723664284,44.00981366634369,4.280849173665047,32.409578561782844,13.750645518302916,61.23494505882263,6.354473531246184,4.489370062947273,2.417251467704773,0.0,49.582743644714355,2.965037152171135,9.690811485052107,10.5461023747921,9.30885449051857,10.178453475236893,2.2814070805907254,100.45487880706787,,,,,,,,,,,,,,,,,,,,
7.102916389703751,0.0,0.0,1.1346794664859772,18.021963536739353,5.55436909198761,0.0,0.0,0.0,1.0114416480064392,0.0,0.0,0.0,0.0,40.52698314189911,4.875490814447404,0.0,0.0,3.932651504874229,,,,,,,,,,,,,,,,,,,,
0.0,0.0,1.1378482915461063,0.0,7.379906624555588,41.838198900222785,5.729719251394273,0.0,0.0,1.0630995035171509,0.0,0.0,0.0,0.0,0.0,0.0,0.0,0.0,0.0,,,,,,,,,,,,,,,,,,,,
0.0,4.959184676408769,0.0,19.10768151283264,44.84436810016632,7.378707081079482,8.854521065950395,0.0,0.0,0.0,0.0,16.86982661485672,0.0,3.832728415727616,7.783238589763641,2.6890233159065247,0.0,1.9839370623230932,4.527759924530984,,,,,,,,,,,,,,,,,,,,
0.0,0.0,0.0,0.0,0.0,0.0,0.0,0.0,0.0,0.0,0.0,0.0,0.0,0.0,0.0,0.0,0.0,0.0,0.0,,,,,,,,,,,,,,,,,,,,
0.0,0.0,0.0,0.0,0.0,0.0,0.0,0.0,0.0,0.0,0.0,0.0,0.0,0.0,0.0,0.0,0.0,0.0,0.0,,,,,,,,,,,,,,,,,,,,
10.544835776090624,5.471514537930489,0.0,0.0,0.0,9.616400301456453,2.885682508349418,0.0,0.0,0.0,0.0,0.0,0.0,5.1948677748441705,0.0,0.0,0.0,0.0,0.0,,,,,,,,,,,,,,,,,,,,
0.0,0.0,0.0,0.0,0.0,0.0,0.0,0.0,0.0,0.0,0.0,0.0,0.0,0.0,0.0,0.0,0.0,0.0,0.0,,,,,,,,,,,,,,,,,,,,
0.0,0.0,0.0,0.0,0.0,0.0,0.0,0.0,0.0,0.0,0.0,0.0,0.0,0.0,0.0,0.0,0.0,0.0,0.0,,,,,,,,,,,,,,,,,,,,
,,,0.0,0.0,0.0,0.0,0.0,0.0,0.0,0.0,0.0,0.0,0.0,0.0,0.0,0.0,0.0,0.0,,,,,,,,,,,,,,,,,,,,
,,,,,0.0,0.0,0.0,0.0,0.0,0.0,0.0,0.0,0.0,0.0,0.0,0.0,0.0,0.0,,,,,,,,,,,,,,,,,,,,
0.0,0.0,5.175512284040451,0.0,0.0,0.0,0.0,0.0,0.0,0.0,0.0,0.0,0.0,6.447591632604599,2.645137161016464,10.63595414161682,0.0,,1.5796618536114693,0.9688709862530231,,,,,,,,,,,,,,,,,,,
0.0,0.0,0.0,0.0,0.0,0.0,0.0,0.0,0.0,0.0,0.0,0.0,0.0,0.0,5.855504795908928,0.0,0.0,,0.0,0.0,,,,,,,,,,,,,,,,,,,
0.0,0.0,0.0,0.0,0.0,0.0,0.0,0.0,0.0,0.0,0.0,0.0,0.0,0.0,0.0,0.0,0.0,,0.0,0.0,,,,,,,,,,,,,,,,,,,
0.0,0.0,0.0,0.0,0.0,0.0,0.0,0.0,0.0,0.0,0.0,0.0,0.0,0.0,0.0,0.0,0.0,,0.0,0.0,,,,,,,,,,,,,,,,,,,
30.90212047100067,0.0,94.01973485946657,25.5203515291214,49.2678165435791,4.561229422688483,9.545093774795534,59.26255583763122,0.0,5.587214976549149,88.93302083015442,14.343838393688204,69.19631361961365,17.826098203659058,21.846245229244232,20.40150463581085,0.0,,0.0,0.0,,,,,,,,,,,,,,,,,,,
0.0,0.0,0.0,0.0,0.0,0.0,0.0,0.0,0.0,0.0,0.0,0.0,0.0,0.0,0.0,0.0,0.0,,0.0,0.0,,,,,,,,,,,,,,,,,,,
9.169749170541763,0.0,2.6590067893266682,1.2744485400617125,0.0,0.0,0.0,0.0,0.0,0.0,0.0,0.0,15.1951864361763,6.419310718774796,0.0,8.132921159267426,0.0,,0.0,0.0,,,,,,,,,,,,,,,,,,,
0.0,0.0,1.7779527232050896,16.444143652915955,7.583944499492644,6.751542538404465,0.0,0.0,0.0,8.227582275867464,9.169734269380571,1.3584114611148834,0.0,2.187979966402054,0.0,0.0,36.23625934123993,,4.075944051146506,8.114654570817947,,,,,,,,,,,,,,,,,,,
13.325859606266024,0.0,0.0,0.0,0.0,0.0,1.1363379657268524,4.1835855692625055,0.0,0.0,0.0,6.3742853701114655,2.3849068209528923,4.709630087018012,14.185012876987455,0.0,0.0,,0.0,0.0,,,,,,,,,,,,,,,,,,,
0.0,0.0,0.0,0.0,0.0,0.0,0.0,0.0,0.0,0.0,0.0,0.0,0.0,0.0,0.0,0.0,0.0,,0.0,0.0,,,,,,,,,,,,,,,,,,,
0.0,0.0,0.0,0.0,0.0,0.0,0.0,0.0,0.0,0.0,0.0,0.0,0.0,0.0,0.0,0.0,0.0,,0.0,4.658527299761771,,,,,,,,,,,,,,,,,,,
0.0,0.0,0.0,0.0,0.0,0.0,0.0,0.0,0.0,0.0,0.0,0.0,0.0,0.0,0.0,0.0,0.0,,0.0,0.0,,,,,,,,,,,,,,,,,,,
0.0,0.0,0.0,6.903623044490813,0.0,0.0,0.0,0.0,0.0,3.186127915978432,0.0,0.0,0.0,0.0,0.0,0.0,0.0,,0.0,0.0,,,,,,,,,,,,,,,,,,,
0.0,0.0,0.0,0.0,0.0,0.0,0.0,0.0,0.0,0.0,0.0,0.0,0.0,0.0,0.0,0.0,0.0,,0.0,0.0,,,,,,,,,,,,,,,,,,,
0.7212541066110134,0.0,5.930674821138383,0.0,0.0,0.0,0.0,0.0,0.0,0.0,0.0,0.0,0.0,0.0,0.0,0.0,5.356442555785178,,0.0,0.0,,,,,,,,,,,,,,,,,,,
0.9880874305963516,0.0,4.2528267949819565,7.586665451526643,0.0,1.1743520386517048,4.9423836171627045,0.0,0.0,6.72876313328743,0.0,0.0,44.531628489494324,0.0,0.0,0.0,0.0,,0.0,0.0,,,,,,,,,,,,,,,,,,,
0.0,0.0,0.0,0.0,0.0,0.0,0.0,0.0,0.0,0.0,0.0,0.0,0.0,0.0,0.0,12.742917239665985,3.7135951220989223,,0.0,0.0,,,,,,,,,,,,,,,,,,,
0.0,0.0,0.0,0.0,0.0,0.0,0.0,0.0,0.0,0.0,0.0,0.0,0.0,0.0,0.0,5.051728710532188,0.0,,9.765634685754774,16.332565248012546,,,,,,,,,,,,,,,,,,,
11.366669088602064,0.0,10.912499576807024,0.0,0.0,0.0,0.0,0.0,0.0,0.0,0.0,0.0,0.0,9.355118870735168,55.55305480957031,0.0,3.287222981452942,,0.0,0.0,,,,,,,,,,,,,,,,,,,
0.0,0.0,0.0,0.0,0.0,0.0,0.0,0.0,0.0,0.0,0.0,0.0,0.0,0.0,0.0,0.0,0.0,,0.0,0.0,,,,,,,,,,,,,,,,,,,
0.0,0.0,0.0,0.0,0.0,0.0,0.0,0.0,0.0,8.119937032461166,0.0,0.0,0.0,0.0,8.992247283458711,0.0,0.0,,0.0,0.0,,,,,,,,,,,,,,,,,,,
0.0,0.0,0.0,0.0,0.0,0.0,0.0,0.0,0.0,0.0,0.0,0.0,0.0,0.0,0.0,0.0,0.0,,0.0,0.0,,,,,,,,,,,,,,,,,,,
4.236203804612161,2.5008821859955788,6.227836757898331,0.0,11.10885813832283,0.0,0.0,0.0,23.65046888589859,31.313613057136536,8.671185374259949,6.946758180856705,6.901425123214723,0.0,0.0,0.0,0.0,,0.0,0.0,,,,,,,,,,,,,,,,,,,
62.41957545280457,0.0,0.0,0.0,0.0,56.59196972846985,0.0,1.3433173298835754,0.0,0.0,0.0,4.9641765654087076,0.0,0.0,0.0,0.0,2.5259820744395256,,0.0,0.0,,,,,,,,,,,,,,,,,,,
0.0,0.0,0.0,0.0,0.0,0.0,3.571099042892456,0.0,0.0,0.0,0.0,0.0,0.0,0.0,0.0,0.0,0.0,,0.0,0.0,,,,,,,,,,,,,,,,,,,
3.756185993552208,0.0,4.625988379120828,0.0,0.0,4.921406507492065,3.4018281847238536,6.477595120668411,0.0,0.0,2.4181026965379715,0.0,0.0,36.96966171264648,1.8768567591905596,2.1335719153285027,0.0,,0.0,20.56315988302231,,,,,,,,,,,,,,,,,,,
0.0,0.0,0.0,0.0,0.0,0.0,0.0,0.0,0.0,0.0,0.0,0.0,0.0,0.0,0.0,0.0,0.0,,0.0,0.0,,,,,,,,,,,,,,,,,,,
4.5873600989580146,0.0,8.615022897720339,0.0,4.5467860996723175,0.0,7.264668494462968,28.44941020011902,0.0,0.0,0.0,7.751244306564331,2.260506898164749,43.8786655664444,0.0,2.843116968870163,0.0,,0.0,0.0,,,,,,,,,,,,,,,,,,,
0.0,0.0,0.0,0.0,0.0,0.0,0.0,0.0,0.0,0.0,0.0,0.0,0.0,23.40438663959503,0.0,0.0,0.0,,0.0,8.775652945041656,,,,,,,,,,,,,,,,,,,
,,,0.0,0.0,0.0,14.389628171920776,4.55244779586792,2.1883936598896985,0.0,0.0,0.0,0.0,0.0,0.0,36.9443953037262,0.0,,0.0,0.0,,,,,,,,,,,,,,,,,,,
,,,0.0,5.759089812636375,6.089763343334197,23.723089694976807,11.862320452928545,0.904005952179432,3.0254615470767017,6.604866683483124,2.0393164828419685,0.0,0.0,0.0,0.0,0.0,,0.0,0.0,,,,,,,,,,,,,,,,,,,
,,,,,,,,,,,,,,,0.0,0.0,,0.0,0.0,,,,,,,,,,,,,,,,,,,
,,,,,,,,,,,,,,,,0.0,,0.0,0.0,,,,,,,,,,,,,,,,,,,
,,,,,,,,,,,,,,,,0.0,,0.0,0.0,,,,,,,,,,,,,,,,,,,
,,,,,,,,,,,,,,,,,,,0.0,,,,,,,,,,,,,,,,,,,
0.0,0.0,0.0,0.0,0.0,0.0,63.49789500236511,0.0,13.244649767875671,0.0,0.0,7.052616029977799,0.0,0.0,0.0,0.0,0.0,,2.4208055809140205,0.0,,,,,,,,,,,,,,,,,,,
0.0,0.0,0.0,0.0,0.0,0.0,0.0,0.0,0.0,0.0,0.0,0.0,0.0,0.0,0.0,0.0,0.0,,0.0,0.0,,,,,,,,,,,,,,,,,,,
0.0,0.0,0.0,0.0,0.0,0.0,0.0,0.0,0.0,0.0,0.0,0.0,0.0,0.0,0.0,0.0,0.0,,0.0,0.0,,,,,,,,,,,,,,,,,,,
2.631534077227116,0.0,9.559138864278793,0.0,0.0,1.1301949620246887,0.0,0.0,0.0,9.262115508317947,4.311763867735864,4.033093899488448,0.0,0.0,0.0,0.0,3.4305814653635025,,2.3432040587067604,0.0,,,,,,,,,,,,,,,,,,,
0.0,0.0,0.0,17.444588243961338,1.3265148736536505,11.897183954715727,0.0,18.45967918634415,77.42233276367188,2.7237918227910995,0.0,0.0,0.0,4.3503668159246445,0.0,8.434402197599411,0.0,,4.009450599551202,0.0,,,,,,,,,,,,,,,,,,,
0.0,0.0,0.0,0.0,0.0,0.0,0.0,0.0,0.0,0.0,0.0,0.0,0.0,0.0,0.0,0.0,0.0,,0.0,0.0,,,,,,,,,,,,,,,,,,,
0.0,0.0,0.0,0.0,0.0,0.0,0.0,0.0,0.0,0.0,50.453877449035645,0.0,0.0,0.0,0.0,0.0,0.0,,2.733514085412025,7.779758423566817,,,,,,,,,,,,,,,,,,,
0.0,7.207369804382324,88.6558473110199,0.0,0.0,2.954140491783619,78.3071994781494,0.0,0.0,0.0,3.3188920468091965,5.40204681456089,0.0,0.0,6.155525520443916,16.331027448177338,16.045571863651276,,76.11688375473021,7.058271765708923,,,,,,,,,,,,,,,,,,,
0.0,0.0,4.4780299067497245,0.0,0.0,8.034995198249817,0.0,0.0,0.0,0.0,0.0,7.221611589193344,0.0,9.262043982744217,0.0,0.0,0.0,,4.220565035939217,0.0,,,,,,,,,,,,,,,,,,,
0.0,0.0,0.0,0.0,0.0,0.0,0.0,0.0,0.0,5.5515777319669715,0.0,5.730216950178146,6.883557885885239,65.43789505958557,0.0,10.600072145462038,0.0,,9.39678028225899,0.0,,,,,,,,,,,,,,,,,,,
0.0,0.0,0.0,0.0,0.0,0.0,0.0,0.0,0.0,0.0,0.0,0.0,0.0,0.0,0.0,0.0,0.0,,0.0,0.0,,,,,,,,,,,,,,,,,,,
0.0,11.761888116598131,7.965975999832152,0.0,5.627401918172836,14.80325013399124,0.0,0.0,3.234882652759552,64.44244384765625,8.96417424082756,26.52173340320587,0.0,51.30636692047119,22.229695320129395,0.0,0.0,,0.0,0.0,,,,,,,,,,,,,,,,,,,
0.0,0.0,0.0,0.0,0.0,0.0,0.0,0.0,0.0,0.0,0.0,0.0,0.0,39.4563615322113,1.9830601289868357,7.655443251132965,8.213555067777634,,0.0,0.0,,,,,,,,,,,,,,,,,,,
0.0,0.0,0.0,0.0,0.0,0.0,0.0,0.0,0.0,0.0,0.0,0.0,0.0,0.0,0.0,0.0,6.670796126127242,,0.0,0.0,,,,,,,,,,,,,,,,,,,
0.0,0.0,0.0,0.0,0.0,0.0,0.0,0.0,0.0,0.0,0.0,0.0,0.0,0.0,0.0,0.0,0.0,,0.0,0.0,,,,,,,,,,,,,,,,,,,
5.865026265382768,0.0,0.0,12.031172960996628,0.0,0.0,0.0,0.0,4.077359288930893,0.0,0.0,0.0,0.0,0.0,0.0,0.0,0.0,,0.0,0.0,,,,,,,,,,,,,,,,,,,
0.0,3.731479868292809,97.758549451828,9.825412184000015,0.0,3.4870054572820663,0.0,8.790472149848938,0.0,0.0,0.0,0.0,0.0,0.0,0.0,0.0,1.8318610265851019,,0.0,0.0,,,,,,,,,,,,,,,,,,,
7.476485520601273,0.0,1.5394560992717743,0.0,0.0,0.0,0.0,5.402077361941338,0.0,0.0,1.708696037530899,1.2209537439048292,0.0,19.91235017776489,7.0713110268116,0.0,0.0,,0.0,0.0,,,,,,,,,,,,,,,,,,,
0.0,0.0,0.0,0.0,0.0,0.0,0.0,1.4742401428520682,1.131052616983652,0.0,0.0,0.0,3.022128529846668,0.0,0.0,0.0,0.0,,0.0,0.9073086082935332,,,,,,,,,,,,,,,,,,,
0.0,2.4040492251515393,0.0,0.0,0.0,5.074033513665199,0.0,1.7588490620255468,19.506084918975827,0.0,0.0,0.0,0.0,0.0,14.893250167369844,0.0,0.0,,0.0,0.0,,,,,,,,,,,,,,,,,,,
0.0,0.0,159.59504842758182,5.4088614881038675,10.439525544643402,14.508260786533356,0.0,58.7538480758667,3.729971498250961,5.108796432614327,12.437468022108078,30.221089720726013,0.0,5.045003816485406,0.0,0.0,0.0,,27.335894107818604,0.0,,,,,,,,,,,,,,,,,,,
0.0,0.0,0.0,19.80804949998856,5.685748159885407,0.0,0.0,91.00526571273805,20.220193266868588,0.0,0.0,0.0,22.54893779754639,0.0,81.64610266685486,0.0,6.886988878250122,,7.065458595752716,2.3729210719466214,,,,,,,,,,,,,,,,,,,
0.0,0.0,0.0,0.0,0.0,12.681204080581665,0.0,0.0,0.0,0.0,0.0,0.0,0.0,0.0,0.0,0.0,8.152125775814056,,0.0,0.0,,,,,,,,,,,,,,,,,,,
42.08703339099885,33.64785313606262,28.854429721832275,4.6954404562711725,26.01306438446045,17.76488572359085,10.829105228185654,0.0,0.0,103.66822481155396,8.623100072145464,26.18480622768402,73.3806550502777,2.3409102112054825,0.0,7.200577110052109,0.0,,0.0,15.826472640037535,,,,,,,,,,,,,,,,,,,
0.0,0.0,0.0,0.0,0.0,0.0,0.0,0.0,0.0,0.0,0.0,0.0,0.0,0.0,0.0,0.0,0.0,,0.0,1.3595256954431534,,,,,,,,,,,,,,,,,,,
,,0.0,0.0,0.0,0.0,0.0,0.0,0.0,0.0,0.0,0.0,0.0,0.0,3.662699460983277,0.0,11.286788433790207,,0.0,0.0,,,,,,,,,,,,,,,,,,,
,,,,,,,,,,,,,,0.0,0.0,0.0,,0.0,0.0,,,,,,,,,,,,,,,,,,,
,,,,,,,,,,,,,,,0.0,0.0,,0.0,0.0,,,,,,,,,,,,,,,,,,,
,,,,,,,,,,,,,,,,,,0.0,0.0,,,,,,,,,,,,,,,,,,,
,,,,,,,,,,,,,,,,,,,0.0,,,,,,,,,,,,,,,,,,,
0.0,0.0,0.0,0.0,0.0,0.0,0.0,0.0,0.0,0.0,0.0,0.0,,0.0,0.0,,,0.0,0.0,0.0,0.0,,,,,,,,,,,,,,,,,,
0.0,0.0,0.0,0.0,0.0,0.0,0.0,0.0,0.0,0.0,0.0,0.0,,0.0,0.0,,,0.0,0.0,0.0,0.0,,,,,,,,,,,,,,,,,,
0.0,0.0,0.0,0.0,0.0,0.0,0.0,0.0,0.0,0.0,0.0,0.0,,0.0,0.0,,,0.0,0.0,0.0,0.0,,,,,,,,,,,,,,,,,,
0.0,0.0,0.0,0.0,0.0,0.0,0.0,0.0,0.0,0.0,0.0,0.0,,0.0,0.0,,,0.0,0.0,0.0,0.0,,,,,,,,,,,,,,,,,,
0.0,45.303863286972046,11.351341754198074,0.0,13.134776055812836,45.31903862953186,38.551884889602654,37.425729632377625,4.973168671131134,6.033806875348091,11.167879402637482,64.06407356262207,,37.61756718158722,36.6126924753189,,,134.1968894004822,48.67233037948608,124.62719678878784,26.32436454296112,,,,,,,,,,,,,,,,,,
0.0,0.0,0.0,0.0,0.0,0.0,0.0,0.0,0.0,0.0,0.0,0.0,,0.0,0.0,,,0.0,0.0,0.0,0.0,,,,,,,,,,,,,,,,,,
27.371323108673096,17.699179053306576,8.884686976671219,0.0,43.40243935585022,39.032906293869026,54.543191194534295,68.29935908317566,32.18165934085846,42.21379458904266,0.0,6.997881084680557,,83.97088050842284,25.645816326141357,,,90.31741619110107,55.86562752723694,36.55907213687897,62.857753038406365,,,,,,,,,,,,,,,,,,
0.0,0.0,0.0,0.0,0.0,0.0,0.0,0.0,0.0,0.0,0.0,0.0,,0.0,6.1773717403411865,,,0.0,0.0,61.34068965911865,0.0,,,,,,,,,,,,,,,,,,
0.0,7.315437495708466,3.5037100315093994,0.0,0.0,0.0,0.0,3.783698007464409,0.0,4.090394452214241,0.0,9.874434769153597,,0.0,0.0,,,0.0,0.0,16.450907289981842,0.0,,,,,,,,,,,,,,,,,,
15.448823571205141,0.0,6.632478535175324,7.756456732749939,0.0,4.935961216688156,15.583695471286775,16.594056785106662,13.363265991210938,0.0,16.62612110376358,2.617560513317585,,8.381593972444534,14.75123167037964,,,0.0,135.03284454345706,20.315884053707126,2.534656785428524,,,,,,,,,,,,,,,,,,
0.0,76.11688375473021,17.51084178686142,0.0,0.0,0.0,0.0,0.0,0.0,0.0,0.0,0.0,,0.0,0.0,,,46.49996161460877,0.0,0.0,0.0,,,,,,,,,,,,,,,,,,
0.0,0.0,0.0,0.0,0.0,0.0,0.0,0.0,0.0,50.8472740650177,1.5559213235974312,44.18158233165741,,4.426836967468262,46.399131417274475,,,0.0,0.0,1.4825954101979733,3.743615001440048,,,,,,,,,,,,,,,,,,
1.2808654457330704,15.84671139717102,4.138525202870368,0.0,0.0,0.0,6.895315647125244,1.4856863766908646,1.1668408289551735,0.0,0.0,37.017887830734246,,51.574790477752686,7.733062654733657,,,0.0,0.0,5.269281193614006,10.843538492918015,,,,,,,,,,,,,,,,,,
0.0,0.0,0.0,0.0,0.0,0.0,0.0,0.0,0.0,0.0,0.0,0.0,,0.0,0.0,,,0.0,0.0,0.0,0.0,,,,,,,,,,,,,,,,,,
5.4319337010383615,0.0,10.338187217712402,0.0,0.0,0.0,0.0,0.0,0.0,0.0,0.0,0.0,,9.027513116598131,56.10527396202088,,,8.762484043836594,12.210647761821749,4.854156449437141,69.31530237197876,,,,,,,,,,,,,,,,,,
0.0,0.0,0.0,0.0,0.0,0.0,0.0,0.0,0.0,0.0,0.0,0.0,,0.0,0.0,,,0.0,0.0,0.0,0.0,,,,,,,,,,,,,,,,,,
56.8080484867096,10.619615018367767,16.884970664978027,0.0,0.0,0.0,0.0,0.0,0.0,0.0,0.0,0.0,,0.0,0.0,,,0.0,11.79836317896843,0.0,0.0,,,,,,,,,,,,,,,,,,
0.0,0.0,1.5269994735717771,0.0,0.0,0.0,0.0,0.0,1.6378950327634811,0.0,37.74904012680054,73.75652194023131,,7.027657330036162,0.0,,,0.0,4.560457170009613,0.0,13.344013690948485,,,,,,,,,,,,,,,,,,
0.0,0.0,11.324518918991089,0.0,0.0,8.728721737861633,0.0,0.0,0.0,0.0,0.0,0.0,,7.139239460229874,0.0,,,0.0,4.203552007675172,0.0,0.0,,,,,,,,,,,,,,,,,,
0.0,0.0,0.0,0.0,12.41161897778511,0.0,46.05947136878967,0.0,0.0,12.602059543132784,2.326240576803684,0.0,,0.0,0.0,,,0.0,0.0,0.0,0.0,,,,,,,,,,,,,,,,,,
0.0,0.0,0.0,0.0,0.0,0.0,0.0,0.0,0.0,0.0,0.0,0.0,,0.0,7.897509634494781,,,0.0,4.433257505297662,0.0,0.0,,,,,,,,,,,,,,,,,,
0.0,0.0,0.0,0.0,0.0,0.0,0.0,0.0,0.0,0.0,0.0,0.0,,0.0,0.0,,,0.0,0.0,0.0,0.0,,,,,,,,,,,,,,,,,,
0.0,0.0,0.0,0.0,1.6181522980332377,0.0,11.478278785943985,27.45069265365601,13.897000253200533,0.0,0.0,0.0,,0.0,0.0,,,0.0,0.0,0.0,0.0,,,,,,,,,,,,,,,,,,
0.0,0.0,0.0,0.0,0.0,0.0,0.0,0.0,0.0,0.0,0.0,0.0,,0.0,0.0,,,0.0,0.0,0.0,0.0,,,,,,,,,,,,,,,,,,
0.0,0.0,0.0,0.0,0.0,0.0,0.0,0.0,0.0,0.0,0.0,0.0,,0.0,0.0,,,0.0,0.0,10.067084431648254,0.0,,,,,,,,,,,,,,,,,,
0.0,0.0,0.0,0.0,0.0,0.0,0.0,0.0,0.0,0.0,0.0,0.0,,0.0,0.0,,,0.0,0.0,0.0,0.0,,,,,,,,,,,,,,,,,,
0.0,0.0,0.0,0.0,0.0,0.0,0.0,0.0,0.0,0.0,0.0,0.0,,0.0,0.0,,,0.0,0.0,0.0,0.0,,,,,,,,,,,,,,,,,,
,,,0.0,0.0,0.0,6.010264158248901,0.0,0.0,0.0,10.754557698965073,0.0,,0.0,0.0,,,0.0,5.474970117211342,0.0,5.606911703944206,,,,,,,,,,,,,,,,,,
,,,0.0,0.0,0.0,0.0,0.0,0.0,0.0,0.0,0.0,,0.0,0.0,,,0.0,0.0,0.0,0.0,,,,,,,,,,,,,,,,,,
,,,0.0,0.0,0.0,0.0,0.0,0.0,0.0,0.0,0.0,,0.0,0.0,,,0.0,0.0,0.0,0.0,,,,,,,,,,,,,,,,,,
,,,,,,,,,,,,,,,,,0.0,0.0,0.0,0.0,,,,,,,,,,,,,,,,,,
,,,,,,,,,,,,,,,,,,,0.0,0.0,,,,,,,,,,,,,,,,,,
0.0,0.0,2.2786760702729225,4.269574582576752,0.0,1.426458265632391,0.0,0.0,1.0101701132953167,0.0,0.0,11.125896871089935,2.307886444032192,40.00892043113709,3.848676383495331,0.0,,,,5.050776898860931,0.0,,,,,,,,,,,,,,,,,,
0.0,0.0,0.0,0.0,0.0,0.0,0.0,0.0,0.0,0.0,0.0,0.0,0.0,0.0,0.0,0.0,,,,0.0,0.0,,,,,,,,,,,,,,,,,,
0.0,0.0,0.0,0.0,0.0,1.2514290399849417,0.0,0.0,0.0,0.0,3.772512823343277,0.0,0.0,10.636666417121887,0.0,0.0,,,,0.0,0.0,,,,,,,,,,,,,,,,,,
0.0,0.0,0.0,0.0,0.0,0.0,0.0,0.0,0.0,0.0,0.0,0.0,0.0,0.0,0.0,0.0,,,,0.0,0.0,,,,,,,,,,,,,,,,,,
0.0,0.0,0.0,0.0,5.552088841795921,0.0,0.0,0.0,0.0,0.0,0.0,0.0,0.0,0.0,0.0,0.0,,,,0.0,0.0,,,,,,,,,,,,,,,,,,
0.0,10.941658914089203,0.0,0.0,0.0,0.0,0.0,0.0,0.0,0.0,0.0,0.0,0.0,0.0,0.0,0.0,,,,0.0,0.0,,,,,,,,,,,,,,,,,,
0.0,15.563744306564331,0.0,0.0,0.0,0.0,0.0,0.0,0.0,0.0,0.0,0.0,0.0,15.434060990810394,0.0,0.0,,,,0.0,0.0,,,,,,,,,,,,,,,,,,
0.0,0.0,0.0,0.0,0.0,0.0,0.0,0.0,0.0,0.0,0.0,0.0,0.0,1.5546648763120174,0.0,0.0,,,,0.0,0.0,,,,,,,,,,,,,,,,,,
0.0,0.0,0.0,0.0,0.0,0.0,0.0,0.0,0.0,0.0,0.0,0.0,0.0,0.0,0.0,0.0,,,,0.0,0.0,,,,,,,,,,,,,,,,,,
41.6583389043808,0.0,0.0,0.0,0.0,0.0,0.0,0.0,0.0,0.0,0.0,0.0,0.0,0.0,0.0,0.0,,,,0.0,0.0,,,,,,,,,,,,,,,,,,
0.0,0.0,0.0,0.0,0.0,0.0,0.0,0.0,0.0,0.0,0.0,0.0,0.0,0.0,0.0,0.0,,,,0.0,0.0,,,,,,,,,,,,,,,,,,
0.0,0.0,0.0,0.0,0.0,1.2391982600092888,0.0,0.0,0.0,0.0,0.0,0.0,9.180137515068054,0.0,0.0,0.0,,,,0.0,0.0,,,,,,,,,,,,,,,,,,
0.0,0.0,0.0,0.0,0.0,0.0,0.0,0.0,0.0,0.0,0.0,0.0,0.0,0.0,0.0,0.0,,,,0.0,0.0,,,,,,,,,,,,,,,,,,
0.0,0.0,0.0,0.0,0.0,0.0,0.0,0.0,0.0,0.0,0.0,0.0,0.0,0.0,0.0,0.0,,,,0.0,0.0,,,,,,,,,,,,,,,,,,
0.0,0.0,0.0,0.0,0.0,0.0,0.0,0.0,0.0,3.9771132171154018,0.0,0.0,2.8656190261244774,0.0,0.0,0.0,,,,7.313194125890733,0.0,,,,,,,,,,,,,,,,,,
0.0,4.104992374777794,0.0,0.0,0.0,0.0,0.0,0.0,0.0,0.0,0.0,0.0,0.0,0.0,0.0,0.0,,,,0.0,3.2153740525245667,,,,,,,,,,,,,,,,,,
0.0,0.0,0.0,0.0,0.0,0.0,0.0,0.0,0.0,0.0,0.0,0.0,0.0,0.0,0.0,0.0,,,,0.0,0.0,,,,,,,,,,,,,,,,,,
0.0,0.0,0.0,0.0,0.0,0.0,0.0,0.0,0.0,0.0,0.0,0.0,0.0,0.0,0.0,0.0,,,,0.0,0.0,,,,,,,,,,,,,,,,,,
0.0,0.0,0.0,0.0,0.0,0.0,0.0,0.0,0.0,0.0,0.0,0.0,0.0,0.0,0.0,0.0,,,,0.0,0.0,,,,,,,,,,,,,,,,,,
0.0,0.0,0.0,0.0,0.0,0.0,0.0,0.0,0.0,42.10030734539032,0.0,0.0,1.6650745645165443,0.0,0.0,0.0,,,,0.0,0.0,,,,,,,,,,,,,,,,,,
0.0,0.0,0.0,0.0,0.0,0.0,0.0,0.0,0.0,0.0,0.0,0.0,0.0,0.0,0.0,0.0,,,,3.239230066537857,0.0,,,,,,,,,,,,,,,,,,
0.0,0.0,0.0,0.0,0.0,0.0,0.0,0.0,0.0,0.0,0.0,0.0,0.0,0.0,0.0,0.0,,,,0.0,0.0,,,,,,,,,,,,,,,,,,
0.0,0.0,0.0,0.0,0.0,0.0,0.0,0.0,0.0,0.0,0.0,0.0,0.0,0.0,0.0,0.0,,,,0.0,0.0,,,,,,,,,,,,,,,,,,
17.224226891994473,4.337209463119507,21.861931681633,0.0,137.86563873291016,37.78946101665497,2.505641430616379,21.135069429874424,4.644102230668069,11.841460317373276,0.0,91.42418503761292,0.0,0.0,0.0,0.0,,,,0.0,0.0,,,,,,,,,,,,,,,,,,
0.0,0.0,0.0,0.0,1.8288994207978249,0.0,0.0,0.0,0.0,0.0,0.0,0.0,0.0,0.0,2.6289457455277443,0.0,,,,0.0,0.0,,,,,,,,,,,,,,,,,,
0.0,0.0,0.0,0.0,0.0,0.0,0.0,0.0,0.0,0.0,0.0,0.0,0.0,0.0,0.0,0.0,,,,0.0,0.0,,,,,,,,,,,,,,,,,,
0.0,0.0,0.0,0.0,0.0,0.0,0.0,0.0,0.0,0.0,0.0,0.0,0.0,0.0,0.0,0.0,,,,0.0,0.0,,,,,,,,,,,,,,,,,,
0.0,0.0,0.0,0.0,0.0,0.0,0.0,0.0,0.0,0.0,0.0,5.226708203554153,0.0,8.312923461198809,0.0,0.0,,,,0.0,0.0,,,,,,,,,,,,,,,,,,
0.0,0.0,0.0,0.0,0.0,0.0,2.1166302263736725,0.0,7.18088299036026,0.0,0.0,33.3091139793396,14.404863119125366,5.997699871659279,10.618186742067335,0.0,,,,14.790451526641846,14.438652992248535,,,,,,,,,,,,,,,,,,
0.0,0.0,0.0,0.0,0.0,0.0,0.0,0.0,0.0,0.0,0.0,0.0,0.0,0.0,0.0,0.0,,,,0.0,0.0,,,,,,,,,,,,,,,,,,
59.28282737731934,3.317096456885338,12.800568342208862,1.3322865590453148,45.9775447845459,27.791628241539,7.05595538020134,0.0,46.19486927986145,0.0,2.419520728290081,25.19015371799469,46.20954692363739,8.635396510362625,7.826886326074599,11.198382824659348,,,,39.129921793937676,6.3084475696086875,,,,,,,,,,,,,,,,,,
0.0,0.0,0.0,0.0,0.0,0.0,0.0,0.0,0.0,0.0,0.0,0.0,0.0,0.0,0.0,0.0,,,,0.0,0.0,,,,,,,,,,,,,,,,,,
0.0,1.0346517898142338,0.0,2.716406062245369,0.0,0.0,0.0,0.0,0.0,0.0,0.0,0.0,0.0,0.0,0.0,0.0,,,,0.0,0.0,,,,,,,,,,,,,,,,,,
0.0,0.0,0.0,9.117371588945387,54.97495532035828,14.112791419029234,0.0,0.0,207.9788446426392,16.841432452201847,34.387430548667915,109.63056087493895,119.76346969604492,0.0,6.689108908176423,33.85558426380157,,,,17.976127564907074,6.388900429010391,,,,,,,,,,,,,,,,,,
0.0,0.0,0.0,0.0,0.0,0.0,0.0,0.0,0.0,0.0,0.0,0.0,0.0,0.0,0.0,0.0,,,,0.0,0.0,,,,,,,,,,,,,,,,,,
7.884415984153748,1.4230621978640556,8.193980157375336,0.0,0.0,0.0,0.0,8.215129375457764,16.543629765510563,6.603828817605972,0.0,0.0,14.585344493389131,0.0,35.88408231735229,5.2040744572877875,,,,2.67076138406992,0.0,,,,,,,,,,,,,,,,,,
10.308634489774702,0.0,14.466489851474762,1.1050859466195109,10.502266138792036,5.453315377235413,1.5048423781991005,0.8800272829830647,26.79114639759064,3.891413286328316,8.586388826370241,0.0,0.0,8.580845594406128,1.9795564934611318,5.897355079650879,,,,11.259281635284426,0.0,,,,,,,,,,,,,,,,,,
,0.0,0.0,0.0,0.0,1.3418438844382763,6.096285954117775,0.0,0.0,0.0,0.0,0.0,27.543851733207703,0.0,0.0,0.0,,,,0.0,0.0,,,,,,,,,,,,,,,,,,
,,0.0,0.0,0.0,0.0,0.0,0.0,0.0,0.0,0.0,0.0,0.0,0.0,0.0,0.0,,,,0.0,0.0,,,,,,,,,,,,,,,,,,
,,,,,,,,0.0,0.0,0.0,0.0,0.0,0.0,0.0,0.0,,,,0.0,0.0,,,,,,,,,,,,,,,,,,
,,,,,,,,,,,,0.0,0.0,0.0,0.0,,,,0.0,0.0,,,,,,,,,,,,,,,,,,
,,,,,,,,,,,,,,,0.0,,,,0.0,0.0,,,,,,,,,,,,,,,,,,
,,,,,,,,,,,,,,,,,,,0.0,0.0,,,,,,,,,,,,,,,,,,
0.0,0.0,0.0,0.0,0.0,0.0,6.999678909778595,0.0,0.0,0.0,40.699070692062385,0.0,0.0,5.113046243786811,0.0,0.0,0.0,,0.0,0.0,0.0,,,,,,,,,,,,,,,,,,
0.0,0.0,0.0,0.0,76.11688375473021,0.0,0.0,0.0,0.0,0.0,0.0,0.0,0.0,0.0,0.0,0.0,0.0,,0.0,76.11688375473021,0.0,,,,,,,,,,,,,,,,,,
0.0,0.0,0.0,0.0,0.0,0.0,0.0,0.0,0.0,0.0,0.0,0.0,0.0,0.0,0.0,0.0,0.0,,0.0,0.0,0.0,,,,,,,,,,,,,,,,,,
0.0,0.0,0.0,0.0,0.0,0.0,0.0,0.0,0.0,0.0,0.0,0.0,0.0,0.0,0.0,0.0,0.0,,0.0,0.0,0.0,,,,,,,,,,,,,,,,,,
0.0,0.0,0.0,0.0,0.0,0.0,5.100959539413452,56.07103705406189,0.0,0.0,0.0,0.0,0.0,0.0,0.0,0.0,0.0,,0.0,0.0,0.0,,,,,,,,,,,,,,,,,,
0.0,0.0,0.0,0.0,0.0,0.0,0.0,0.0,0.0,0.0,0.0,0.0,0.0,0.0,0.0,0.0,0.0,,0.0,0.0,0.0,,,,,,,,,,,,,,,,,,
8.297497779130937,4.939374327659606,0.0,9.796923398971556,0.0,7.274714112281799,0.0,0.0,0.0,8.453938364982605,0.0,0.0,6.122877821326256,0.0,0.0,0.0,0.0,,0.0,0.0,0.0,,,,,,,,,,,,,,,,,,
0.0,0.0,3.859849646687508,2.471285313367844,0.0,0.0,0.0,0.0,0.0,0.0,0.0,4.187846928834915,0.0,0.0,0.0,0.0,0.0,,0.0,0.0,0.0,,,,,,,,,,,,,,,,,,
151.0946989059448,124.60684776306152,55.50150275230408,18.91550570726395,0.0,117.45172739028929,18.65182369947433,91.45652651786804,56.35231137275696,12.779612839221954,7.469386607408524,6.040295585989952,0.0,6.415998935699463,7.076747715473175,5.661630257964134,0.0,,78.15098166465759,59.49493050575256,78.03026437759401,,,,,,,,,,,,,,,,,,
3.7909030914306636,18.2449072599411,13.081467151641846,4.6819332987070075,0.0,0.0,0.0,0.0,0.0,0.0,14.568103849887848,9.612883627414703,0.0,0.0,11.94457858800888,0.0,2.1993309259414677,,12.54919320344925,0.0,0.0,,,,,,,,,,,,,,,,,,
0.0,0.0,0.0,0.0,0.0,0.0,0.0,0.0,0.0,0.0,0.0,0.0,0.0,0.0,0.0,0.0,0.0,,0.0,0.0,0.0,,,,,,,,,,,,,,,,,,
0.0,0.0,0.0,0.0,0.0,0.0,0.0,0.0,0.0,5.609756708145142,0.0,0.0,2.5936247780919075,0.0,76.11688375473021,4.1668377816677085,0.0,,0.0,0.0,96.23267650604248,,,,,,,,,,,,,,,,,,
0.0,0.0,0.0,0.0,0.0,0.0,0.0,0.0,0.0,0.0,0.0,0.0,0.0,0.0,0.9969620034098624,1.884463056921959,0.0,,1.4056460931897163,0.0,0.0,,,,,,,,,,,,,,,,,,
0.0,0.0,0.0,0.0,0.0,0.0,15.478070080280304,0.0,0.0,0.0,0.0,0.0,0.0,15.432077646255493,5.455559119582176,0.0,0.0,,0.0,0.0,7.293049246072768,,,,,,,,,,,,,,,,,,
57.652145624160774,42.38269627094269,9.46350395679474,6.031688675284387,6.14619217813015,21.44817858934402,17.9689884185791,15.501947700977324,22.054804861545566,5.486252158880234,0.0,0.0,5.4939232766628265,1.4569774270057678,0.0,53.10869216918945,9.323631972074507,,46.754366159439094,16.213911771774292,32.85127282142639,,,,,,,,,,,,,,,,,,
42.83054172992706,0.0,2.0975472405552864,11.597655713558195,55.13002276420593,10.586094856262207,58.98471474647522,20.793826878070828,12.129709124565125,171.7517852783203,12.318599224090574,18.796303868293762,0.0,12.403333932161331,95.69409489631651,8.133891969919205,18.85465234518051,,0.0,50.21342635154724,9.942003339529037,,,,,,,,,,,,,,,,,,
0.0,1.4187504537403584,0.0,5.81914447247982,0.0,9.645780920982359,0.0,1.906093955039978,0.0,11.801835894584654,0.0,1.096411049365997,1.464921608567238,2.730703353881836,0.0,1.7744433134794235,1.8190765753388405,,3.0658969655632973,0.0,0.0,,,,,,,,,,,,,,,,,,
79.69939708709717,24.81799125671387,5.517398193478584,13.226561248302461,5.929715931415558,1.4733511954545977,0.0,0.0,64.62779641151428,11.759372055530546,0.0,3.899330273270607,1.5009067952632904,62.84024715423584,4.454868286848068,22.373701632022858,0.0,,7.650856673717499,29.17914688587189,0.0,,,,,,,,,,,,,,,,,,
7.738753408193588,12.202255427837374,56.160706281661994,0.0,14.571850001811981,31.081736087799072,15.24091511964798,17.52593219280243,13.743135333061216,68.54419708251953,48.80114495754242,0.0,0.0,8.286292850971224,0.0,0.0,1.6887979581952095,,0.0,0.0,0.0,,,,,,,,,,,,,,,,,,
0.0,0.0,0.0,0.0,0.0,0.0,0.0,0.0,0.0,0.0,0.0,0.0,0.0,0.0,0.0,2.8649168089032173,0.0,,0.0,0.0,0.0,,,,,,,,,,,,,,,,,,
0.0,0.0,0.0,0.0,0.0,0.0,0.0,0.0,4.899884760379791,3.812583163380623,1.44167123362422,0.0,0.0,0.0,0.0,0.0,0.0,,0.0,0.0,0.0,,,,,,,,,,,,,,,,,,
0.0,0.0,0.0,0.0,0.0,0.0,0.0,0.0,0.0,0.0,0.0,0.0,0.0,0.0,0.0,0.0,0.0,,0.0,0.0,0.0,,,,,,,,,,,,,,,,,,
0.0,0.0,0.0,0.0,0.0,0.0,0.0,0.0,0.0,0.0,0.0,0.0,0.0,0.0,0.0,0.0,0.0,,0.0,0.0,0.0,,,,,,,,,,,,,,,,,,
0.0,0.0,0.0,0.0,0.0,0.0,0.0,0.0,0.0,0.0,0.0,0.0,0.0,0.0,0.0,0.0,0.0,,0.0,0.0,0.0,,,,,,,,,,,,,,,,,,
0.0,0.0,0.0,0.0,0.0,0.0,0.0,0.0,0.0,0.0,0.0,0.0,0.0,0.0,0.0,0.0,0.0,,0.0,0.0,0.0,,,,,,,,,,,,,,,,,,
,,,0.0,9.259002655744553,0.0,0.0,0.0,0.0,0.0,0.0,0.0,0.0,0.0,0.0,0.0,0.0,,4.168283939361571,54.06209230422974,0.0,,,,,,,,,,,,,,,,,,
,,,0.0,0.0,0.0,0.0,0.0,0.0,0.0,0.0,0.0,0.0,0.0,0.0,0.0,0.0,,0.0,0.0,0.0,,,,,,,,,,,,,,,,,,
,,,,,,,0.0,0.0,0.0,0.0,0.0,0.0,0.0,0.0,0.0,0.0,,0.0,0.0,0.0,,,,,,,,,,,,,,,,,,
,,,,,,,,,,,,,0.0,0.0,0.0,0.0,,0.0,0.0,0.0,,,,,,,,,,,,,,,,,,
,,,,,,,,,,,,,,,0.0,0.0,,0.0,0.0,0.0,,,,,,,,,,,,,,,,,,
,,,,,,,,,,,,,,,,0.0,,0.0,0.0,0.0,,,,,,,,,,,,,,,,,,
1.7959833145141602,4.5623503625392905,13.629332184791565,5.449987575411797,0.0,0.0,3.005381301045418,0.0,16.79072380065918,0.0,7.270828634500503,1.534735970199108,3.722331672906876,1.4251546002924442,0.0,0.0,0.0,0.0,,,,,,,,,,,,,,,,,,,,,
0.0,0.0,0.0,0.0,0.0,0.0,0.0,0.0,0.0,0.0,0.0,0.0,0.0,0.0,0.0,0.0,0.0,0.0,,,,,,,,,,,,,,,,,,,,,
0.0,0.0,0.0,0.0,0.0,0.0,0.0,0.0,0.0,0.0,0.0,0.0,0.0,0.0,0.0,0.0,0.0,0.0,,,,,,,,,,,,,,,,,,,,,
0.0,0.0,1.4709321781992912,3.181052953004837,0.0,0.0,0.0,59.01194214820862,0.0,13.28570693731308,0.0,0.0,4.047470912337303,0.0,0.0,0.0,0.0,0.0,,,,,,,,,,,,,,,,,,,,,
15.816770493984222,35.160231590271,26.16120278835297,24.862344563007355,5.526266619563104,71.86644077301025,4.461213946342467,0.0,12.562595307826994,77.51867771148682,8.264703303575518,38.263514637947075,18.153710663318638,8.758242428302765,0.0,1.0703875683248043,0.0,0.0,,,,,,,,,,,,,,,,,,,,,
0.0,1.4092393219470978,90.70074558258057,29.607918858528137,0.6049375049769878,0.0,0.0,74.08319115638733,0.0,0.0,0.0,11.481823772192,0.0,2.0263569429516792,0.0,0.0,37.36836016178131,0.0,,,,,,,,,,,,,,,,,,,,,
0.0,1.5435178764164448,0.0,38.799089193344116,3.031405061483383,0.0,0.0,0.0,0.0,0.0,0.0,0.0,0.0,0.0,0.0,0.0,0.0,0.0,,,,,,,,,,,,,,,,,,,,,
0.0,0.0,0.0,0.0,0.0,0.0,0.0,0.0,0.0,0.0,0.0,0.0,0.0,0.0,0.0,0.0,0.0,0.0,,,,,,,,,,,,,,,,,,,,,
0.0,6.002483889460564,0.0,0.0,0.0,8.515552431344986,0.0,1.393969543278217,0.0,0.0,0.0,0.0,0.0,4.384976997971536,6.566234678030014,0.0,0.0,26.554223895072933,,,,,,,,,,,,,,,,,,,,,
74.81988668441771,69.98610496520996,5.093353986740112,0.0,5.714239925146103,0.0,0.0,36.75370216369629,0.0,0.0,0.0,12.49229684472084,0.0,24.143312871456146,0.0,0.0,0.0,0.0,,,,,,,,,,,,,,,,,,,,,
1.278175413608551,10.267128795385359,5.462484434247017,3.704941272735596,1.2908668257296083,0.0,0.0,5.829613655805588,0.0,7.464806735515594,1.584647223353386,12.11083009839058,0.0,0.0,0.0,0.0,1.3835572637617588,0.0,,,,,,,,,,,,,,,,,,,,,
0.0,3.502053022384644,0.0,82.78757929801941,5.014137178659438,7.915866374969482,0.0,0.0,0.0,0.0,0.0,13.827702403068542,0.0,3.5658720880746837,0.0,0.0,1.4040622860193253,0.0,,,,,,,,,,,,,,,,,,,,,
0.0,0.0,0.0,0.0,0.0,0.0,0.0,0.0,10.257882624864578,0.0,0.0,8.971707522869108,0.0,0.0,0.0,0.0,35.013440251350396,5.5828701704740515,,,,,,,,,,,,,,,,,,,,,
19.624149799346927,0.0,0.0,0.0,0.0,0.0,0.0,34.860992431640625,3.6487549543380737,9.891892224550249,0.0,33.2202821969986,0.0,0.0,0.0,6.557999551296233,0.0,0.0,,,,,,,,,,,,,,,,,,,,,
8.141498267650602,0.0,1.749524474143982,0.0,0.0,0.0,0.0,0.0,0.0,0.0,0.0,0.0,0.0,0.0,0.0,0.0,0.0,0.0,,,,,,,,,,,,,,,,,,,,,
0.0,0.0,0.0,0.0,0.0,0.0,0.0,0.0,0.0,0.0,0.0,0.0,0.0,0.0,0.0,0.0,0.0,0.0,,,,,,,,,,,,,,,,,,,,,
0.0,0.0,0.0,0.0,0.0,0.0,0.0,0.0,0.0,0.0,0.0,0.0,0.0,0.0,0.0,0.0,0.0,0.0,,,,,,,,,,,,,,,,,,,,,
3.382989764213562,0.0,0.0,0.0,0.0,0.0,0.0,0.0,0.0,0.0,0.0,0.0,0.0,0.0,0.0,0.0,0.0,0.0,,,,,,,,,,,,,,,,,,,,,
0.0,0.0,0.0,0.0,0.0,0.0,0.0,0.0,0.0,0.0,0.0,0.0,0.0,0.0,0.0,0.0,0.0,0.0,,,,,,,,,,,,,,,,,,,,,
0.0,1.3687992468476295,0.0,0.0,0.0,0.0,0.0,0.0,0.0,0.0,0.0,0.0,0.0,0.0,0.0,0.0,0.0,0.0,,,,,,,,,,,,,,,,,,,,,
0.0,0.0,0.0,0.0,0.0,0.0,0.0,0.0,0.0,0.0,0.0,0.0,0.0,0.0,0.0,0.0,0.0,0.0,,,,,,,,,,,,,,,,,,,,,
0.0,0.0,0.0,0.0,0.0,0.0,0.0,0.0,0.0,0.0,0.0,0.0,0.0,0.0,0.0,0.0,0.0,0.0,,,,,,,,,,,,,,,,,,,,,
7.854574173688888,14.841118454933168,40.74274897575378,8.693996816873549,43.52951049804688,0.0,67.81466007232666,0.0,0.0,61.44707798957825,8.295772224664686,0.0,0.0,3.779150545597077,0.0,0.0,36.56690120697022,0.0,,,,,,,,,,,,,,,,,,,,,
0.0,2.4839917197823524,0.0,0.0,0.0,0.0,0.0,0.0,6.242487579584122,0.0,0.0,0.0,3.7922151386737823,6.651356071233749,2.9504632577300067,0.0,0.0,0.0,,,,,,,,,,,,,,,,,,,,,
0.0,0.0,0.0,0.0,0.0,0.0,0.0,0.0,0.0,0.0,0.0,0.0,0.0,0.0,0.0,0.0,0.0,0.0,,,,,,,,,,,,,,,,,,,,,
0.0,0.0,0.0,0.0,0.0,0.0,0.0,0.0,0.0,0.0,0.0,0.0,0.0,0.0,0.0,0.0,0.0,0.0,,,,,,,,,,,,,,,,,,,,,
0.0,0.0,0.0,0.0,0.0,0.0,0.0,0.0,0.0,0.0,0.0,0.0,0.0,0.0,0.0,0.0,0.0,0.0,,,,,,,,,,,,,,,,,,,,,
0.0,0.0,0.0,0.0,0.0,0.0,0.0,0.0,0.0,0.0,0.0,0.0,0.0,0.0,0.0,0.0,0.0,0.0,,,,,,,,,,,,,,,,,,,,,
0.0,0.0,0.0,0.0,0.0,0.0,0.0,0.0,0.0,0.0,0.0,0.0,0.0,0.0,0.0,0.0,0.0,0.0,,,,,,,,,,,,,,,,,,,,,
,,,93.85714530944824,37.60475516319275,2.935396321117878,40.567705035209656,7.699999958276749,40.481209754943855,0.0,0.0,0.0,0.0,16.537192463874813,0.0,0.0,0.0,0.0,,,,,,,,,,,,,,,,,,,,,
,,,,,0.0,0.0,0.0,0.0,0.0,0.0,0.0,0.0,0.0,0.0,0.0,0.0,0.0,,,,,,,,,,,,,,,,,,,,,
,,,,,,,,,0.0,0.0,0.0,0.0,0.0,0.0,0.0,0.0,0.0,,,,,,,,,,,,,,,,,,,,,
,,,,,,,,,,,,,0.0,0.0,0.0,0.0,0.0,,,,,,,,,,,,,,,,,,,,,
,,,,,,,,,,,,,,,,,0.0,,,,,,,,,,,,,,,,,,,,,
