GW1,GW2,GW3,GW4,GW5,GW6,GW7,GW8,GW9,GW10,GW11,GW12,GW13,GW14,GW15,GW16,GW17,GW18,GW19,GW20,GW21,GW21*,GW22,GW22*,GW23,GW24,GW25,GW26,GW27,GW28,GW29,GW30,GW31,GW32,GW33,GW34,GW35,GW36,GW37,GW38
,,,,,,,,,,,,,,,,,,,,,,218.0,,221.0,236.0,,251.0,,279.0,281.0,291.0,304.0,311.0,326.0,331.0,349.0,351.0,365.0,371.0
,,,,,,,,,,,,,,,,,,,,,,218.0,,221.0,236.0,,251.0,,279.0,281.0,291.0,304.0,311.0,326.0,331.0,349.0,351.0,365.0,371.0
,,,,,,,,,,,,,,,,,,,,,,218.0,,221.0,236.0,,251.0,,279.0,281.0,291.0,304.0,311.0,326.0,331.0,349.0,351.0,365.0,371.0
,,,,,,,,,,,,,,,,,,,,,,218.0,,221.0,236.0,,251.0,,279.0,281.0,291.0,304.0,311.0,326.0,331.0,349.0,351.0,365.0,371.0
,,,,,,,,,,,,,,,,,,,,,,218.0,,221.0,236.0,,251.0,,279.0,281.0,291.0,304.0,311.0,326.0,331.0,349.0,351.0,365.0,371.0
,,,,,,,,,,,,,,,,,,,,,,218.0,,221.0,236.0,,251.0,,279.0,281.0,291.0,304.0,311.0,326.0,331.0,349.0,351.0,365.0,371.0
,,,,,,,,,,,,,,,,,,,,,,218.0,,221.0,236.0,,251.0,,279.0,281.0,291.0,304.0,311.0,326.0,331.0,349.0,351.0,365.0,371.0
,,,,,,,,,,,,,,,,,,,,,,218.0,,221.0,236.0,,251.0,,279.0,281.0,291.0,304.0,311.0,326.0,331.0,349.0,351.0,365.0,371.0
,,,,,,,,,,,,,,,,,,,,,,218.0,,221.0,236.0,,251.0,,279.0,281.0,291.0,304.0,311.0,326.0,331.0,349.0,351.0,365.0,371.0
,,,,,,,,,,,,,,,,,,,,,,218.0,,221.0,236.0,,251.0,,279.0,281.0,291.0,304.0,311.0,326.0,331.0,349.0,351.0,365.0,371.0
,,,,,,,,,,,,,,,,,,,,,,218.0,,221.0,236.0,,251.0,,279.0,281.0,291.0,304.0,311.0,326.0,331.0,349.0,351.0,365.0,371.0
,,,,,,,,,,,,,,,,,,,,,,218.0,,221.0,236.0,,251.0,,279.0,281.0,291.0,304.0,311.0,326.0,331.0,349.0,351.0,365.0,371.0
,,,,,,,,,,,,,,,,,,,,,,218.0,,221.0,236.0,,251.0,,279.0,281.0,291.0,304.0,311.0,326.0,331.0,349.0,351.0,365.0,371.0
,,,,,,,,,,,,,,,,,,,,,,218.0,,221.0,236.0,,251.0,,279.0,281.0,291.0,304.0,311.0,326.0,331.0,349.0,351.0,365.0,371.0
,,,,,,,,,,,,,,,,,,,,,,218.0,,221.0,236.0,,251.0,,279.0,281.0,291.0,304.0,311.0,326.0,331.0,349.0,351.0,365.0,371.0
,,,,,,,,,,,,,,,,,,,,,,218.0,,221.0,236.0,,251.0,,279.0,281.0,291.0,304.0,311.0,326.0,331.0,349.0,351.0,365.0,371.0
,,,,,,,,,,,,,,,,,,,,,,218.0,,221.0,236.0,,251.0,,279.0,281.0,291.0,304.0,311.0,326.0,331.0,349.0,351.0,365.0,371.0
,,,,,,,,,,,,,,,,,,,,,,218.0,,221.0,236.0,,251.0,,279.0,281.0,291.0,304.0,311.0,326.0,331.0,349.0,351.0,365.0,371.0
,,,,,,,,,,,,,,,,,,,,,,218.0,,221.0,236.0,,251.0,,279.0,281.0,291.0,304.0,311.0,326.0,331.0,349.0,351.0,365.0,371.0
,,,,,,,,,,,,,,,,,,,,,,218.0,,221.0,236.0,,251.0,,279.0,281.0,291.0,304.0,311.0,326.0,331.0,349.0,351.0,365.0,371.0
,,,,,,,,,,,,,,,,,,,,,,218.0,,221.0,236.0,,251.0,,279.0,281.0,291.0,304.0,311.0,326.0,331.0,349.0,351.0,365.0,371.0
,,,,,,,,,,,,,,,,,,,,,,218.0,,221.0,236.0,,251.0,,279.0,281.0,291.0,304.0,311.0,326.0,331.0,349.0,351.0,365.0,371.0
,,,,,,,,,,,,,,,,,,,,,,218.0,,221.0,236.0,,251.0,,279.0,281.0,291.0,304.0,311.0,326.0,331.0,349.0,351.0,365.0,371.0
,,,,,,,,,,,,,,,,,,,,,,218.0,,221.0,236.0,,251.0,,279.0,281.0,291.0,304.0,311.0,326.0,331.0,349.0,351.0,365.0,371.0
,,,,,,,,,,,,,,,,,,,,,,218.0,,221.0,236.0,,251.0,,279.0,281.0,291.0,304.0,311.0,326.0,331.0,349.0,351.0,365.0,371.0
,,,,,,,,,,,,,,,,,,,,,,218.0,,221.0,236.0,,251.0,,279.0,281.0,291.0,304.0,311.0,326.0,331.0,349.0,351.0,365.0,371.0
,,,,,,,,,,,,,,,,,,,,,,218.0,,221.0,236.0,,251.0,,279.0,281.0,291.0,304.0,311.0,326.0,331.0,349.0,351.0,365.0,371.0
,,,,,,,,,,,,,,,,,,,,,,218.0,,221.0,236.0,,251.0,,279.0,281.0,291.0,304.0,311.0,326.0,331.0,349.0,351.0,365.0,371.0
,,,,,,,,,,,,,,,,,,,,,,218.0,,221.0,236.0,,251.0,,279.0,281.0,291.0,304.0,311.0,326.0,331.0,349.0,351.0,365.0,371.0
,,,,,,,,,,,,,,,,,,,,,,218.0,,221.0,236.0,,251.0,,279.0,281.0,291.0,304.0,311.0,326.0,331.0,349.0,351.0,365.0,371.0
,,,,,,,,,,,,,,,,,,,,,,218.0,,221.0,236.0,,251.0,,279.0,281.0,291.0,304.0,311.0,326.0,331.0,349.0,351.0,365.0,371.0
,,,,,,,,,,,,,,,,,,,,,,218.0,,221.0,236.0,,251.0,,279.0,281.0,291.0,304.0,311.0,326.0,331.0,349.0,351.0,365.0,371.0
,,,,,,,,,,,,,,,,,,,,,,218.0,,221.0,236.0,,251.0,,279.0,281.0,291.0,304.0,311.0,326.0,331.0,349.0,351.0,365.0,371.0
,,,,,,,,,,,,,,,,,,,,,,218.0,,221.0,236.0,,251.0,,279.0,281.0,291.0,304.0,311.0,326.0,331.0,349.0,351.0,365.0,371.0
,,,,,,,,,,,,,,,,,,,,,,218.0,,221.0,236.0,,251.0,,279.0,281.0,291.0,304.0,311.0,326.0,331.0,349.0,351.0,365.0,371.0
,,,,,,,,,,,,,,,,,,,,,,218.0,,221.0,236.0,,251.0,,279.0,281.0,291.0,304.0,311.0,326.0,331.0,349.0,351.0,365.0,371.0
,,,,,,,,,,,,,,,,,,,,,,218.0,,221.0,236.0,,251.0,,279.0,281.0,291.0,304.0,311.0,326.0,331.0,349.0,351.0,365.0,371.0
,,,,,,,,,,,,,,,,,,,,,,211.0,,225.0,231.0,247.0,252.0,263.0,271.0,290.0,291.0,310.0,312.0,321.0,337.0,341.0,354.0,361.0,379.0
,,,,,,,,,,,,,,,,,,,,,,211.0,,225.0,231.0,247.0,252.0,263.0,271.0,290.0,291.0,310.0,312.0,321.0,337.0,341.0,354.0,361.0,379.0
,,,,,,,,,,,,,,,,,,,,,,211.0,,225.0,231.0,247.0,252.0,263.0,271.0,290.0,291.0,310.0,312.0,321.0,337.0,341.0,354.0,361.0,379.0
,,,,,,,,,,,,,,,,,,,,,,211.0,,225.0,231.0,247.0,252.0,263.0,271.0,290.0,291.0,310.0,312.0,321.0,337.0,341.0,354.0,361.0,379.0
,,,,,,,,,,,,,,,,,,,,,,211.0,,225.0,231.0,247.0,252.0,263.0,271.0,290.0,291.0,310.0,312.0,321.0,337.0,341.0,354.0,361.0,379.0
,,,,,,,,,,,,,,,,,,,,,,211.0,,225.0,231.0,247.0,252.0,263.0,271.0,290.0,291.0,310.0,312.0,321.0,337.0,341.0,354.0,361.0,379.0
,,,,,,,,,,,,,,,,,,,,,,211.0,,225.0,231.0,247.0,252.0,263.0,271.0,290.0,291.0,310.0,312.0,321.0,337.0,341.0,354.0,361.0,379.0
,,,,,,,,,,,,,,,,,,,,,,211.0,,225.0,231.0,247.0,252.0,263.0,271.0,290.0,291.0,310.0,312.0,321.0,337.0,341.0,354.0,361.0,379.0
,,,,,,,,,,,,,,,,,,,,,,211.0,,225.0,231.0,247.0,252.0,263.0,271.0,290.0,291.0,310.0,312.0,321.0,337.0,341.0,354.0,361.0,379.0
,,,,,,,,,,,,,,,,,,,,,,211.0,,225.0,231.0,247.0,252.0,263.0,271.0,290.0,291.0,310.0,312.0,321.0,337.0,341.0,354.0,361.0,379.0
,,,,,,,,,,,,,,,,,,,,,,211.0,,225.0,231.0,247.0,252.0,263.0,271.0,290.0,291.0,310.0,312.0,321.0,337.0,341.0,354.0,361.0,379.0
,,,,,,,,,,,,,,,,,,,,,,211.0,,225.0,231.0,247.0,252.0,263.0,271.0,290.0,291.0,310.0,312.0,321.0,337.0,341.0,354.0,361.0,379.0
,,,,,,,,,,,,,,,,,,,,,,211.0,,225.0,231.0,247.0,252.0,263.0,271.0,290.0,291.0,310.0,312.0,321.0,337.0,341.0,354.0,361.0,379.0
,,,,,,,,,,,,,,,,,,,,,,211.0,,225.0,231.0,247.0,252.0,263.0,271.0,290.0,291.0,310.0,312.0,321.0,337.0,341.0,354.0,361.0,379.0
,,,,,,,,,,,,,,,,,,,,,,211.0,,225.0,231.0,247.0,252.0,263.0,271.0,290.0,291.0,310.0,312.0,321.0,337.0,341.0,354.0,361.0,379.0
,,,,,,,,,,,,,,,,,,,,,,211.0,,225.0,231.0,247.0,252.0,263.0,271.0,290.0,291.0,310.0,312.0,321.0,337.0,341.0,354.0,361.0,379.0
,,,,,,,,,,,,,,,,,,,,,,211.0,,225.0,231.0,247.0,252.0,263.0,271.0,290.0,291.0,310.0,312.0,321.0,337.0,341.0,354.0,361.0,379.0
,,,,,,,,,,,,,,,,,,,,,,211.0,,225.0,231.0,247.0,252.0,263.0,271.0,290.0,291.0,310.0,312.0,321.0,337.0,341.0,354.0,361.0,379.0
,,,,,,,,,,,,,,,,,,,,,,211.0,,225.0,231.0,247.0,252.0,263.0,271.0,290.0,291.0,310.0,312.0,321.0,337.0,341.0,354.0,361.0,379.0
,,,,,,,,,,,,,,,,,,,,,,211.0,,225.0,231.0,247.0,252.0,263.0,271.0,290.0,291.0,310.0,312.0,321.0,337.0,341.0,354.0,361.0,379.0
,,,,,,,,,,,,,,,,,,,,,,211.0,,225.0,231.0,247.0,252.0,263.0,271.0,290.0,291.0,310.0,312.0,321.0,337.0,341.0,354.0,361.0,379.0
,,,,,,,,,,,,,,,,,,,,,,211.0,,225.0,231.0,247.0,252.0,263.0,271.0,290.0,291.0,310.0,312.0,321.0,337.0,341.0,354.0,361.0,379.0
,,,,,,,,,,,,,,,,,,,,,,211.0,,225.0,231.0,247.0,252.0,263.0,271.0,290.0,291.0,310.0,312.0,321.0,337.0,341.0,354.0,361.0,379.0
,,,,,,,,,,,,,,,,,,,,,,211.0,,225.0,231.0,247.0,252.0,263.0,271.0,290.0,291.0,310.0,312.0,321.0,337.0,341.0,354.0,361.0,379.0
,,,,,,,,,,,,,,,,,,,,,,211.0,,225.0,231.0,247.0,252.0,263.0,271.0,290.0,291.0,310.0,312.0,321.0,337.0,341.0,354.0,361.0,379.0
,,,,,,,,,,,,,,,,,,,,,,211.0,,225.0,231.0,247.0,252.0,263.0,271.0,290.0,291.0,310.0,312.0,321.0,337.0,341.0,354.0,361.0,379.0
,,,,,,,,,,,,,,,,,,,,,,211.0,,225.0,231.0,247.0,252.0,263.0,271.0,290.0,291.0,310.0,312.0,321.0,337.0,341.0,354.0,361.0,379.0
,,,,,,,,,,,,,,,,,,,,,,211.0,,225.0,231.0,247.0,252.0,263.0,271.0,290.0,291.0,310.0,312.0,321.0,337.0,341.0,354.0,361.0,379.0
,,,,,,,,,,,,,,,,,,,,,,211.0,,225.0,231.0,247.0,252.0,263.0,271.0,290.0,291.0,310.0,312.0,321.0,337.0,341.0,354.0,361.0,379.0
,,,,,,,,,,,,,,,,,,,,,,211.0,,225.0,231.0,247.0,252.0,263.0,271.0,290.0,291.0,310.0,312.0,321.0,337.0,341.0,354.0,361.0,379.0
,,,,,,,,,,,,,,,,,,,,,,211.0,,225.0,231.0,247.0,252.0,263.0,271.0,290.0,291.0,310.0,312.0,321.0,337.0,341.0,354.0,361.0,379.0
,,,,,,,,,,,,,,,,,,,,,,211.0,,225.0,231.0,247.0,252.0,263.0,271.0,290.0,291.0,310.0,312.0,321.0,337.0,341.0,354.0,361.0,379.0
,,,,,,,,,,,,,,,,,,,,,,211.0,,225.0,231.0,247.0,252.0,263.0,271.0,290.0,291.0,310.0,312.0,321.0,337.0,341.0,354.0,361.0,379.0
,,,,,,,,,,,,,,,,,,,,,,211.0,,225.0,231.0,247.0,252.0,263.0,271.0,290.0,291.0,310.0,312.0,321.0,337.0,341.0,354.0,361.0,379.0
,,,,,,,,,,,,,,,,,,,,,,211.0,,225.0,231.0,247.0,252.0,263.0,271.0,290.0,291.0,310.0,312.0,321.0,337.0,341.0,354.0,361.0,379.0
,,,,,,,,,,,,,,,,,,,,,,211.0,,225.0,231.0,247.0,252.0,263.0,271.0,290.0,291.0,310.0,312.0,321.0,337.0,341.0,354.0,361.0,379.0
,,,,,,,,,,,,,,,,,,,,,,211.0,,225.0,231.0,247.0,252.0,263.0,271.0,290.0,291.0,310.0,312.0,321.0,337.0,341.0,354.0,361.0,379.0
,,,,,,,,,,,,,,,,,,,,,,214.0,162.0,222.0,238.0,241.0,251.0,262.0,277.0,282.0,293.0,303.0,313.0,328.0,332.0,344.0,352.0,362.0,372.0
,,,,,,,,,,,,,,,,,,,,,,214.0,162.0,222.0,238.0,241.0,251.0,262.0,277.0,282.0,293.0,303.0,313.0,328.0,332.0,344.0,352.0,362.0,372.0
,,,,,,,,,,,,,,,,,,,,,,214.0,162.0,222.0,238.0,241.0,251.0,262.0,277.0,282.0,293.0,303.0,313.0,328.0,332.0,344.0,352.0,362.0,372.0
,,,,,,,,,,,,,,,,,,,,,,214.0,162.0,222.0,238.0,241.0,251.0,262.0,277.0,282.0,293.0,303.0,313.0,328.0,332.0,344.0,352.0,362.0,372.0
,,,,,,,,,,,,,,,,,,,,,,214.0,162.0,222.0,238.0,241.0,251.0,262.0,277.0,282.0,293.0,303.0,313.0,328.0,332.0,344.0,352.0,362.0,372.0
,,,,,,,,,,,,,,,,,,,,,,214.0,162.0,222.0,238.0,241.0,251.0,262.0,277.0,282.0,293.0,303.0,313.0,328.0,332.0,344.0,352.0,362.0,372.0
,,,,,,,,,,,,,,,,,,,,,,214.0,162.0,222.0,238.0,241.0,251.0,262.0,277.0,282.0,293.0,303.0,313.0,328.0,332.0,344.0,352.0,362.0,372.0
,,,,,,,,,,,,,,,,,,,,,,214.0,162.0,222.0,238.0,241.0,251.0,262.0,277.0,282.0,293.0,303.0,313.0,328.0,332.0,344.0,352.0,362.0,372.0
,,,,,,,,,,,,,,,,,,,,,,214.0,162.0,222.0,238.0,241.0,251.0,262.0,277.0,282.0,293.0,303.0,313.0,328.0,332.0,344.0,352.0,362.0,372.0
,,,,,,,,,,,,,,,,,,,,,,214.0,162.0,222.0,238.0,241.0,251.0,262.0,277.0,282.0,293.0,303.0,313.0,328.0,332.0,344.0,352.0,362.0,372.0
,,,,,,,,,,,,,,,,,,,,,,214.0,162.0,222.0,238.0,241.0,251.0,262.0,277.0,282.0,293.0,303.0,313.0,328.0,332.0,344.0,352.0,362.0,372.0
,,,,,,,,,,,,,,,,,,,,,,214.0,162.0,222.0,238.0,241.0,251.0,262.0,277.0,282.0,293.0,303.0,313.0,328.0,332.0,344.0,352.0,362.0,372.0
,,,,,,,,,,,,,,,,,,,,,,214.0,162.0,222.0,238.0,241.0,251.0,262.0,277.0,282.0,293.0,303.0,313.0,328.0,332.0,344.0,352.0,362.0,372.0
,,,,,,,,,,,,,,,,,,,,,,214.0,162.0,222.0,238.0,241.0,251.0,262.0,277.0,282.0,293.0,303.0,313.0,328.0,332.0,344.0,352.0,362.0,372.0
,,,,,,,,,,,,,,,,,,,,,,214.0,162.0,222.0,238.0,241.0,251.0,262.0,277.0,282.0,293.0,303.0,313.0,328.0,332.0,344.0,352.0,362.0,372.0
,,,,,,,,,,,,,,,,,,,,,,214.0,162.0,222.0,238.0,241.0,251.0,262.0,277.0,282.0,293.0,303.0,313.0,328.0,332.0,344.0,352.0,362.0,372.0
,,,,,,,,,,,,,,,,,,,,,,214.0,162.0,222.0,238.0,241.0,251.0,262.0,277.0,282.0,293.0,303.0,313.0,328.0,332.0,344.0,352.0,362.0,372.0
,,,,,,,,,,,,,,,,,,,,,,214.0,162.0,222.0,238.0,241.0,251.0,262.0,277.0,282.0,293.0,303.0,313.0,328.0,332.0,344.0,352.0,362.0,372.0
,,,,,,,,,,,,,,,,,,,,,,214.0,162.0,222.0,238.0,241.0,251.0,262.0,277.0,282.0,293.0,303.0,313.0,328.0,332.0,344.0,352.0,362.0,372.0
,,,,,,,,,,,,,,,,,,,,,,214.0,162.0,222.0,238.0,241.0,251.0,262.0,277.0,282.0,293.0,303.0,313.0,328.0,332.0,344.0,352.0,362.0,372.0
,,,,,,,,,,,,,,,,,,,,,,214.0,162.0,222.0,238.0,241.0,251.0,262.0,277.0,282.0,293.0,303.0,313.0,328.0,332.0,344.0,352.0,362.0,372.0
,,,,,,,,,,,,,,,,,,,,,,214.0,162.0,222.0,238.0,241.0,251.0,262.0,277.0,282.0,293.0,303.0,313.0,328.0,332.0,344.0,352.0,362.0,372.0
,,,,,,,,,,,,,,,,,,,,,,214.0,162.0,222.0,238.0,241.0,251.0,262.0,277.0,282.0,293.0,303.0,313.0,328.0,332.0,344.0,352.0,362.0,372.0
,,,,,,,,,,,,,,,,,,,,,,214.0,162.0,222.0,238.0,241.0,251.0,262.0,277.0,282.0,293.0,303.0,313.0,328.0,332.0,344.0,352.0,362.0,372.0
,,,,,,,,,,,,,,,,,,,,,,214.0,162.0,222.0,238.0,241.0,251.0,262.0,277.0,282.0,293.0,303.0,313.0,328.0,332.0,344.0,352.0,362.0,372.0
,,,,,,,,,,,,,,,,,,,,,,214.0,162.0,222.0,238.0,241.0,251.0,262.0,277.0,282.0,293.0,303.0,313.0,328.0,332.0,344.0,352.0,362.0,372.0
,,,,,,,,,,,,,,,,,,,,,,214.0,162.0,222.0,238.0,241.0,251.0,262.0,277.0,282.0,293.0,303.0,313.0,328.0,332.0,344.0,352.0,362.0,372.0
,,,,,,,,,,,,,,,,,,,,,,214.0,162.0,222.0,238.0,241.0,251.0,262.0,277.0,282.0,293.0,303.0,313.0,328.0,332.0,344.0,352.0,362.0,372.0
,,,,,,,,,,,,,,,,,,,,,,214.0,162.0,222.0,238.0,241.0,251.0,262.0,277.0,282.0,293.0,303.0,313.0,328.0,332.0,344.0,352.0,362.0,372.0
,,,,,,,,,,,,,,,,,,,,,,214.0,162.0,222.0,238.0,241.0,251.0,262.0,277.0,282.0,293.0,303.0,313.0,328.0,332.0,344.0,352.0,362.0,372.0
,,,,,,,,,,,,,,,,,,,,,,214.0,162.0,222.0,238.0,241.0,251.0,262.0,277.0,282.0,293.0,303.0,313.0,328.0,332.0,344.0,352.0,362.0,372.0
,,,,,,,,,,,,,,,,,,,,,,214.0,162.0,222.0,238.0,241.0,251.0,262.0,277.0,282.0,293.0,303.0,313.0,328.0,332.0,344.0,352.0,362.0,372.0
,,,,,,,,,,,,,,,,,,,,,,214.0,162.0,222.0,238.0,241.0,251.0,262.0,277.0,282.0,293.0,303.0,313.0,328.0,332.0,344.0,352.0,362.0,372.0
,,,,,,,,,,,,,,,,,,,,,,214.0,162.0,222.0,238.0,241.0,251.0,262.0,277.0,282.0,293.0,303.0,313.0,328.0,332.0,344.0,352.0,362.0,372.0
,,,,,,,,,,,,,,,,,,,,,,214.0,162.0,222.0,238.0,241.0,251.0,262.0,277.0,282.0,293.0,303.0,313.0,328.0,332.0,344.0,352.0,362.0,372.0
,,,,,,,,,,,,,,,,,,,,,,214.0,162.0,222.0,238.0,241.0,251.0,262.0,277.0,282.0,293.0,303.0,313.0,328.0,332.0,344.0,352.0,362.0,372.0
,,,,,,,,,,,,,,,,,,,,,,212.0,232.0,227.0,,250.0,253.0,263.0,276.0,283.0,295.0,301.0,311.0,327.0,333.0,350.0,353.0,363.0,373.0
,,,,,,,,,,,,,,,,,,,,,,212.0,232.0,227.0,,250.0,253.0,263.0,276.0,283.0,295.0,301.0,311.0,327.0,333.0,350.0,353.0,363.0,373.0
,,,,,,,,,,,,,,,,,,,,,,212.0,232.0,227.0,,250.0,253.0,263.0,276.0,283.0,295.0,301.0,311.0,327.0,333.0,350.0,353.0,363.0,373.0
,,,,,,,,,,,,,,,,,,,,,,212.0,232.0,227.0,,250.0,253.0,263.0,276.0,283.0,295.0,301.0,311.0,327.0,333.0,350.0,353.0,363.0,373.0
,,,,,,,,,,,,,,,,,,,,,,212.0,232.0,227.0,,250.0,253.0,263.0,276.0,283.0,295.0,301.0,311.0,327.0,333.0,350.0,353.0,363.0,373.0
,,,,,,,,,,,,,,,,,,,,,,212.0,232.0,227.0,,250.0,253.0,263.0,276.0,283.0,295.0,301.0,311.0,327.0,333.0,350.0,353.0,363.0,373.0
,,,,,,,,,,,,,,,,,,,,,,212.0,232.0,227.0,,250.0,253.0,263.0,276.0,283.0,295.0,301.0,311.0,327.0,333.0,350.0,353.0,363.0,373.0
,,,,,,,,,,,,,,,,,,,,,,212.0,232.0,227.0,,250.0,253.0,263.0,276.0,283.0,295.0,301.0,311.0,327.0,333.0,350.0,353.0,363.0,373.0
,,,,,,,,,,,,,,,,,,,,,,212.0,232.0,227.0,,250.0,253.0,263.0,276.0,283.0,295.0,301.0,311.0,327.0,333.0,350.0,353.0,363.0,373.0
,,,,,,,,,,,,,,,,,,,,,,212.0,232.0,227.0,,250.0,253.0,263.0,276.0,283.0,295.0,301.0,311.0,327.0,333.0,350.0,353.0,363.0,373.0
,,,,,,,,,,,,,,,,,,,,,,212.0,232.0,227.0,,250.0,253.0,263.0,276.0,283.0,295.0,301.0,311.0,327.0,333.0,350.0,353.0,363.0,373.0
,,,,,,,,,,,,,,,,,,,,,,212.0,232.0,227.0,,250.0,253.0,263.0,276.0,283.0,295.0,301.0,311.0,327.0,333.0,350.0,353.0,363.0,373.0
,,,,,,,,,,,,,,,,,,,,,,212.0,232.0,227.0,,250.0,253.0,263.0,276.0,283.0,295.0,301.0,311.0,327.0,333.0,350.0,353.0,363.0,373.0
,,,,,,,,,,,,,,,,,,,,,,212.0,232.0,227.0,,250.0,253.0,263.0,276.0,283.0,295.0,301.0,311.0,327.0,333.0,350.0,353.0,363.0,373.0
,,,,,,,,,,,,,,,,,,,,,,212.0,232.0,227.0,,250.0,253.0,263.0,276.0,283.0,295.0,301.0,311.0,327.0,333.0,350.0,353.0,363.0,373.0
,,,,,,,,,,,,,,,,,,,,,,212.0,232.0,227.0,,250.0,253.0,263.0,276.0,283.0,295.0,301.0,311.0,327.0,333.0,350.0,353.0,363.0,373.0
,,,,,,,,,,,,,,,,,,,,,,212.0,232.0,227.0,,250.0,253.0,263.0,276.0,283.0,295.0,301.0,311.0,327.0,333.0,350.0,353.0,363.0,373.0
,,,,,,,,,,,,,,,,,,,,,,212.0,232.0,227.0,,250.0,253.0,263.0,276.0,283.0,295.0,301.0,311.0,327.0,333.0,350.0,353.0,363.0,373.0
,,,,,,,,,,,,,,,,,,,,,,212.0,232.0,227.0,,250.0,253.0,263.0,276.0,283.0,295.0,301.0,311.0,327.0,333.0,350.0,353.0,363.0,373.0
,,,,,,,,,,,,,,,,,,,,,,212.0,232.0,227.0,,250.0,253.0,263.0,276.0,283.0,295.0,301.0,311.0,327.0,333.0,350.0,353.0,363.0,373.0
,,,,,,,,,,,,,,,,,,,,,,212.0,232.0,227.0,,250.0,253.0,263.0,276.0,283.0,295.0,301.0,311.0,327.0,333.0,350.0,353.0,363.0,373.0
,,,,,,,,,,,,,,,,,,,,,,212.0,232.0,227.0,,250.0,253.0,263.0,276.0,283.0,295.0,301.0,311.0,327.0,333.0,350.0,353.0,363.0,373.0
,,,,,,,,,,,,,,,,,,,,,,212.0,232.0,227.0,,250.0,253.0,263.0,276.0,283.0,295.0,301.0,311.0,327.0,333.0,350.0,353.0,363.0,373.0
,,,,,,,,,,,,,,,,,,,,,,212.0,232.0,227.0,,250.0,253.0,263.0,276.0,283.0,295.0,301.0,311.0,327.0,333.0,350.0,353.0,363.0,373.0
,,,,,,,,,,,,,,,,,,,,,,212.0,232.0,227.0,,250.0,253.0,263.0,276.0,283.0,295.0,301.0,311.0,327.0,333.0,350.0,353.0,363.0,373.0
,,,,,,,,,,,,,,,,,,,,,,212.0,232.0,227.0,,250.0,253.0,263.0,276.0,283.0,295.0,301.0,311.0,327.0,333.0,350.0,353.0,363.0,373.0
,,,,,,,,,,,,,,,,,,,,,,212.0,232.0,227.0,,250.0,253.0,263.0,276.0,283.0,295.0,301.0,311.0,327.0,333.0,350.0,353.0,363.0,373.0
,,,,,,,,,,,,,,,,,,,,,,212.0,232.0,227.0,,250.0,253.0,263.0,276.0,283.0,295.0,301.0,311.0,327.0,333.0,350.0,353.0,363.0,373.0
,,,,,,,,,,,,,,,,,,,,,,212.0,232.0,227.0,,250.0,253.0,263.0,276.0,283.0,295.0,301.0,311.0,327.0,333.0,350.0,353.0,363.0,373.0
,,,,,,,,,,,,,,,,,,,,,,212.0,232.0,227.0,,250.0,253.0,263.0,276.0,283.0,295.0,301.0,311.0,327.0,333.0,350.0,353.0,363.0,373.0
,,,,,,,,,,,,,,,,,,,,,,212.0,232.0,227.0,,250.0,253.0,263.0,276.0,283.0,295.0,301.0,311.0,327.0,333.0,350.0,353.0,363.0,373.0
,,,,,,,,,,,,,,,,,,,,,,212.0,232.0,227.0,,250.0,253.0,263.0,276.0,283.0,295.0,301.0,311.0,327.0,333.0,350.0,353.0,363.0,373.0
,,,,,,,,,,,,,,,,,,,,,,212.0,232.0,227.0,,250.0,253.0,263.0,276.0,283.0,295.0,301.0,311.0,327.0,333.0,350.0,353.0,363.0,373.0
,,,,,,,,,,,,,,,,,,,,,,212.0,232.0,227.0,,250.0,253.0,263.0,276.0,283.0,295.0,301.0,311.0,327.0,333.0,350.0,353.0,363.0,373.0
,,,,,,,,,,,,,,,,,,,,,,212.0,232.0,227.0,,250.0,253.0,263.0,276.0,283.0,295.0,301.0,311.0,327.0,333.0,350.0,353.0,363.0,373.0
,,,,,,,,,,,,,,,,,,,,,,212.0,232.0,227.0,,250.0,253.0,263.0,276.0,283.0,295.0,301.0,311.0,327.0,333.0,350.0,353.0,363.0,373.0
,,,,,,,,,,,,,,,,,,,,,,212.0,232.0,227.0,,250.0,253.0,263.0,276.0,283.0,295.0,301.0,311.0,327.0,333.0,350.0,353.0,363.0,373.0
,,,,,,,,,,,,,,,,,,,,,,213.0,164.0,221.0,233.0,242.0,253.0,265.0,272.0,282.0,292.0,302.0,318.0,329.0,334.0,348.0,354.0,367.0,374.0
,,,,,,,,,,,,,,,,,,,,,,213.0,164.0,221.0,233.0,242.0,253.0,265.0,272.0,282.0,292.0,302.0,318.0,329.0,334.0,348.0,354.0,367.0,374.0
,,,,,,,,,,,,,,,,,,,,,,213.0,164.0,221.0,233.0,242.0,253.0,265.0,272.0,282.0,292.0,302.0,318.0,329.0,334.0,348.0,354.0,367.0,374.0
,,,,,,,,,,,,,,,,,,,,,,213.0,164.0,221.0,233.0,242.0,253.0,265.0,272.0,282.0,292.0,302.0,318.0,329.0,334.0,348.0,354.0,367.0,374.0
,,,,,,,,,,,,,,,,,,,,,,213.0,164.0,221.0,233.0,242.0,253.0,265.0,272.0,282.0,292.0,302.0,318.0,329.0,334.0,348.0,354.0,367.0,374.0
,,,,,,,,,,,,,,,,,,,,,,213.0,164.0,221.0,233.0,242.0,253.0,265.0,272.0,282.0,292.0,302.0,318.0,329.0,334.0,348.0,354.0,367.0,374.0
,,,,,,,,,,,,,,,,,,,,,,213.0,164.0,221.0,233.0,242.0,253.0,265.0,272.0,282.0,292.0,302.0,318.0,329.0,334.0,348.0,354.0,367.0,374.0
,,,,,,,,,,,,,,,,,,,,,,213.0,164.0,221.0,233.0,242.0,253.0,265.0,272.0,282.0,292.0,302.0,318.0,329.0,334.0,348.0,354.0,367.0,374.0
,,,,,,,,,,,,,,,,,,,,,,213.0,164.0,221.0,233.0,242.0,253.0,265.0,272.0,282.0,292.0,302.0,318.0,329.0,334.0,348.0,354.0,367.0,374.0
,,,,,,,,,,,,,,,,,,,,,,213.0,164.0,221.0,233.0,242.0,253.0,265.0,272.0,282.0,292.0,302.0,318.0,329.0,334.0,348.0,354.0,367.0,374.0
,,,,,,,,,,,,,,,,,,,,,,213.0,164.0,221.0,233.0,242.0,253.0,265.0,272.0,282.0,292.0,302.0,318.0,329.0,334.0,348.0,354.0,367.0,374.0
,,,,,,,,,,,,,,,,,,,,,,213.0,164.0,221.0,233.0,242.0,253.0,265.0,272.0,282.0,292.0,302.0,318.0,329.0,334.0,348.0,354.0,367.0,374.0
,,,,,,,,,,,,,,,,,,,,,,213.0,164.0,221.0,233.0,242.0,253.0,265.0,272.0,282.0,292.0,302.0,318.0,329.0,334.0,348.0,354.0,367.0,374.0
,,,,,,,,,,,,,,,,,,,,,,213.0,164.0,221.0,233.0,242.0,253.0,265.0,272.0,282.0,292.0,302.0,318.0,329.0,334.0,348.0,354.0,367.0,374.0
,,,,,,,,,,,,,,,,,,,,,,213.0,164.0,221.0,233.0,242.0,253.0,265.0,272.0,282.0,292.0,302.0,318.0,329.0,334.0,348.0,354.0,367.0,374.0
,,,,,,,,,,,,,,,,,,,,,,213.0,164.0,221.0,233.0,242.0,253.0,265.0,272.0,282.0,292.0,302.0,318.0,329.0,334.0,348.0,354.0,367.0,374.0
,,,,,,,,,,,,,,,,,,,,,,213.0,164.0,221.0,233.0,242.0,253.0,265.0,272.0,282.0,292.0,302.0,318.0,329.0,334.0,348.0,354.0,367.0,374.0
,,,,,,,,,,,,,,,,,,,,,,213.0,164.0,221.0,233.0,242.0,253.0,265.0,272.0,282.0,292.0,302.0,318.0,329.0,334.0,348.0,354.0,367.0,374.0
,,,,,,,,,,,,,,,,,,,,,,213.0,164.0,221.0,233.0,242.0,253.0,265.0,272.0,282.0,292.0,302.0,318.0,329.0,334.0,348.0,354.0,367.0,374.0
,,,,,,,,,,,,,,,,,,,,,,213.0,164.0,221.0,233.0,242.0,253.0,265.0,272.0,282.0,292.0,302.0,318.0,329.0,334.0,348.0,354.0,367.0,374.0
,,,,,,,,,,,,,,,,,,,,,,213.0,164.0,221.0,233.0,242.0,253.0,265.0,272.0,282.0,292.0,302.0,318.0,329.0,334.0,348.0,354.0,367.0,374.0
,,,,,,,,,,,,,,,,,,,,,,213.0,164.0,221.0,233.0,242.0,253.0,265.0,272.0,282.0,292.0,302.0,318.0,329.0,334.0,348.0,354.0,367.0,374.0
,,,,,,,,,,,,,,,,,,,,,,213.0,164.0,221.0,233.0,242.0,253.0,265.0,272.0,282.0,292.0,302.0,318.0,329.0,334.0,348.0,354.0,367.0,374.0
,,,,,,,,,,,,,,,,,,,,,,213.0,164.0,221.0,233.0,242.0,253.0,265.0,272.0,282.0,292.0,302.0,318.0,329.0,334.0,348.0,354.0,367.0,374.0
,,,,,,,,,,,,,,,,,,,,,,213.0,164.0,221.0,233.0,242.0,253.0,265.0,272.0,282.0,292.0,302.0,318.0,329.0,334.0,348.0,354.0,367.0,374.0
,,,,,,,,,,,,,,,,,,,,,,213.0,164.0,221.0,233.0,242.0,253.0,265.0,272.0,282.0,292.0,302.0,318.0,329.0,334.0,348.0,354.0,367.0,374.0
,,,,,,,,,,,,,,,,,,,,,,213.0,164.0,221.0,233.0,242.0,253.0,265.0,272.0,282.0,292.0,302.0,318.0,329.0,334.0,348.0,354.0,367.0,374.0
,,,,,,,,,,,,,,,,,,,,,,213.0,164.0,221.0,233.0,242.0,253.0,265.0,272.0,282.0,292.0,302.0,318.0,329.0,334.0,348.0,354.0,367.0,374.0
,,,,,,,,,,,,,,,,,,,,,,215.0,232.0,223.0,,,254.0,264.0,272.0,284.0,297.0,303.0,319.0,323.0,335.0,342.0,355.0,364.0,375.0
,,,,,,,,,,,,,,,,,,,,,,215.0,232.0,223.0,,,254.0,264.0,272.0,284.0,297.0,303.0,319.0,323.0,335.0,342.0,355.0,364.0,375.0
,,,,,,,,,,,,,,,,,,,,,,215.0,232.0,223.0,,,254.0,264.0,272.0,284.0,297.0,303.0,319.0,323.0,335.0,342.0,355.0,364.0,375.0
,,,,,,,,,,,,,,,,,,,,,,215.0,232.0,223.0,,,254.0,264.0,272.0,284.0,297.0,303.0,319.0,323.0,335.0,342.0,355.0,364.0,375.0
,,,,,,,,,,,,,,,,,,,,,,215.0,232.0,223.0,,,254.0,264.0,272.0,284.0,297.0,303.0,319.0,323.0,335.0,342.0,355.0,364.0,375.0
,,,,,,,,,,,,,,,,,,,,,,215.0,232.0,223.0,,,254.0,264.0,272.0,284.0,297.0,303.0,319.0,323.0,335.0,342.0,355.0,364.0,375.0
,,,,,,,,,,,,,,,,,,,,,,215.0,232.0,223.0,,,254.0,264.0,272.0,284.0,297.0,303.0,319.0,323.0,335.0,342.0,355.0,364.0,375.0
,,,,,,,,,,,,,,,,,,,,,,215.0,232.0,223.0,,,254.0,264.0,272.0,284.0,297.0,303.0,319.0,323.0,335.0,342.0,355.0,364.0,375.0
,,,,,,,,,,,,,,,,,,,,,,215.0,232.0,223.0,,,254.0,264.0,272.0,284.0,297.0,303.0,319.0,323.0,335.0,342.0,355.0,364.0,375.0
,,,,,,,,,,,,,,,,,,,,,,215.0,232.0,223.0,,,254.0,264.0,272.0,284.0,297.0,303.0,319.0,323.0,335.0,342.0,355.0,364.0,375.0
,,,,,,,,,,,,,,,,,,,,,,215.0,232.0,223.0,,,254.0,264.0,272.0,284.0,297.0,303.0,319.0,323.0,335.0,342.0,355.0,364.0,375.0
,,,,,,,,,,,,,,,,,,,,,,215.0,232.0,223.0,,,254.0,264.0,272.0,284.0,297.0,303.0,319.0,323.0,335.0,342.0,355.0,364.0,375.0
,,,,,,,,,,,,,,,,,,,,,,215.0,232.0,223.0,,,254.0,264.0,272.0,284.0,297.0,303.0,319.0,323.0,335.0,342.0,355.0,364.0,375.0
,,,,,,,,,,,,,,,,,,,,,,215.0,232.0,223.0,,,254.0,264.0,272.0,284.0,297.0,303.0,319.0,323.0,335.0,342.0,355.0,364.0,375.0
,,,,,,,,,,,,,,,,,,,,,,215.0,232.0,223.0,,,254.0,264.0,272.0,284.0,297.0,303.0,319.0,323.0,335.0,342.0,355.0,364.0,375.0
,,,,,,,,,,,,,,,,,,,,,,215.0,232.0,223.0,,,254.0,264.0,272.0,284.0,297.0,303.0,319.0,323.0,335.0,342.0,355.0,364.0,375.0
,,,,,,,,,,,,,,,,,,,,,,215.0,232.0,223.0,,,254.0,264.0,272.0,284.0,297.0,303.0,319.0,323.0,335.0,342.0,355.0,364.0,375.0
,,,,,,,,,,,,,,,,,,,,,,215.0,232.0,223.0,,,254.0,264.0,272.0,284.0,297.0,303.0,319.0,323.0,335.0,342.0,355.0,364.0,375.0
,,,,,,,,,,,,,,,,,,,,,,215.0,232.0,223.0,,,254.0,264.0,272.0,284.0,297.0,303.0,319.0,323.0,335.0,342.0,355.0,364.0,375.0
,,,,,,,,,,,,,,,,,,,,,,215.0,232.0,223.0,,,254.0,264.0,272.0,284.0,297.0,303.0,319.0,323.0,335.0,342.0,355.0,364.0,375.0
,,,,,,,,,,,,,,,,,,,,,,215.0,232.0,223.0,,,254.0,264.0,272.0,284.0,297.0,303.0,319.0,323.0,335.0,342.0,355.0,364.0,375.0
,,,,,,,,,,,,,,,,,,,,,,215.0,232.0,223.0,,,254.0,264.0,272.0,284.0,297.0,303.0,319.0,323.0,335.0,342.0,355.0,364.0,375.0
,,,,,,,,,,,,,,,,,,,,,,215.0,232.0,223.0,,,254.0,264.0,272.0,284.0,297.0,303.0,319.0,323.0,335.0,342.0,355.0,364.0,375.0
,,,,,,,,,,,,,,,,,,,,,,215.0,232.0,223.0,,,254.0,264.0,272.0,284.0,297.0,303.0,319.0,323.0,335.0,342.0,355.0,364.0,375.0
,,,,,,,,,,,,,,,,,,,,,,215.0,232.0,223.0,,,254.0,264.0,272.0,284.0,297.0,303.0,319.0,323.0,335.0,342.0,355.0,364.0,375.0
,,,,,,,,,,,,,,,,,,,,,,215.0,232.0,223.0,,,254.0,264.0,272.0,284.0,297.0,303.0,319.0,323.0,335.0,342.0,355.0,364.0,375.0
,,,,,,,,,,,,,,,,,,,,,,215.0,232.0,223.0,,,254.0,264.0,272.0,284.0,297.0,303.0,319.0,323.0,335.0,342.0,355.0,364.0,375.0
,,,,,,,,,,,,,,,,,,,,,,215.0,232.0,223.0,,,254.0,264.0,272.0,284.0,297.0,303.0,319.0,323.0,335.0,342.0,355.0,364.0,375.0
,,,,,,,,,,,,,,,,,,,,,,215.0,232.0,223.0,,,254.0,264.0,272.0,284.0,297.0,303.0,319.0,323.0,335.0,342.0,355.0,364.0,375.0
,,,,,,,,,,,,,,,,,,,,,,215.0,232.0,223.0,,,254.0,264.0,272.0,284.0,297.0,303.0,319.0,323.0,335.0,342.0,355.0,364.0,375.0
,,,,,,,,,,,,,,,,,,,,,,215.0,232.0,223.0,,,254.0,264.0,272.0,284.0,297.0,303.0,319.0,323.0,335.0,342.0,355.0,364.0,375.0
,,,,,,,,,,,,,,,,,,,,,,215.0,232.0,223.0,,,254.0,264.0,272.0,284.0,297.0,303.0,319.0,323.0,335.0,342.0,355.0,364.0,375.0
,,,,,,,,,,,,,,,,,,,,,,212.0,,224.0,234.0,241.0,254.0,265.0,280.0,285.0,296.0,304.0,315.0,322.0,336.0,346.0,356.0,361.0,376.0
,,,,,,,,,,,,,,,,,,,,,,212.0,,224.0,234.0,241.0,254.0,265.0,280.0,285.0,296.0,304.0,315.0,322.0,336.0,346.0,356.0,361.0,376.0
,,,,,,,,,,,,,,,,,,,,,,212.0,,224.0,234.0,241.0,254.0,265.0,280.0,285.0,296.0,304.0,315.0,322.0,336.0,346.0,356.0,361.0,376.0
,,,,,,,,,,,,,,,,,,,,,,212.0,,224.0,234.0,241.0,254.0,265.0,280.0,285.0,296.0,304.0,315.0,322.0,336.0,346.0,356.0,361.0,376.0
,,,,,,,,,,,,,,,,,,,,,,212.0,,224.0,234.0,241.0,254.0,265.0,280.0,285.0,296.0,304.0,315.0,322.0,336.0,346.0,356.0,361.0,376.0
,,,,,,,,,,,,,,,,,,,,,,212.0,,224.0,234.0,241.0,254.0,265.0,280.0,285.0,296.0,304.0,315.0,322.0,336.0,346.0,356.0,361.0,376.0
,,,,,,,,,,,,,,,,,,,,,,212.0,,224.0,234.0,241.0,254.0,265.0,280.0,285.0,296.0,304.0,315.0,322.0,336.0,346.0,356.0,361.0,376.0
,,,,,,,,,,,,,,,,,,,,,,212.0,,224.0,234.0,241.0,254.0,265.0,280.0,285.0,296.0,304.0,315.0,322.0,336.0,346.0,356.0,361.0,376.0
,,,,,,,,,,,,,,,,,,,,,,212.0,,224.0,234.0,241.0,254.0,265.0,280.0,285.0,296.0,304.0,315.0,322.0,336.0,346.0,356.0,361.0,376.0
,,,,,,,,,,,,,,,,,,,,,,212.0,,224.0,234.0,241.0,254.0,265.0,280.0,285.0,296.0,304.0,315.0,322.0,336.0,346.0,356.0,361.0,376.0
,,,,,,,,,,,,,,,,,,,,,,212.0,,224.0,234.0,241.0,254.0,265.0,280.0,285.0,296.0,304.0,315.0,322.0,336.0,346.0,356.0,361.0,376.0
,,,,,,,,,,,,,,,,,,,,,,212.0,,224.0,234.0,241.0,254.0,265.0,280.0,285.0,296.0,304.0,315.0,322.0,336.0,346.0,356.0,361.0,376.0
,,,,,,,,,,,,,,,,,,,,,,212.0,,224.0,234.0,241.0,254.0,265.0,280.0,285.0,296.0,304.0,315.0,322.0,336.0,346.0,356.0,361.0,376.0
,,,,,,,,,,,,,,,,,,,,,,212.0,,224.0,234.0,241.0,254.0,265.0,280.0,285.0,296.0,304.0,315.0,322.0,336.0,346.0,356.0,361.0,376.0
,,,,,,,,,,,,,,,,,,,,,,212.0,,224.0,234.0,241.0,254.0,265.0,280.0,285.0,296.0,304.0,315.0,322.0,336.0,346.0,356.0,361.0,376.0
,,,,,,,,,,,,,,,,,,,,,,212.0,,224.0,234.0,241.0,254.0,265.0,280.0,285.0,296.0,304.0,315.0,322.0,336.0,346.0,356.0,361.0,376.0
,,,,,,,,,,,,,,,,,,,,,,212.0,,224.0,234.0,241.0,254.0,265.0,280.0,285.0,296.0,304.0,315.0,322.0,336.0,346.0,356.0,361.0,376.0
,,,,,,,,,,,,,,,,,,,,,,212.0,,224.0,234.0,241.0,254.0,265.0,280.0,285.0,296.0,304.0,315.0,322.0,336.0,346.0,356.0,361.0,376.0
,,,,,,,,,,,,,,,,,,,,,,212.0,,224.0,234.0,241.0,254.0,265.0,280.0,285.0,296.0,304.0,315.0,322.0,336.0,346.0,356.0,361.0,376.0
,,,,,,,,,,,,,,,,,,,,,,212.0,,224.0,234.0,241.0,254.0,265.0,280.0,285.0,296.0,304.0,315.0,322.0,336.0,346.0,356.0,361.0,376.0
,,,,,,,,,,,,,,,,,,,,,,212.0,,224.0,234.0,241.0,254.0,265.0,280.0,285.0,296.0,304.0,315.0,322.0,336.0,346.0,356.0,361.0,376.0
,,,,,,,,,,,,,,,,,,,,,,212.0,,224.0,234.0,241.0,254.0,265.0,280.0,285.0,296.0,304.0,315.0,322.0,336.0,346.0,356.0,361.0,376.0
,,,,,,,,,,,,,,,,,,,,,,212.0,,224.0,234.0,241.0,254.0,265.0,280.0,285.0,296.0,304.0,315.0,322.0,336.0,346.0,356.0,361.0,376.0
,,,,,,,,,,,,,,,,,,,,,,212.0,,224.0,234.0,241.0,254.0,265.0,280.0,285.0,296.0,304.0,315.0,322.0,336.0,346.0,356.0,361.0,376.0
,,,,,,,,,,,,,,,,,,,,,,212.0,,224.0,234.0,241.0,254.0,265.0,280.0,285.0,296.0,304.0,315.0,322.0,336.0,346.0,356.0,361.0,376.0
,,,,,,,,,,,,,,,,,,,,,,212.0,,224.0,234.0,241.0,254.0,265.0,280.0,285.0,296.0,304.0,315.0,322.0,336.0,346.0,356.0,361.0,376.0
,,,,,,,,,,,,,,,,,,,,,,212.0,,224.0,234.0,241.0,254.0,265.0,280.0,285.0,296.0,304.0,315.0,322.0,336.0,346.0,356.0,361.0,376.0
,,,,,,,,,,,,,,,,,,,,,,212.0,,224.0,234.0,241.0,254.0,265.0,280.0,285.0,296.0,304.0,315.0,322.0,336.0,346.0,356.0,361.0,376.0
,,,,,,,,,,,,,,,,,,,,,,212.0,,224.0,234.0,241.0,254.0,265.0,280.0,285.0,296.0,304.0,315.0,322.0,336.0,346.0,356.0,361.0,376.0
,,,,,,,,,,,,,,,,,,,,,,212.0,,224.0,234.0,241.0,254.0,265.0,280.0,285.0,296.0,304.0,315.0,322.0,336.0,346.0,356.0,361.0,376.0
,,,,,,,,,,,,,,,,,,,,,,217.0,,225.0,239.0,244.0,258.0,266.0,278.0,286.0,299.0,309.0,314.0,322.0,338.0,342.0,357.0,362.0,371.0
,,,,,,,,,,,,,,,,,,,,,,217.0,,225.0,239.0,244.0,258.0,266.0,278.0,286.0,299.0,309.0,314.0,322.0,338.0,342.0,357.0,362.0,371.0
,,,,,,,,,,,,,,,,,,,,,,217.0,,225.0,239.0,244.0,258.0,266.0,278.0,286.0,299.0,309.0,314.0,322.0,338.0,342.0,357.0,362.0,371.0
,,,,,,,,,,,,,,,,,,,,,,217.0,,225.0,239.0,244.0,258.0,266.0,278.0,286.0,299.0,309.0,314.0,322.0,338.0,342.0,357.0,362.0,371.0
,,,,,,,,,,,,,,,,,,,,,,217.0,,225.0,239.0,244.0,258.0,266.0,278.0,286.0,299.0,309.0,314.0,322.0,338.0,342.0,357.0,362.0,371.0
,,,,,,,,,,,,,,,,,,,,,,217.0,,225.0,239.0,244.0,258.0,266.0,278.0,286.0,299.0,309.0,314.0,322.0,338.0,342.0,357.0,362.0,371.0
,,,,,,,,,,,,,,,,,,,,,,217.0,,225.0,239.0,244.0,258.0,266.0,278.0,286.0,299.0,309.0,314.0,322.0,338.0,342.0,357.0,362.0,371.0
,,,,,,,,,,,,,,,,,,,,,,217.0,,225.0,239.0,244.0,258.0,266.0,278.0,286.0,299.0,309.0,314.0,322.0,338.0,342.0,357.0,362.0,371.0
,,,,,,,,,,,,,,,,,,,,,,217.0,,225.0,239.0,244.0,258.0,266.0,278.0,286.0,299.0,309.0,314.0,322.0,338.0,342.0,357.0,362.0,371.0
,,,,,,,,,,,,,,,,,,,,,,217.0,,225.0,239.0,244.0,258.0,266.0,278.0,286.0,299.0,309.0,314.0,322.0,338.0,342.0,357.0,362.0,371.0
,,,,,,,,,,,,,,,,,,,,,,217.0,,225.0,239.0,244.0,258.0,266.0,278.0,286.0,299.0,309.0,314.0,322.0,338.0,342.0,357.0,362.0,371.0
,,,,,,,,,,,,,,,,,,,,,,217.0,,225.0,239.0,244.0,258.0,266.0,278.0,286.0,299.0,309.0,314.0,322.0,338.0,342.0,357.0,362.0,371.0
,,,,,,,,,,,,,,,,,,,,,,217.0,,225.0,239.0,244.0,258.0,266.0,278.0,286.0,299.0,309.0,314.0,322.0,338.0,342.0,357.0,362.0,371.0
,,,,,,,,,,,,,,,,,,,,,,217.0,,225.0,239.0,244.0,258.0,266.0,278.0,286.0,299.0,309.0,314.0,322.0,338.0,342.0,357.0,362.0,371.0
,,,,,,,,,,,,,,,,,,,,,,217.0,,225.0,239.0,244.0,258.0,266.0,278.0,286.0,299.0,309.0,314.0,322.0,338.0,342.0,357.0,362.0,371.0
,,,,,,,,,,,,,,,,,,,,,,217.0,,225.0,239.0,244.0,258.0,266.0,278.0,286.0,299.0,309.0,314.0,322.0,338.0,342.0,357.0,362.0,371.0
,,,,,,,,,,,,,,,,,,,,,,217.0,,225.0,239.0,244.0,258.0,266.0,278.0,286.0,299.0,309.0,314.0,322.0,338.0,342.0,357.0,362.0,371.0
,,,,,,,,,,,,,,,,,,,,,,217.0,,225.0,239.0,244.0,258.0,266.0,278.0,286.0,299.0,309.0,314.0,322.0,338.0,342.0,357.0,362.0,371.0
,,,,,,,,,,,,,,,,,,,,,,217.0,,225.0,239.0,244.0,258.0,266.0,278.0,286.0,299.0,309.0,314.0,322.0,338.0,342.0,357.0,362.0,371.0
,,,,,,,,,,,,,,,,,,,,,,217.0,,225.0,239.0,244.0,258.0,266.0,278.0,286.0,299.0,309.0,314.0,322.0,338.0,342.0,357.0,362.0,371.0
,,,,,,,,,,,,,,,,,,,,,,217.0,,225.0,239.0,244.0,258.0,266.0,278.0,286.0,299.0,309.0,314.0,322.0,338.0,342.0,357.0,362.0,371.0
,,,,,,,,,,,,,,,,,,,,,,217.0,,225.0,239.0,244.0,258.0,266.0,278.0,286.0,299.0,309.0,314.0,322.0,338.0,342.0,357.0,362.0,371.0
,,,,,,,,,,,,,,,,,,,,,,217.0,,225.0,239.0,244.0,258.0,266.0,278.0,286.0,299.0,309.0,314.0,322.0,338.0,342.0,357.0,362.0,371.0
,,,,,,,,,,,,,,,,,,,,,,217.0,,225.0,239.0,244.0,258.0,266.0,278.0,286.0,299.0,309.0,314.0,322.0,338.0,342.0,357.0,362.0,371.0
,,,,,,,,,,,,,,,,,,,,,,217.0,,225.0,239.0,244.0,258.0,266.0,278.0,286.0,299.0,309.0,314.0,322.0,338.0,342.0,357.0,362.0,371.0
,,,,,,,,,,,,,,,,,,,,,,217.0,,225.0,239.0,244.0,258.0,266.0,278.0,286.0,299.0,309.0,314.0,322.0,338.0,342.0,357.0,362.0,371.0
,,,,,,,,,,,,,,,,,,,,,,217.0,,225.0,239.0,244.0,258.0,266.0,278.0,286.0,299.0,309.0,314.0,322.0,338.0,342.0,357.0,362.0,371.0
,,,,,,,,,,,,,,,,,,,,,,217.0,,225.0,239.0,244.0,258.0,266.0,278.0,286.0,299.0,309.0,314.0,322.0,338.0,342.0,357.0,362.0,371.0
,,,,,,,,,,,,,,,,,,,,,,217.0,,225.0,239.0,244.0,258.0,266.0,278.0,286.0,299.0,309.0,314.0,322.0,338.0,342.0,357.0,362.0,371.0
,,,,,,,,,,,,,,,,,,,,,,217.0,,225.0,239.0,244.0,258.0,266.0,278.0,286.0,299.0,309.0,314.0,322.0,338.0,342.0,357.0,362.0,371.0
,,,,,,,,,,,,,,,,,,,,,,217.0,,225.0,239.0,244.0,258.0,266.0,278.0,286.0,299.0,309.0,314.0,322.0,338.0,342.0,357.0,362.0,371.0
,,,,,,,,,,,,,,,,,,,,,,217.0,,225.0,239.0,244.0,258.0,266.0,278.0,286.0,299.0,309.0,314.0,322.0,338.0,342.0,357.0,362.0,371.0
,,,,,,,,,,,,,,,,,,,,,,217.0,,225.0,239.0,244.0,258.0,266.0,278.0,286.0,299.0,309.0,314.0,322.0,338.0,342.0,357.0,362.0,371.0
,,,,,,,,,,,,,,,,,,,,,,217.0,,225.0,239.0,244.0,258.0,266.0,278.0,286.0,299.0,309.0,314.0,322.0,338.0,342.0,357.0,362.0,371.0
,,,,,,,,,,,,,,,,,,,,,,217.0,,225.0,239.0,244.0,258.0,266.0,278.0,286.0,299.0,309.0,314.0,322.0,338.0,342.0,357.0,362.0,371.0
,,,,,,,,,,,,,,,,,,,,,,217.0,,225.0,239.0,244.0,258.0,266.0,278.0,286.0,299.0,309.0,314.0,322.0,338.0,342.0,357.0,362.0,371.0
,,,,,,,,,,,,,,,,,,,,,,217.0,,225.0,239.0,244.0,258.0,266.0,278.0,286.0,299.0,309.0,314.0,322.0,338.0,342.0,357.0,362.0,371.0
,,,,,,,,,,,,,,,,,,,,,,217.0,,225.0,239.0,244.0,258.0,266.0,278.0,286.0,299.0,309.0,314.0,322.0,338.0,342.0,357.0,362.0,371.0
,,,,,,,,,,,,,,,,,,,,,,217.0,,225.0,239.0,244.0,258.0,266.0,278.0,286.0,299.0,309.0,314.0,322.0,338.0,342.0,357.0,362.0,371.0
,,,,,,,,,,,,,,,,,,,,,,213.0,166.0,227.0,237.0,245.0,260.0,264.0,273.0,281.0,293.0,307.0,315.0,325.0,337.0,347.0,357.0,368.0,377.0
,,,,,,,,,,,,,,,,,,,,,,213.0,166.0,227.0,237.0,245.0,260.0,264.0,273.0,281.0,293.0,307.0,315.0,325.0,337.0,347.0,357.0,368.0,377.0
,,,,,,,,,,,,,,,,,,,,,,213.0,166.0,227.0,237.0,245.0,260.0,264.0,273.0,281.0,293.0,307.0,315.0,325.0,337.0,347.0,357.0,368.0,377.0
,,,,,,,,,,,,,,,,,,,,,,213.0,166.0,227.0,237.0,245.0,260.0,264.0,273.0,281.0,293.0,307.0,315.0,325.0,337.0,347.0,357.0,368.0,377.0
,,,,,,,,,,,,,,,,,,,,,,213.0,166.0,227.0,237.0,245.0,260.0,264.0,273.0,281.0,293.0,307.0,315.0,325.0,337.0,347.0,357.0,368.0,377.0
,,,,,,,,,,,,,,,,,,,,,,213.0,166.0,227.0,237.0,245.0,260.0,264.0,273.0,281.0,293.0,307.0,315.0,325.0,337.0,347.0,357.0,368.0,377.0
,,,,,,,,,,,,,,,,,,,,,,213.0,166.0,227.0,237.0,245.0,260.0,264.0,273.0,281.0,293.0,307.0,315.0,325.0,337.0,347.0,357.0,368.0,377.0
,,,,,,,,,,,,,,,,,,,,,,213.0,166.0,227.0,237.0,245.0,260.0,264.0,273.0,281.0,293.0,307.0,315.0,325.0,337.0,347.0,357.0,368.0,377.0
,,,,,,,,,,,,,,,,,,,,,,213.0,166.0,227.0,237.0,245.0,260.0,264.0,273.0,281.0,293.0,307.0,315.0,325.0,337.0,347.0,357.0,368.0,377.0
,,,,,,,,,,,,,,,,,,,,,,213.0,166.0,227.0,237.0,245.0,260.0,264.0,273.0,281.0,293.0,307.0,315.0,325.0,337.0,347.0,357.0,368.0,377.0
,,,,,,,,,,,,,,,,,,,,,,213.0,166.0,227.0,237.0,245.0,260.0,264.0,273.0,281.0,293.0,307.0,315.0,325.0,337.0,347.0,357.0,368.0,377.0
,,,,,,,,,,,,,,,,,,,,,,213.0,166.0,227.0,237.0,245.0,260.0,264.0,273.0,281.0,293.0,307.0,315.0,325.0,337.0,347.0,357.0,368.0,377.0
,,,,,,,,,,,,,,,,,,,,,,213.0,166.0,227.0,237.0,245.0,260.0,264.0,273.0,281.0,293.0,307.0,315.0,325.0,337.0,347.0,357.0,368.0,377.0
,,,,,,,,,,,,,,,,,,,,,,213.0,166.0,227.0,237.0,245.0,260.0,264.0,273.0,281.0,293.0,307.0,315.0,325.0,337.0,347.0,357.0,368.0,377.0
,,,,,,,,,,,,,,,,,,,,,,213.0,166.0,227.0,237.0,245.0,260.0,264.0,273.0,281.0,293.0,307.0,315.0,325.0,337.0,347.0,357.0,368.0,377.0
,,,,,,,,,,,,,,,,,,,,,,213.0,166.0,227.0,237.0,245.0,260.0,264.0,273.0,281.0,293.0,307.0,315.0,325.0,337.0,347.0,357.0,368.0,377.0
,,,,,,,,,,,,,,,,,,,,,,213.0,166.0,227.0,237.0,245.0,260.0,264.0,273.0,281.0,293.0,307.0,315.0,325.0,337.0,347.0,357.0,368.0,377.0
,,,,,,,,,,,,,,,,,,,,,,213.0,166.0,227.0,237.0,245.0,260.0,264.0,273.0,281.0,293.0,307.0,315.0,325.0,337.0,347.0,357.0,368.0,377.0
,,,,,,,,,,,,,,,,,,,,,,213.0,166.0,227.0,237.0,245.0,260.0,264.0,273.0,281.0,293.0,307.0,315.0,325.0,337.0,347.0,357.0,368.0,377.0
,,,,,,,,,,,,,,,,,,,,,,213.0,166.0,227.0,237.0,245.0,260.0,264.0,273.0,281.0,293.0,307.0,315.0,325.0,337.0,347.0,357.0,368.0,377.0
,,,,,,,,,,,,,,,,,,,,,,213.0,166.0,227.0,237.0,245.0,260.0,264.0,273.0,281.0,293.0,307.0,315.0,325.0,337.0,347.0,357.0,368.0,377.0
,,,,,,,,,,,,,,,,,,,,,,213.0,166.0,227.0,237.0,245.0,260.0,264.0,273.0,281.0,293.0,307.0,315.0,325.0,337.0,347.0,357.0,368.0,377.0
,,,,,,,,,,,,,,,,,,,,,,213.0,166.0,227.0,237.0,245.0,260.0,264.0,273.0,281.0,293.0,307.0,315.0,325.0,337.0,347.0,357.0,368.0,377.0
,,,,,,,,,,,,,,,,,,,,,,213.0,166.0,227.0,237.0,245.0,260.0,264.0,273.0,281.0,293.0,307.0,315.0,325.0,337.0,347.0,357.0,368.0,377.0
,,,,,,,,,,,,,,,,,,,,,,213.0,166.0,227.0,237.0,245.0,260.0,264.0,273.0,281.0,293.0,307.0,315.0,325.0,337.0,347.0,357.0,368.0,377.0
,,,,,,,,,,,,,,,,,,,,,,213.0,166.0,227.0,237.0,245.0,260.0,264.0,273.0,281.0,293.0,307.0,315.0,325.0,337.0,347.0,357.0,368.0,377.0
,,,,,,,,,,,,,,,,,,,,,,213.0,166.0,227.0,237.0,245.0,260.0,264.0,273.0,281.0,293.0,307.0,315.0,325.0,337.0,347.0,357.0,368.0,377.0
,,,,,,,,,,,,,,,,,,,,,,213.0,166.0,227.0,237.0,245.0,260.0,264.0,273.0,281.0,293.0,307.0,315.0,325.0,337.0,347.0,357.0,368.0,377.0
,,,,,,,,,,,,,,,,,,,,,,213.0,166.0,227.0,237.0,245.0,260.0,264.0,273.0,281.0,293.0,307.0,315.0,325.0,337.0,347.0,357.0,368.0,377.0
,,,,,,,,,,,,,,,,,,,,,,213.0,166.0,227.0,237.0,245.0,260.0,264.0,273.0,281.0,293.0,307.0,315.0,325.0,337.0,347.0,357.0,368.0,377.0
,,,,,,,,,,,,,,,,,,,,,,213.0,166.0,227.0,237.0,245.0,260.0,264.0,273.0,281.0,293.0,307.0,315.0,325.0,337.0,347.0,357.0,368.0,377.0
,,,,,,,,,,,,,,,,,,,,,,213.0,166.0,227.0,237.0,245.0,260.0,264.0,273.0,281.0,293.0,307.0,315.0,325.0,337.0,347.0,357.0,368.0,377.0
,,,,,,,,,,,,,,,,,,,,,,219.0,,226.0,231.0,244.0,255.0,267.0,273.0,287.0,300.0,305.0,320.0,323.0,336.0,343.0,351.0,363.0,372.0
,,,,,,,,,,,,,,,,,,,,,,219.0,,226.0,231.0,244.0,255.0,267.0,273.0,287.0,300.0,305.0,320.0,323.0,336.0,343.0,351.0,363.0,372.0
,,,,,,,,,,,,,,,,,,,,,,219.0,,226.0,231.0,244.0,255.0,267.0,273.0,287.0,300.0,305.0,320.0,323.0,336.0,343.0,351.0,363.0,372.0
,,,,,,,,,,,,,,,,,,,,,,219.0,,226.0,231.0,244.0,255.0,267.0,273.0,287.0,300.0,305.0,320.0,323.0,336.0,343.0,351.0,363.0,372.0
,,,,,,,,,,,,,,,,,,,,,,219.0,,226.0,231.0,244.0,255.0,267.0,273.0,287.0,300.0,305.0,320.0,323.0,336.0,343.0,351.0,363.0,372.0
,,,,,,,,,,,,,,,,,,,,,,219.0,,226.0,231.0,244.0,255.0,267.0,273.0,287.0,300.0,305.0,320.0,323.0,336.0,343.0,351.0,363.0,372.0
,,,,,,,,,,,,,,,,,,,,,,219.0,,226.0,231.0,244.0,255.0,267.0,273.0,287.0,300.0,305.0,320.0,323.0,336.0,343.0,351.0,363.0,372.0
,,,,,,,,,,,,,,,,,,,,,,219.0,,226.0,231.0,244.0,255.0,267.0,273.0,287.0,300.0,305.0,320.0,323.0,336.0,343.0,351.0,363.0,372.0
,,,,,,,,,,,,,,,,,,,,,,219.0,,226.0,231.0,244.0,255.0,267.0,273.0,287.0,300.0,305.0,320.0,323.0,336.0,343.0,351.0,363.0,372.0
,,,,,,,,,,,,,,,,,,,,,,219.0,,226.0,231.0,244.0,255.0,267.0,273.0,287.0,300.0,305.0,320.0,323.0,336.0,343.0,351.0,363.0,372.0
,,,,,,,,,,,,,,,,,,,,,,219.0,,226.0,231.0,244.0,255.0,267.0,273.0,287.0,300.0,305.0,320.0,323.0,336.0,343.0,351.0,363.0,372.0
,,,,,,,,,,,,,,,,,,,,,,219.0,,226.0,231.0,244.0,255.0,267.0,273.0,287.0,300.0,305.0,320.0,323.0,336.0,343.0,351.0,363.0,372.0
,,,,,,,,,,,,,,,,,,,,,,219.0,,226.0,231.0,244.0,255.0,267.0,273.0,287.0,300.0,305.0,320.0,323.0,336.0,343.0,351.0,363.0,372.0
,,,,,,,,,,,,,,,,,,,,,,219.0,,226.0,231.0,244.0,255.0,267.0,273.0,287.0,300.0,305.0,320.0,323.0,336.0,343.0,351.0,363.0,372.0
,,,,,,,,,,,,,,,,,,,,,,219.0,,226.0,231.0,244.0,255.0,267.0,273.0,287.0,300.0,305.0,320.0,323.0,336.0,343.0,351.0,363.0,372.0
,,,,,,,,,,,,,,,,,,,,,,219.0,,226.0,231.0,244.0,255.0,267.0,273.0,287.0,300.0,305.0,320.0,323.0,336.0,343.0,351.0,363.0,372.0
,,,,,,,,,,,,,,,,,,,,,,219.0,,226.0,231.0,244.0,255.0,267.0,273.0,287.0,300.0,305.0,320.0,323.0,336.0,343.0,351.0,363.0,372.0
,,,,,,,,,,,,,,,,,,,,,,219.0,,226.0,231.0,244.0,255.0,267.0,273.0,287.0,300.0,305.0,320.0,323.0,336.0,343.0,351.0,363.0,372.0
,,,,,,,,,,,,,,,,,,,,,,219.0,,226.0,231.0,244.0,255.0,267.0,273.0,287.0,300.0,305.0,320.0,323.0,336.0,343.0,351.0,363.0,372.0
,,,,,,,,,,,,,,,,,,,,,,219.0,,226.0,231.0,244.0,255.0,267.0,273.0,287.0,300.0,305.0,320.0,323.0,336.0,343.0,351.0,363.0,372.0
,,,,,,,,,,,,,,,,,,,,,,219.0,,226.0,231.0,244.0,255.0,267.0,273.0,287.0,300.0,305.0,320.0,323.0,336.0,343.0,351.0,363.0,372.0
,,,,,,,,,,,,,,,,,,,,,,219.0,,226.0,231.0,244.0,255.0,267.0,273.0,287.0,300.0,305.0,320.0,323.0,336.0,343.0,351.0,363.0,372.0
,,,,,,,,,,,,,,,,,,,,,,219.0,,226.0,231.0,244.0,255.0,267.0,273.0,287.0,300.0,305.0,320.0,323.0,336.0,343.0,351.0,363.0,372.0
,,,,,,,,,,,,,,,,,,,,,,219.0,,226.0,231.0,244.0,255.0,267.0,273.0,287.0,300.0,305.0,320.0,323.0,336.0,343.0,351.0,363.0,372.0
,,,,,,,,,,,,,,,,,,,,,,219.0,,226.0,231.0,244.0,255.0,267.0,273.0,287.0,300.0,305.0,320.0,323.0,336.0,343.0,351.0,363.0,372.0
,,,,,,,,,,,,,,,,,,,,,,219.0,,226.0,231.0,244.0,255.0,267.0,273.0,287.0,300.0,305.0,320.0,323.0,336.0,343.0,351.0,363.0,372.0
,,,,,,,,,,,,,,,,,,,,,,219.0,,226.0,231.0,244.0,255.0,267.0,273.0,287.0,300.0,305.0,320.0,323.0,336.0,343.0,351.0,363.0,372.0
,,,,,,,,,,,,,,,,,,,,,,219.0,,226.0,231.0,244.0,255.0,267.0,273.0,287.0,300.0,305.0,320.0,323.0,336.0,343.0,351.0,363.0,372.0
,,,,,,,,,,,,,,,,,,,,,,219.0,,226.0,231.0,244.0,255.0,267.0,273.0,287.0,300.0,305.0,320.0,323.0,336.0,343.0,351.0,363.0,372.0
,,,,,,,,,,,,,,,,,,,,,,219.0,,226.0,231.0,244.0,255.0,267.0,273.0,287.0,300.0,305.0,320.0,323.0,336.0,343.0,351.0,363.0,372.0
,,,,,,,,,,,,,,,,,,,,,,219.0,,226.0,231.0,244.0,255.0,267.0,273.0,287.0,300.0,305.0,320.0,323.0,336.0,343.0,351.0,363.0,372.0
,,,,,,,,,,,,,,,,,,,,,,219.0,,226.0,231.0,244.0,255.0,267.0,273.0,287.0,300.0,305.0,320.0,323.0,336.0,343.0,351.0,363.0,372.0
,,,,,,,,,,,,,,,,,,,,,,219.0,,226.0,231.0,244.0,255.0,267.0,273.0,287.0,300.0,305.0,320.0,323.0,336.0,343.0,351.0,363.0,372.0
,,,,,,,,,,,,,,,,,,,,,,219.0,,226.0,231.0,244.0,255.0,267.0,273.0,287.0,300.0,305.0,320.0,323.0,336.0,343.0,351.0,363.0,372.0
,,,,,,,,,,,,,,,,,,,,,,219.0,,226.0,231.0,244.0,255.0,267.0,273.0,287.0,300.0,305.0,320.0,323.0,336.0,343.0,351.0,363.0,372.0
,,,,,,,,,,,,,,,,,,,,,,219.0,,226.0,231.0,244.0,255.0,267.0,273.0,287.0,300.0,305.0,320.0,323.0,336.0,343.0,351.0,363.0,372.0
,,,,,,,,,,,,,,,,,,,,,,214.0,,224.0,237.0,242.0,256.0,,274.0,283.0,294.0,306.0,316.0,321.0,338.0,345.0,358.0,366.0,378.0
,,,,,,,,,,,,,,,,,,,,,,214.0,,224.0,237.0,242.0,256.0,,274.0,283.0,294.0,306.0,316.0,321.0,338.0,345.0,358.0,366.0,378.0
,,,,,,,,,,,,,,,,,,,,,,214.0,,224.0,237.0,242.0,256.0,,274.0,283.0,294.0,306.0,316.0,321.0,338.0,345.0,358.0,366.0,378.0
,,,,,,,,,,,,,,,,,,,,,,214.0,,224.0,237.0,242.0,256.0,,274.0,283.0,294.0,306.0,316.0,321.0,338.0,345.0,358.0,366.0,378.0
,,,,,,,,,,,,,,,,,,,,,,214.0,,224.0,237.0,242.0,256.0,,274.0,283.0,294.0,306.0,316.0,321.0,338.0,345.0,358.0,366.0,378.0
,,,,,,,,,,,,,,,,,,,,,,214.0,,224.0,237.0,242.0,256.0,,274.0,283.0,294.0,306.0,316.0,321.0,338.0,345.0,358.0,366.0,378.0
,,,,,,,,,,,,,,,,,,,,,,214.0,,224.0,237.0,242.0,256.0,,274.0,283.0,294.0,306.0,316.0,321.0,338.0,345.0,358.0,366.0,378.0
,,,,,,,,,,,,,,,,,,,,,,214.0,,224.0,237.0,242.0,256.0,,274.0,283.0,294.0,306.0,316.0,321.0,338.0,345.0,358.0,366.0,378.0
,,,,,,,,,,,,,,,,,,,,,,214.0,,224.0,237.0,242.0,256.0,,274.0,283.0,294.0,306.0,316.0,321.0,338.0,345.0,358.0,366.0,378.0
,,,,,,,,,,,,,,,,,,,,,,214.0,,224.0,237.0,242.0,256.0,,274.0,283.0,294.0,306.0,316.0,321.0,338.0,345.0,358.0,366.0,378.0
,,,,,,,,,,,,,,,,,,,,,,214.0,,224.0,237.0,242.0,256.0,,274.0,283.0,294.0,306.0,316.0,321.0,338.0,345.0,358.0,366.0,378.0
,,,,,,,,,,,,,,,,,,,,,,214.0,,224.0,237.0,242.0,256.0,,274.0,283.0,294.0,306.0,316.0,321.0,338.0,345.0,358.0,366.0,378.0
,,,,,,,,,,,,,,,,,,,,,,214.0,,224.0,237.0,242.0,256.0,,274.0,283.0,294.0,306.0,316.0,321.0,338.0,345.0,358.0,366.0,378.0
,,,,,,,,,,,,,,,,,,,,,,214.0,,224.0,237.0,242.0,256.0,,274.0,283.0,294.0,306.0,316.0,321.0,338.0,345.0,358.0,366.0,378.0
,,,,,,,,,,,,,,,,,,,,,,214.0,,224.0,237.0,242.0,256.0,,274.0,283.0,294.0,306.0,316.0,321.0,338.0,345.0,358.0,366.0,378.0
,,,,,,,,,,,,,,,,,,,,,,214.0,,224.0,237.0,242.0,256.0,,274.0,283.0,294.0,306.0,316.0,321.0,338.0,345.0,358.0,366.0,378.0
,,,,,,,,,,,,,,,,,,,,,,214.0,,224.0,237.0,242.0,256.0,,274.0,283.0,294.0,306.0,316.0,321.0,338.0,345.0,358.0,366.0,378.0
,,,,,,,,,,,,,,,,,,,,,,214.0,,224.0,237.0,242.0,256.0,,274.0,283.0,294.0,306.0,316.0,321.0,338.0,345.0,358.0,366.0,378.0
,,,,,,,,,,,,,,,,,,,,,,214.0,,224.0,237.0,242.0,256.0,,274.0,283.0,294.0,306.0,316.0,321.0,338.0,345.0,358.0,366.0,378.0
,,,,,,,,,,,,,,,,,,,,,,214.0,,224.0,237.0,242.0,256.0,,274.0,283.0,294.0,306.0,316.0,321.0,338.0,345.0,358.0,366.0,378.0
,,,,,,,,,,,,,,,,,,,,,,214.0,,224.0,237.0,242.0,256.0,,274.0,283.0,294.0,306.0,316.0,321.0,338.0,345.0,358.0,366.0,378.0
,,,,,,,,,,,,,,,,,,,,,,214.0,,224.0,237.0,242.0,256.0,,274.0,283.0,294.0,306.0,316.0,321.0,338.0,345.0,358.0,366.0,378.0
,,,,,,,,,,,,,,,,,,,,,,214.0,,224.0,237.0,242.0,256.0,,274.0,283.0,294.0,306.0,316.0,321.0,338.0,345.0,358.0,366.0,378.0
,,,,,,,,,,,,,,,,,,,,,,214.0,,224.0,237.0,242.0,256.0,,274.0,283.0,294.0,306.0,316.0,321.0,338.0,345.0,358.0,366.0,378.0
,,,,,,,,,,,,,,,,,,,,,,214.0,,224.0,237.0,242.0,256.0,,274.0,283.0,294.0,306.0,316.0,321.0,338.0,345.0,358.0,366.0,378.0
,,,,,,,,,,,,,,,,,,,,,,214.0,,224.0,237.0,242.0,256.0,,274.0,283.0,294.0,306.0,316.0,321.0,338.0,345.0,358.0,366.0,378.0
,,,,,,,,,,,,,,,,,,,,,,214.0,,224.0,237.0,242.0,256.0,,274.0,283.0,294.0,306.0,316.0,321.0,338.0,345.0,358.0,366.0,378.0
,,,,,,,,,,,,,,,,,,,,,,214.0,,224.0,237.0,242.0,256.0,,274.0,283.0,294.0,306.0,316.0,321.0,338.0,345.0,358.0,366.0,378.0
,,,,,,,,,,,,,,,,,,,,,,214.0,,224.0,237.0,242.0,256.0,,274.0,283.0,294.0,306.0,316.0,321.0,338.0,345.0,358.0,366.0,378.0
,,,,,,,,,,,,,,,,,,,,,,214.0,,224.0,237.0,242.0,256.0,,274.0,283.0,294.0,306.0,316.0,321.0,338.0,345.0,358.0,366.0,378.0
,,,,,,,,,,,,,,,,,,,,,,214.0,,224.0,237.0,242.0,256.0,,274.0,283.0,294.0,306.0,316.0,321.0,338.0,345.0,358.0,366.0,378.0
,,,,,,,,,,,,,,,,,,,,,,214.0,,224.0,237.0,242.0,256.0,,274.0,283.0,294.0,306.0,316.0,321.0,338.0,345.0,358.0,366.0,378.0
,,,,,,,,,,,,,,,,,,,,,,214.0,,224.0,237.0,242.0,256.0,,274.0,283.0,294.0,306.0,316.0,321.0,338.0,345.0,358.0,366.0,378.0
,,,,,,,,,,,,,,,,,,,,,,214.0,,224.0,237.0,242.0,256.0,,274.0,283.0,294.0,306.0,316.0,321.0,338.0,345.0,358.0,366.0,378.0
,,,,,,,,,,,,,,,,,,,,,,214.0,,224.0,237.0,242.0,256.0,,274.0,283.0,294.0,306.0,316.0,321.0,338.0,345.0,358.0,366.0,378.0
,,,,,,,,,,,,,,,,,,,,,,214.0,,224.0,237.0,242.0,256.0,,274.0,283.0,294.0,306.0,316.0,321.0,338.0,345.0,358.0,366.0,378.0
,,,,,,,,,,,,,,,,,,,,,,215.0,,229.0,238.0,248.0,257.0,266.0,275.0,285.0,295.0,302.0,316.0,330.0,339.0,343.0,359.0,369.0,379.0
,,,,,,,,,,,,,,,,,,,,,,215.0,,229.0,238.0,248.0,257.0,266.0,275.0,285.0,295.0,302.0,316.0,330.0,339.0,343.0,359.0,369.0,379.0
,,,,,,,,,,,,,,,,,,,,,,215.0,,229.0,238.0,248.0,257.0,266.0,275.0,285.0,295.0,302.0,316.0,330.0,339.0,343.0,359.0,369.0,379.0
,,,,,,,,,,,,,,,,,,,,,,215.0,,229.0,238.0,248.0,257.0,266.0,275.0,285.0,295.0,302.0,316.0,330.0,339.0,343.0,359.0,369.0,379.0
,,,,,,,,,,,,,,,,,,,,,,215.0,,229.0,238.0,248.0,257.0,266.0,275.0,285.0,295.0,302.0,316.0,330.0,339.0,343.0,359.0,369.0,379.0
,,,,,,,,,,,,,,,,,,,,,,215.0,,229.0,238.0,248.0,257.0,266.0,275.0,285.0,295.0,302.0,316.0,330.0,339.0,343.0,359.0,369.0,379.0
,,,,,,,,,,,,,,,,,,,,,,215.0,,229.0,238.0,248.0,257.0,266.0,275.0,285.0,295.0,302.0,316.0,330.0,339.0,343.0,359.0,369.0,379.0
,,,,,,,,,,,,,,,,,,,,,,215.0,,229.0,238.0,248.0,257.0,266.0,275.0,285.0,295.0,302.0,316.0,330.0,339.0,343.0,359.0,369.0,379.0
,,,,,,,,,,,,,,,,,,,,,,215.0,,229.0,238.0,248.0,257.0,266.0,275.0,285.0,295.0,302.0,316.0,330.0,339.0,343.0,359.0,369.0,379.0
,,,,,,,,,,,,,,,,,,,,,,215.0,,229.0,238.0,248.0,257.0,266.0,275.0,285.0,295.0,302.0,316.0,330.0,339.0,343.0,359.0,369.0,379.0
,,,,,,,,,,,,,,,,,,,,,,215.0,,229.0,238.0,248.0,257.0,266.0,275.0,285.0,295.0,302.0,316.0,330.0,339.0,343.0,359.0,369.0,379.0
,,,,,,,,,,,,,,,,,,,,,,215.0,,229.0,238.0,248.0,257.0,266.0,275.0,285.0,295.0,302.0,316.0,330.0,339.0,343.0,359.0,369.0,379.0
,,,,,,,,,,,,,,,,,,,,,,215.0,,229.0,238.0,248.0,257.0,266.0,275.0,285.0,295.0,302.0,316.0,330.0,339.0,343.0,359.0,369.0,379.0
,,,,,,,,,,,,,,,,,,,,,,215.0,,229.0,238.0,248.0,257.0,266.0,275.0,285.0,295.0,302.0,316.0,330.0,339.0,343.0,359.0,369.0,379.0
,,,,,,,,,,,,,,,,,,,,,,215.0,,229.0,238.0,248.0,257.0,266.0,275.0,285.0,295.0,302.0,316.0,330.0,339.0,343.0,359.0,369.0,379.0
,,,,,,,,,,,,,,,,,,,,,,215.0,,229.0,238.0,248.0,257.0,266.0,275.0,285.0,295.0,302.0,316.0,330.0,339.0,343.0,359.0,369.0,379.0
,,,,,,,,,,,,,,,,,,,,,,215.0,,229.0,238.0,248.0,257.0,266.0,275.0,285.0,295.0,302.0,316.0,330.0,339.0,343.0,359.0,369.0,379.0
,,,,,,,,,,,,,,,,,,,,,,215.0,,229.0,238.0,248.0,257.0,266.0,275.0,285.0,295.0,302.0,316.0,330.0,339.0,343.0,359.0,369.0,379.0
,,,,,,,,,,,,,,,,,,,,,,215.0,,229.0,238.0,248.0,257.0,266.0,275.0,285.0,295.0,302.0,316.0,330.0,339.0,343.0,359.0,369.0,379.0
,,,,,,,,,,,,,,,,,,,,,,215.0,,229.0,238.0,248.0,257.0,266.0,275.0,285.0,295.0,302.0,316.0,330.0,339.0,343.0,359.0,369.0,379.0
,,,,,,,,,,,,,,,,,,,,,,215.0,,229.0,238.0,248.0,257.0,266.0,275.0,285.0,295.0,302.0,316.0,330.0,339.0,343.0,359.0,369.0,379.0
,,,,,,,,,,,,,,,,,,,,,,215.0,,229.0,238.0,248.0,257.0,266.0,275.0,285.0,295.0,302.0,316.0,330.0,339.0,343.0,359.0,369.0,379.0
,,,,,,,,,,,,,,,,,,,,,,215.0,,229.0,238.0,248.0,257.0,266.0,275.0,285.0,295.0,302.0,316.0,330.0,339.0,343.0,359.0,369.0,379.0
,,,,,,,,,,,,,,,,,,,,,,215.0,,229.0,238.0,248.0,257.0,266.0,275.0,285.0,295.0,302.0,316.0,330.0,339.0,343.0,359.0,369.0,379.0
,,,,,,,,,,,,,,,,,,,,,,215.0,,229.0,238.0,248.0,257.0,266.0,275.0,285.0,295.0,302.0,316.0,330.0,339.0,343.0,359.0,369.0,379.0
,,,,,,,,,,,,,,,,,,,,,,215.0,,229.0,238.0,248.0,257.0,266.0,275.0,285.0,295.0,302.0,316.0,330.0,339.0,343.0,359.0,369.0,379.0
,,,,,,,,,,,,,,,,,,,,,,215.0,,229.0,238.0,248.0,257.0,266.0,275.0,285.0,295.0,302.0,316.0,330.0,339.0,343.0,359.0,369.0,379.0
,,,,,,,,,,,,,,,,,,,,,,215.0,,229.0,238.0,248.0,257.0,266.0,275.0,285.0,295.0,302.0,316.0,330.0,339.0,343.0,359.0,369.0,379.0
,,,,,,,,,,,,,,,,,,,,,,215.0,,229.0,238.0,248.0,257.0,266.0,275.0,285.0,295.0,302.0,316.0,330.0,339.0,343.0,359.0,369.0,379.0
,,,,,,,,,,,,,,,,,,,,,,215.0,,229.0,238.0,248.0,257.0,266.0,275.0,285.0,295.0,302.0,316.0,330.0,339.0,343.0,359.0,369.0,379.0
,,,,,,,,,,,,,,,,,,,,,,215.0,,229.0,238.0,248.0,257.0,266.0,275.0,285.0,295.0,302.0,316.0,330.0,339.0,343.0,359.0,369.0,379.0
,,,,,,,,,,,,,,,,,,,,,,215.0,,229.0,238.0,248.0,257.0,266.0,275.0,285.0,295.0,302.0,316.0,330.0,339.0,343.0,359.0,369.0,379.0
,,,,,,,,,,,,,,,,,,,,,,211.0,162.0,228.0,233.0,246.0,255.0,268.0,275.0,288.0,294.0,307.0,314.0,324.0,331.0,344.0,353.0,364.0,376.0
,,,,,,,,,,,,,,,,,,,,,,211.0,162.0,228.0,233.0,246.0,255.0,268.0,275.0,288.0,294.0,307.0,314.0,324.0,331.0,344.0,353.0,364.0,376.0
,,,,,,,,,,,,,,,,,,,,,,211.0,162.0,228.0,233.0,246.0,255.0,268.0,275.0,288.0,294.0,307.0,314.0,324.0,331.0,344.0,353.0,364.0,376.0
,,,,,,,,,,,,,,,,,,,,,,211.0,162.0,228.0,233.0,246.0,255.0,268.0,275.0,288.0,294.0,307.0,314.0,324.0,331.0,344.0,353.0,364.0,376.0
,,,,,,,,,,,,,,,,,,,,,,211.0,162.0,228.0,233.0,246.0,255.0,268.0,275.0,288.0,294.0,307.0,314.0,324.0,331.0,344.0,353.0,364.0,376.0
,,,,,,,,,,,,,,,,,,,,,,211.0,162.0,228.0,233.0,246.0,255.0,268.0,275.0,288.0,294.0,307.0,314.0,324.0,331.0,344.0,353.0,364.0,376.0
,,,,,,,,,,,,,,,,,,,,,,211.0,162.0,228.0,233.0,246.0,255.0,268.0,275.0,288.0,294.0,307.0,314.0,324.0,331.0,344.0,353.0,364.0,376.0
,,,,,,,,,,,,,,,,,,,,,,211.0,162.0,228.0,233.0,246.0,255.0,268.0,275.0,288.0,294.0,307.0,314.0,324.0,331.0,344.0,353.0,364.0,376.0
,,,,,,,,,,,,,,,,,,,,,,211.0,162.0,228.0,233.0,246.0,255.0,268.0,275.0,288.0,294.0,307.0,314.0,324.0,331.0,344.0,353.0,364.0,376.0
,,,,,,,,,,,,,,,,,,,,,,211.0,162.0,228.0,233.0,246.0,255.0,268.0,275.0,288.0,294.0,307.0,314.0,324.0,331.0,344.0,353.0,364.0,376.0
,,,,,,,,,,,,,,,,,,,,,,211.0,162.0,228.0,233.0,246.0,255.0,268.0,275.0,288.0,294.0,307.0,314.0,324.0,331.0,344.0,353.0,364.0,376.0
,,,,,,,,,,,,,,,,,,,,,,211.0,162.0,228.0,233.0,246.0,255.0,268.0,275.0,288.0,294.0,307.0,314.0,324.0,331.0,344.0,353.0,364.0,376.0
,,,,,,,,,,,,,,,,,,,,,,211.0,162.0,228.0,233.0,246.0,255.0,268.0,275.0,288.0,294.0,307.0,314.0,324.0,331.0,344.0,353.0,364.0,376.0
,,,,,,,,,,,,,,,,,,,,,,211.0,162.0,228.0,233.0,246.0,255.0,268.0,275.0,288.0,294.0,307.0,314.0,324.0,331.0,344.0,353.0,364.0,376.0
,,,,,,,,,,,,,,,,,,,,,,211.0,162.0,228.0,233.0,246.0,255.0,268.0,275.0,288.0,294.0,307.0,314.0,324.0,331.0,344.0,353.0,364.0,376.0
,,,,,,,,,,,,,,,,,,,,,,211.0,162.0,228.0,233.0,246.0,255.0,268.0,275.0,288.0,294.0,307.0,314.0,324.0,331.0,344.0,353.0,364.0,376.0
,,,,,,,,,,,,,,,,,,,,,,211.0,162.0,228.0,233.0,246.0,255.0,268.0,275.0,288.0,294.0,307.0,314.0,324.0,331.0,344.0,353.0,364.0,376.0
,,,,,,,,,,,,,,,,,,,,,,211.0,162.0,228.0,233.0,246.0,255.0,268.0,275.0,288.0,294.0,307.0,314.0,324.0,331.0,344.0,353.0,364.0,376.0
,,,,,,,,,,,,,,,,,,,,,,211.0,162.0,228.0,233.0,246.0,255.0,268.0,275.0,288.0,294.0,307.0,314.0,324.0,331.0,344.0,353.0,364.0,376.0
,,,,,,,,,,,,,,,,,,,,,,211.0,162.0,228.0,233.0,246.0,255.0,268.0,275.0,288.0,294.0,307.0,314.0,324.0,331.0,344.0,353.0,364.0,376.0
,,,,,,,,,,,,,,,,,,,,,,211.0,162.0,228.0,233.0,246.0,255.0,268.0,275.0,288.0,294.0,307.0,314.0,324.0,331.0,344.0,353.0,364.0,376.0
,,,,,,,,,,,,,,,,,,,,,,211.0,162.0,228.0,233.0,246.0,255.0,268.0,275.0,288.0,294.0,307.0,314.0,324.0,331.0,344.0,353.0,364.0,376.0
,,,,,,,,,,,,,,,,,,,,,,211.0,162.0,228.0,233.0,246.0,255.0,268.0,275.0,288.0,294.0,307.0,314.0,324.0,331.0,344.0,353.0,364.0,376.0
,,,,,,,,,,,,,,,,,,,,,,211.0,162.0,228.0,233.0,246.0,255.0,268.0,275.0,288.0,294.0,307.0,314.0,324.0,331.0,344.0,353.0,364.0,376.0
,,,,,,,,,,,,,,,,,,,,,,211.0,162.0,228.0,233.0,246.0,255.0,268.0,275.0,288.0,294.0,307.0,314.0,324.0,331.0,344.0,353.0,364.0,376.0
,,,,,,,,,,,,,,,,,,,,,,211.0,162.0,228.0,233.0,246.0,255.0,268.0,275.0,288.0,294.0,307.0,314.0,324.0,331.0,344.0,353.0,364.0,376.0
,,,,,,,,,,,,,,,,,,,,,,211.0,162.0,228.0,233.0,246.0,255.0,268.0,275.0,288.0,294.0,307.0,314.0,324.0,331.0,344.0,353.0,364.0,376.0
,,,,,,,,,,,,,,,,,,,,,,211.0,162.0,228.0,233.0,246.0,255.0,268.0,275.0,288.0,294.0,307.0,314.0,324.0,331.0,344.0,353.0,364.0,376.0
,,,,,,,,,,,,,,,,,,,,,,211.0,162.0,228.0,233.0,246.0,255.0,268.0,275.0,288.0,294.0,307.0,314.0,324.0,331.0,344.0,353.0,364.0,376.0
,,,,,,,,,,,,,,,,,,,,,,211.0,162.0,228.0,233.0,246.0,255.0,268.0,275.0,288.0,294.0,307.0,314.0,324.0,331.0,344.0,353.0,364.0,376.0
,,,,,,,,,,,,,,,,,,,,,,216.0,,226.0,239.0,247.0,259.0,262.0,276.0,284.0,296.0,308.0,317.0,325.0,340.0,345.0,359.0,365.0,374.0
,,,,,,,,,,,,,,,,,,,,,,216.0,,226.0,239.0,247.0,259.0,262.0,276.0,284.0,296.0,308.0,317.0,325.0,340.0,345.0,359.0,365.0,374.0
,,,,,,,,,,,,,,,,,,,,,,216.0,,226.0,239.0,247.0,259.0,262.0,276.0,284.0,296.0,308.0,317.0,325.0,340.0,345.0,359.0,365.0,374.0
,,,,,,,,,,,,,,,,,,,,,,216.0,,226.0,239.0,247.0,259.0,262.0,276.0,284.0,296.0,308.0,317.0,325.0,340.0,345.0,359.0,365.0,374.0
,,,,,,,,,,,,,,,,,,,,,,216.0,,226.0,239.0,247.0,259.0,262.0,276.0,284.0,296.0,308.0,317.0,325.0,340.0,345.0,359.0,365.0,374.0
,,,,,,,,,,,,,,,,,,,,,,216.0,,226.0,239.0,247.0,259.0,262.0,276.0,284.0,296.0,308.0,317.0,325.0,340.0,345.0,359.0,365.0,374.0
,,,,,,,,,,,,,,,,,,,,,,216.0,,226.0,239.0,247.0,259.0,262.0,276.0,284.0,296.0,308.0,317.0,325.0,340.0,345.0,359.0,365.0,374.0
,,,,,,,,,,,,,,,,,,,,,,216.0,,226.0,239.0,247.0,259.0,262.0,276.0,284.0,296.0,308.0,317.0,325.0,340.0,345.0,359.0,365.0,374.0
,,,,,,,,,,,,,,,,,,,,,,216.0,,226.0,239.0,247.0,259.0,262.0,276.0,284.0,296.0,308.0,317.0,325.0,340.0,345.0,359.0,365.0,374.0
,,,,,,,,,,,,,,,,,,,,,,216.0,,226.0,239.0,247.0,259.0,262.0,276.0,284.0,296.0,308.0,317.0,325.0,340.0,345.0,359.0,365.0,374.0
,,,,,,,,,,,,,,,,,,,,,,216.0,,226.0,239.0,247.0,259.0,262.0,276.0,284.0,296.0,308.0,317.0,325.0,340.0,345.0,359.0,365.0,374.0
,,,,,,,,,,,,,,,,,,,,,,216.0,,226.0,239.0,247.0,259.0,262.0,276.0,284.0,296.0,308.0,317.0,325.0,340.0,345.0,359.0,365.0,374.0
,,,,,,,,,,,,,,,,,,,,,,216.0,,226.0,239.0,247.0,259.0,262.0,276.0,284.0,296.0,308.0,317.0,325.0,340.0,345.0,359.0,365.0,374.0
,,,,,,,,,,,,,,,,,,,,,,216.0,,226.0,239.0,247.0,259.0,262.0,276.0,284.0,296.0,308.0,317.0,325.0,340.0,345.0,359.0,365.0,374.0
,,,,,,,,,,,,,,,,,,,,,,216.0,,226.0,239.0,247.0,259.0,262.0,276.0,284.0,296.0,308.0,317.0,325.0,340.0,345.0,359.0,365.0,374.0
,,,,,,,,,,,,,,,,,,,,,,216.0,,226.0,239.0,247.0,259.0,262.0,276.0,284.0,296.0,308.0,317.0,325.0,340.0,345.0,359.0,365.0,374.0
,,,,,,,,,,,,,,,,,,,,,,216.0,,226.0,239.0,247.0,259.0,262.0,276.0,284.0,296.0,308.0,317.0,325.0,340.0,345.0,359.0,365.0,374.0
,,,,,,,,,,,,,,,,,,,,,,216.0,,226.0,239.0,247.0,259.0,262.0,276.0,284.0,296.0,308.0,317.0,325.0,340.0,345.0,359.0,365.0,374.0
,,,,,,,,,,,,,,,,,,,,,,216.0,,226.0,239.0,247.0,259.0,262.0,276.0,284.0,296.0,308.0,317.0,325.0,340.0,345.0,359.0,365.0,374.0
,,,,,,,,,,,,,,,,,,,,,,216.0,,226.0,239.0,247.0,259.0,262.0,276.0,284.0,296.0,308.0,317.0,325.0,340.0,345.0,359.0,365.0,374.0
,,,,,,,,,,,,,,,,,,,,,,216.0,,226.0,239.0,247.0,259.0,262.0,276.0,284.0,296.0,308.0,317.0,325.0,340.0,345.0,359.0,365.0,374.0
,,,,,,,,,,,,,,,,,,,,,,216.0,,226.0,239.0,247.0,259.0,262.0,276.0,284.0,296.0,308.0,317.0,325.0,340.0,345.0,359.0,365.0,374.0
,,,,,,,,,,,,,,,,,,,,,,216.0,,226.0,239.0,247.0,259.0,262.0,276.0,284.0,296.0,308.0,317.0,325.0,340.0,345.0,359.0,365.0,374.0
,,,,,,,,,,,,,,,,,,,,,,216.0,,226.0,239.0,247.0,259.0,262.0,276.0,284.0,296.0,308.0,317.0,325.0,340.0,345.0,359.0,365.0,374.0
,,,,,,,,,,,,,,,,,,,,,,216.0,,226.0,239.0,247.0,259.0,262.0,276.0,284.0,296.0,308.0,317.0,325.0,340.0,345.0,359.0,365.0,374.0
,,,,,,,,,,,,,,,,,,,,,,216.0,,226.0,239.0,247.0,259.0,262.0,276.0,284.0,296.0,308.0,317.0,325.0,340.0,345.0,359.0,365.0,374.0
,,,,,,,,,,,,,,,,,,,,,,216.0,,226.0,239.0,247.0,259.0,262.0,276.0,284.0,296.0,308.0,317.0,325.0,340.0,345.0,359.0,365.0,374.0
,,,,,,,,,,,,,,,,,,,,,,216.0,,226.0,239.0,247.0,259.0,262.0,276.0,284.0,296.0,308.0,317.0,325.0,340.0,345.0,359.0,365.0,374.0
,,,,,,,,,,,,,,,,,,,,,,216.0,,226.0,239.0,247.0,259.0,262.0,276.0,284.0,296.0,308.0,317.0,325.0,340.0,345.0,359.0,365.0,374.0
,,,,,,,,,,,,,,,,,,,,,,216.0,,226.0,239.0,247.0,259.0,262.0,276.0,284.0,296.0,308.0,317.0,325.0,340.0,345.0,359.0,365.0,374.0
,,,,,,,,,,,,,,,,,,,,,,217.0,,230.0,234.0,248.0,256.0,269.0,277.0,287.0,297.0,301.0,318.0,324.0,340.0,341.0,360.0,370.0,380.0
,,,,,,,,,,,,,,,,,,,,,,217.0,,230.0,234.0,248.0,256.0,269.0,277.0,287.0,297.0,301.0,318.0,324.0,340.0,341.0,360.0,370.0,380.0
,,,,,,,,,,,,,,,,,,,,,,217.0,,230.0,234.0,248.0,256.0,269.0,277.0,287.0,297.0,301.0,318.0,324.0,340.0,341.0,360.0,370.0,380.0
,,,,,,,,,,,,,,,,,,,,,,217.0,,230.0,234.0,248.0,256.0,269.0,277.0,287.0,297.0,301.0,318.0,324.0,340.0,341.0,360.0,370.0,380.0
,,,,,,,,,,,,,,,,,,,,,,217.0,,230.0,234.0,248.0,256.0,269.0,277.0,287.0,297.0,301.0,318.0,324.0,340.0,341.0,360.0,370.0,380.0
,,,,,,,,,,,,,,,,,,,,,,217.0,,230.0,234.0,248.0,256.0,269.0,277.0,287.0,297.0,301.0,318.0,324.0,340.0,341.0,360.0,370.0,380.0
,,,,,,,,,,,,,,,,,,,,,,217.0,,230.0,234.0,248.0,256.0,269.0,277.0,287.0,297.0,301.0,318.0,324.0,340.0,341.0,360.0,370.0,380.0
,,,,,,,,,,,,,,,,,,,,,,217.0,,230.0,234.0,248.0,256.0,269.0,277.0,287.0,297.0,301.0,318.0,324.0,340.0,341.0,360.0,370.0,380.0
,,,,,,,,,,,,,,,,,,,,,,217.0,,230.0,234.0,248.0,256.0,269.0,277.0,287.0,297.0,301.0,318.0,324.0,340.0,341.0,360.0,370.0,380.0
,,,,,,,,,,,,,,,,,,,,,,217.0,,230.0,234.0,248.0,256.0,269.0,277.0,287.0,297.0,301.0,318.0,324.0,340.0,341.0,360.0,370.0,380.0
,,,,,,,,,,,,,,,,,,,,,,217.0,,230.0,234.0,248.0,256.0,269.0,277.0,287.0,297.0,301.0,318.0,324.0,340.0,341.0,360.0,370.0,380.0
,,,,,,,,,,,,,,,,,,,,,,217.0,,230.0,234.0,248.0,256.0,269.0,277.0,287.0,297.0,301.0,318.0,324.0,340.0,341.0,360.0,370.0,380.0
,,,,,,,,,,,,,,,,,,,,,,217.0,,230.0,234.0,248.0,256.0,269.0,277.0,287.0,297.0,301.0,318.0,324.0,340.0,341.0,360.0,370.0,380.0
,,,,,,,,,,,,,,,,,,,,,,217.0,,230.0,234.0,248.0,256.0,269.0,277.0,287.0,297.0,301.0,318.0,324.0,340.0,341.0,360.0,370.0,380.0
,,,,,,,,,,,,,,,,,,,,,,217.0,,230.0,234.0,248.0,256.0,269.0,277.0,287.0,297.0,301.0,318.0,324.0,340.0,341.0,360.0,370.0,380.0
,,,,,,,,,,,,,,,,,,,,,,217.0,,230.0,234.0,248.0,256.0,269.0,277.0,287.0,297.0,301.0,318.0,324.0,340.0,341.0,360.0,370.0,380.0
,,,,,,,,,,,,,,,,,,,,,,217.0,,230.0,234.0,248.0,256.0,269.0,277.0,287.0,297.0,301.0,318.0,324.0,340.0,341.0,360.0,370.0,380.0
,,,,,,,,,,,,,,,,,,,,,,217.0,,230.0,234.0,248.0,256.0,269.0,277.0,287.0,297.0,301.0,318.0,324.0,340.0,341.0,360.0,370.0,380.0
,,,,,,,,,,,,,,,,,,,,,,217.0,,230.0,234.0,248.0,256.0,269.0,277.0,287.0,297.0,301.0,318.0,324.0,340.0,341.0,360.0,370.0,380.0
,,,,,,,,,,,,,,,,,,,,,,217.0,,230.0,234.0,248.0,256.0,269.0,277.0,287.0,297.0,301.0,318.0,324.0,340.0,341.0,360.0,370.0,380.0
,,,,,,,,,,,,,,,,,,,,,,217.0,,230.0,234.0,248.0,256.0,269.0,277.0,287.0,297.0,301.0,318.0,324.0,340.0,341.0,360.0,370.0,380.0
,,,,,,,,,,,,,,,,,,,,,,217.0,,230.0,234.0,248.0,256.0,269.0,277.0,287.0,297.0,301.0,318.0,324.0,340.0,341.0,360.0,370.0,380.0
,,,,,,,,,,,,,,,,,,,,,,217.0,,230.0,234.0,248.0,256.0,269.0,277.0,287.0,297.0,301.0,318.0,324.0,340.0,341.0,360.0,370.0,380.0
,,,,,,,,,,,,,,,,,,,,,,217.0,,230.0,234.0,248.0,256.0,269.0,277.0,287.0,297.0,301.0,318.0,324.0,340.0,341.0,360.0,370.0,380.0
,,,,,,,,,,,,,,,,,,,,,,217.0,,230.0,234.0,248.0,256.0,269.0,277.0,287.0,297.0,301.0,318.0,324.0,340.0,341.0,360.0,370.0,380.0
,,,,,,,,,,,,,,,,,,,,,,217.0,,230.0,234.0,248.0,256.0,269.0,277.0,287.0,297.0,301.0,318.0,324.0,340.0,341.0,360.0,370.0,380.0
,,,,,,,,,,,,,,,,,,,,,,217.0,,230.0,234.0,248.0,256.0,269.0,277.0,287.0,297.0,301.0,318.0,324.0,340.0,341.0,360.0,370.0,380.0
,,,,,,,,,,,,,,,,,,,,,,217.0,,230.0,234.0,248.0,256.0,269.0,277.0,287.0,297.0,301.0,318.0,324.0,340.0,341.0,360.0,370.0,380.0
,,,,,,,,,,,,,,,,,,,,,,217.0,,230.0,234.0,248.0,256.0,269.0,277.0,287.0,297.0,301.0,318.0,324.0,340.0,341.0,360.0,370.0,380.0
,,,,,,,,,,,,,,,,,,,,,,217.0,,230.0,234.0,248.0,256.0,269.0,277.0,287.0,297.0,301.0,318.0,324.0,340.0,341.0,360.0,370.0,380.0
,,,,,,,,,,,,,,,,,,,,,,217.0,,230.0,234.0,248.0,256.0,269.0,277.0,287.0,297.0,301.0,318.0,324.0,340.0,341.0,360.0,370.0,380.0
,,,,,,,,,,,,,,,,,,,,,,217.0,,230.0,234.0,248.0,256.0,269.0,277.0,287.0,297.0,301.0,318.0,324.0,340.0,341.0,360.0,370.0,380.0
,,,,,,,,,,,,,,,,,,,,,,217.0,,230.0,234.0,248.0,256.0,269.0,277.0,287.0,297.0,301.0,318.0,324.0,340.0,341.0,360.0,370.0,380.0
,,,,,,,,,,,,,,,,,,,,,,217.0,,230.0,234.0,248.0,256.0,269.0,277.0,287.0,297.0,301.0,318.0,324.0,340.0,341.0,360.0,370.0,380.0
,,,,,,,,,,,,,,,,,,,,,,217.0,,230.0,234.0,248.0,256.0,269.0,277.0,287.0,297.0,301.0,318.0,324.0,340.0,341.0,360.0,370.0,380.0
,,,,,,,,,,,,,,,,,,,,,,217.0,,230.0,234.0,248.0,256.0,269.0,277.0,287.0,297.0,301.0,318.0,324.0,340.0,341.0,360.0,370.0,380.0
,,,,,,,,,,,,,,,,,,,,,,220.0,,229.0,240.0,246.0,258.0,269.0,271.0,289.0,292.0,305.0,319.0,326.0,333.0,346.0,352.0,366.0,377.0
,,,,,,,,,,,,,,,,,,,,,,220.0,,229.0,240.0,246.0,258.0,269.0,271.0,289.0,292.0,305.0,319.0,326.0,333.0,346.0,352.0,366.0,377.0
,,,,,,,,,,,,,,,,,,,,,,220.0,,229.0,240.0,246.0,258.0,269.0,271.0,289.0,292.0,305.0,319.0,326.0,333.0,346.0,352.0,366.0,377.0
,,,,,,,,,,,,,,,,,,,,,,220.0,,229.0,240.0,246.0,258.0,269.0,271.0,289.0,292.0,305.0,319.0,326.0,333.0,346.0,352.0,366.0,377.0
,,,,,,,,,,,,,,,,,,,,,,220.0,,229.0,240.0,246.0,258.0,269.0,271.0,289.0,292.0,305.0,319.0,326.0,333.0,346.0,352.0,366.0,377.0
,,,,,,,,,,,,,,,,,,,,,,220.0,,229.0,240.0,246.0,258.0,269.0,271.0,289.0,292.0,305.0,319.0,326.0,333.0,346.0,352.0,366.0,377.0
,,,,,,,,,,,,,,,,,,,,,,220.0,,229.0,240.0,246.0,258.0,269.0,271.0,289.0,292.0,305.0,319.0,326.0,333.0,346.0,352.0,366.0,377.0
,,,,,,,,,,,,,,,,,,,,,,220.0,,229.0,240.0,246.0,258.0,269.0,271.0,289.0,292.0,305.0,319.0,326.0,333.0,346.0,352.0,366.0,377.0
,,,,,,,,,,,,,,,,,,,,,,220.0,,229.0,240.0,246.0,258.0,269.0,271.0,289.0,292.0,305.0,319.0,326.0,333.0,346.0,352.0,366.0,377.0
,,,,,,,,,,,,,,,,,,,,,,220.0,,229.0,240.0,246.0,258.0,269.0,271.0,289.0,292.0,305.0,319.0,326.0,333.0,346.0,352.0,366.0,377.0
,,,,,,,,,,,,,,,,,,,,,,220.0,,229.0,240.0,246.0,258.0,269.0,271.0,289.0,292.0,305.0,319.0,326.0,333.0,346.0,352.0,366.0,377.0
,,,,,,,,,,,,,,,,,,,,,,220.0,,229.0,240.0,246.0,258.0,269.0,271.0,289.0,292.0,305.0,319.0,326.0,333.0,346.0,352.0,366.0,377.0
,,,,,,,,,,,,,,,,,,,,,,220.0,,229.0,240.0,246.0,258.0,269.0,271.0,289.0,292.0,305.0,319.0,326.0,333.0,346.0,352.0,366.0,377.0
,,,,,,,,,,,,,,,,,,,,,,220.0,,229.0,240.0,246.0,258.0,269.0,271.0,289.0,292.0,305.0,319.0,326.0,333.0,346.0,352.0,366.0,377.0
,,,,,,,,,,,,,,,,,,,,,,220.0,,229.0,240.0,246.0,258.0,269.0,271.0,289.0,292.0,305.0,319.0,326.0,333.0,346.0,352.0,366.0,377.0
,,,,,,,,,,,,,,,,,,,,,,220.0,,229.0,240.0,246.0,258.0,269.0,271.0,289.0,292.0,305.0,319.0,326.0,333.0,346.0,352.0,366.0,377.0
,,,,,,,,,,,,,,,,,,,,,,220.0,,229.0,240.0,246.0,258.0,269.0,271.0,289.0,292.0,305.0,319.0,326.0,333.0,346.0,352.0,366.0,377.0
,,,,,,,,,,,,,,,,,,,,,,220.0,,229.0,240.0,246.0,258.0,269.0,271.0,289.0,292.0,305.0,319.0,326.0,333.0,346.0,352.0,366.0,377.0
,,,,,,,,,,,,,,,,,,,,,,220.0,,229.0,240.0,246.0,258.0,269.0,271.0,289.0,292.0,305.0,319.0,326.0,333.0,346.0,352.0,366.0,377.0
,,,,,,,,,,,,,,,,,,,,,,220.0,,229.0,240.0,246.0,258.0,269.0,271.0,289.0,292.0,305.0,319.0,326.0,333.0,346.0,352.0,366.0,377.0
,,,,,,,,,,,,,,,,,,,,,,220.0,,229.0,240.0,246.0,258.0,269.0,271.0,289.0,292.0,305.0,319.0,326.0,333.0,346.0,352.0,366.0,377.0
,,,,,,,,,,,,,,,,,,,,,,220.0,,229.0,240.0,246.0,258.0,269.0,271.0,289.0,292.0,305.0,319.0,326.0,333.0,346.0,352.0,366.0,377.0
,,,,,,,,,,,,,,,,,,,,,,220.0,,229.0,240.0,246.0,258.0,269.0,271.0,289.0,292.0,305.0,319.0,326.0,333.0,346.0,352.0,366.0,377.0
,,,,,,,,,,,,,,,,,,,,,,220.0,,229.0,240.0,246.0,258.0,269.0,271.0,289.0,292.0,305.0,319.0,326.0,333.0,346.0,352.0,366.0,377.0
,,,,,,,,,,,,,,,,,,,,,,220.0,,229.0,240.0,246.0,258.0,269.0,271.0,289.0,292.0,305.0,319.0,326.0,333.0,346.0,352.0,366.0,377.0
,,,,,,,,,,,,,,,,,,,,,,220.0,,229.0,240.0,246.0,258.0,269.0,271.0,289.0,292.0,305.0,319.0,326.0,333.0,346.0,352.0,366.0,377.0
,,,,,,,,,,,,,,,,,,,,,,220.0,,229.0,240.0,246.0,258.0,269.0,271.0,289.0,292.0,305.0,319.0,326.0,333.0,346.0,352.0,366.0,377.0
,,,,,,,,,,,,,,,,,,,,,,220.0,,229.0,240.0,246.0,258.0,269.0,271.0,289.0,292.0,305.0,319.0,326.0,333.0,346.0,352.0,366.0,377.0
,,,,,,,,,,,,,,,,,,,,,,220.0,,229.0,240.0,246.0,258.0,269.0,271.0,289.0,292.0,305.0,319.0,326.0,333.0,346.0,352.0,366.0,377.0
,,,,,,,,,,,,,,,,,,,,,,220.0,,229.0,240.0,246.0,258.0,269.0,271.0,289.0,292.0,305.0,319.0,326.0,333.0,346.0,352.0,366.0,377.0
,,,,,,,,,,,,,,,,,,,,,,220.0,,229.0,240.0,246.0,258.0,269.0,271.0,289.0,292.0,305.0,319.0,326.0,333.0,346.0,352.0,366.0,377.0
,,,,,,,,,,,,,,,,,,,,,,218.0,166.0,223.0,240.0,249.0,257.0,267.0,278.0,288.0,298.0,308.0,312.0,327.0,332.0,347.0,358.0,367.0,380.0
,,,,,,,,,,,,,,,,,,,,,,218.0,166.0,223.0,240.0,249.0,257.0,267.0,278.0,288.0,298.0,308.0,312.0,327.0,332.0,347.0,358.0,367.0,380.0
,,,,,,,,,,,,,,,,,,,,,,218.0,166.0,223.0,240.0,249.0,257.0,267.0,278.0,288.0,298.0,308.0,312.0,327.0,332.0,347.0,358.0,367.0,380.0
,,,,,,,,,,,,,,,,,,,,,,218.0,166.0,223.0,240.0,249.0,257.0,267.0,278.0,288.0,298.0,308.0,312.0,327.0,332.0,347.0,358.0,367.0,380.0
,,,,,,,,,,,,,,,,,,,,,,218.0,166.0,223.0,240.0,249.0,257.0,267.0,278.0,288.0,298.0,308.0,312.0,327.0,332.0,347.0,358.0,367.0,380.0
,,,,,,,,,,,,,,,,,,,,,,218.0,166.0,223.0,240.0,249.0,257.0,267.0,278.0,288.0,298.0,308.0,312.0,327.0,332.0,347.0,358.0,367.0,380.0
,,,,,,,,,,,,,,,,,,,,,,218.0,166.0,223.0,240.0,249.0,257.0,267.0,278.0,288.0,298.0,308.0,312.0,327.0,332.0,347.0,358.0,367.0,380.0
,,,,,,,,,,,,,,,,,,,,,,218.0,166.0,223.0,240.0,249.0,257.0,267.0,278.0,288.0,298.0,308.0,312.0,327.0,332.0,347.0,358.0,367.0,380.0
,,,,,,,,,,,,,,,,,,,,,,218.0,166.0,223.0,240.0,249.0,257.0,267.0,278.0,288.0,298.0,308.0,312.0,327.0,332.0,347.0,358.0,367.0,380.0
,,,,,,,,,,,,,,,,,,,,,,218.0,166.0,223.0,240.0,249.0,257.0,267.0,278.0,288.0,298.0,308.0,312.0,327.0,332.0,347.0,358.0,367.0,380.0
,,,,,,,,,,,,,,,,,,,,,,218.0,166.0,223.0,240.0,249.0,257.0,267.0,278.0,288.0,298.0,308.0,312.0,327.0,332.0,347.0,358.0,367.0,380.0
,,,,,,,,,,,,,,,,,,,,,,218.0,166.0,223.0,240.0,249.0,257.0,267.0,278.0,288.0,298.0,308.0,312.0,327.0,332.0,347.0,358.0,367.0,380.0
,,,,,,,,,,,,,,,,,,,,,,218.0,166.0,223.0,240.0,249.0,257.0,267.0,278.0,288.0,298.0,308.0,312.0,327.0,332.0,347.0,358.0,367.0,380.0
,,,,,,,,,,,,,,,,,,,,,,218.0,166.0,223.0,240.0,249.0,257.0,267.0,278.0,288.0,298.0,308.0,312.0,327.0,332.0,347.0,358.0,367.0,380.0
,,,,,,,,,,,,,,,,,,,,,,218.0,166.0,223.0,240.0,249.0,257.0,267.0,278.0,288.0,298.0,308.0,312.0,327.0,332.0,347.0,358.0,367.0,380.0
,,,,,,,,,,,,,,,,,,,,,,218.0,166.0,223.0,240.0,249.0,257.0,267.0,278.0,288.0,298.0,308.0,312.0,327.0,332.0,347.0,358.0,367.0,380.0
,,,,,,,,,,,,,,,,,,,,,,218.0,166.0,223.0,240.0,249.0,257.0,267.0,278.0,288.0,298.0,308.0,312.0,327.0,332.0,347.0,358.0,367.0,380.0
,,,,,,,,,,,,,,,,,,,,,,218.0,166.0,223.0,240.0,249.0,257.0,267.0,278.0,288.0,298.0,308.0,312.0,327.0,332.0,347.0,358.0,367.0,380.0
,,,,,,,,,,,,,,,,,,,,,,218.0,166.0,223.0,240.0,249.0,257.0,267.0,278.0,288.0,298.0,308.0,312.0,327.0,332.0,347.0,358.0,367.0,380.0
,,,,,,,,,,,,,,,,,,,,,,218.0,166.0,223.0,240.0,249.0,257.0,267.0,278.0,288.0,298.0,308.0,312.0,327.0,332.0,347.0,358.0,367.0,380.0
,,,,,,,,,,,,,,,,,,,,,,218.0,166.0,223.0,240.0,249.0,257.0,267.0,278.0,288.0,298.0,308.0,312.0,327.0,332.0,347.0,358.0,367.0,380.0
,,,,,,,,,,,,,,,,,,,,,,218.0,166.0,223.0,240.0,249.0,257.0,267.0,278.0,288.0,298.0,308.0,312.0,327.0,332.0,347.0,358.0,367.0,380.0
,,,,,,,,,,,,,,,,,,,,,,218.0,166.0,223.0,240.0,249.0,257.0,267.0,278.0,288.0,298.0,308.0,312.0,327.0,332.0,347.0,358.0,367.0,380.0
,,,,,,,,,,,,,,,,,,,,,,218.0,166.0,223.0,240.0,249.0,257.0,267.0,278.0,288.0,298.0,308.0,312.0,327.0,332.0,347.0,358.0,367.0,380.0
,,,,,,,,,,,,,,,,,,,,,,218.0,166.0,223.0,240.0,249.0,257.0,267.0,278.0,288.0,298.0,308.0,312.0,327.0,332.0,347.0,358.0,367.0,380.0
,,,,,,,,,,,,,,,,,,,,,,218.0,166.0,223.0,240.0,249.0,257.0,267.0,278.0,288.0,298.0,308.0,312.0,327.0,332.0,347.0,358.0,367.0,380.0
,,,,,,,,,,,,,,,,,,,,,,218.0,166.0,223.0,240.0,249.0,257.0,267.0,278.0,288.0,298.0,308.0,312.0,327.0,332.0,347.0,358.0,367.0,380.0
,,,,,,,,,,,,,,,,,,,,,,218.0,166.0,223.0,240.0,249.0,257.0,267.0,278.0,288.0,298.0,308.0,312.0,327.0,332.0,347.0,358.0,367.0,380.0
,,,,,,,,,,,,,,,,,,,,,,218.0,166.0,223.0,240.0,249.0,257.0,267.0,278.0,288.0,298.0,308.0,312.0,327.0,332.0,347.0,358.0,367.0,380.0
,,,,,,,,,,,,,,,,,,,,,,218.0,166.0,223.0,240.0,249.0,257.0,267.0,278.0,288.0,298.0,308.0,312.0,327.0,332.0,347.0,358.0,367.0,380.0
,,,,,,,,,,,,,,,,,,,,,,218.0,166.0,223.0,240.0,249.0,257.0,267.0,278.0,288.0,298.0,308.0,312.0,327.0,332.0,347.0,358.0,367.0,380.0
,,,,,,,,,,,,,,,,,,,,,,218.0,166.0,223.0,240.0,249.0,257.0,267.0,278.0,288.0,298.0,308.0,312.0,327.0,332.0,347.0,358.0,367.0,380.0
,,,,,,,,,,,,,,,,,,,,,,216.0,164.0,230.0,235.0,250.0,252.0,268.0,279.0,289.0,299.0,306.0,320.0,328.0,339.0,348.0,356.0,368.0,375.0
,,,,,,,,,,,,,,,,,,,,,,216.0,164.0,230.0,235.0,250.0,252.0,268.0,279.0,289.0,299.0,306.0,320.0,328.0,339.0,348.0,356.0,368.0,375.0
,,,,,,,,,,,,,,,,,,,,,,216.0,164.0,230.0,235.0,250.0,252.0,268.0,279.0,289.0,299.0,306.0,320.0,328.0,339.0,348.0,356.0,368.0,375.0
,,,,,,,,,,,,,,,,,,,,,,216.0,164.0,230.0,235.0,250.0,252.0,268.0,279.0,289.0,299.0,306.0,320.0,328.0,339.0,348.0,356.0,368.0,375.0
,,,,,,,,,,,,,,,,,,,,,,216.0,164.0,230.0,235.0,250.0,252.0,268.0,279.0,289.0,299.0,306.0,320.0,328.0,339.0,348.0,356.0,368.0,375.0
,,,,,,,,,,,,,,,,,,,,,,216.0,164.0,230.0,235.0,250.0,252.0,268.0,279.0,289.0,299.0,306.0,320.0,328.0,339.0,348.0,356.0,368.0,375.0
,,,,,,,,,,,,,,,,,,,,,,216.0,164.0,230.0,235.0,250.0,252.0,268.0,279.0,289.0,299.0,306.0,320.0,328.0,339.0,348.0,356.0,368.0,375.0
,,,,,,,,,,,,,,,,,,,,,,216.0,164.0,230.0,235.0,250.0,252.0,268.0,279.0,289.0,299.0,306.0,320.0,328.0,339.0,348.0,356.0,368.0,375.0
,,,,,,,,,,,,,,,,,,,,,,216.0,164.0,230.0,235.0,250.0,252.0,268.0,279.0,289.0,299.0,306.0,320.0,328.0,339.0,348.0,356.0,368.0,375.0
,,,,,,,,,,,,,,,,,,,,,,216.0,164.0,230.0,235.0,250.0,252.0,268.0,279.0,289.0,299.0,306.0,320.0,328.0,339.0,348.0,356.0,368.0,375.0
,,,,,,,,,,,,,,,,,,,,,,216.0,164.0,230.0,235.0,250.0,252.0,268.0,279.0,289.0,299.0,306.0,320.0,328.0,339.0,348.0,356.0,368.0,375.0
,,,,,,,,,,,,,,,,,,,,,,216.0,164.0,230.0,235.0,250.0,252.0,268.0,279.0,289.0,299.0,306.0,320.0,328.0,339.0,348.0,356.0,368.0,375.0
,,,,,,,,,,,,,,,,,,,,,,216.0,164.0,230.0,235.0,250.0,252.0,268.0,279.0,289.0,299.0,306.0,320.0,328.0,339.0,348.0,356.0,368.0,375.0
,,,,,,,,,,,,,,,,,,,,,,216.0,164.0,230.0,235.0,250.0,252.0,268.0,279.0,289.0,299.0,306.0,320.0,328.0,339.0,348.0,356.0,368.0,375.0
,,,,,,,,,,,,,,,,,,,,,,216.0,164.0,230.0,235.0,250.0,252.0,268.0,279.0,289.0,299.0,306.0,320.0,328.0,339.0,348.0,356.0,368.0,375.0
,,,,,,,,,,,,,,,,,,,,,,216.0,164.0,230.0,235.0,250.0,252.0,268.0,279.0,289.0,299.0,306.0,320.0,328.0,339.0,348.0,356.0,368.0,375.0
,,,,,,,,,,,,,,,,,,,,,,216.0,164.0,230.0,235.0,250.0,252.0,268.0,279.0,289.0,299.0,306.0,320.0,328.0,339.0,348.0,356.0,368.0,375.0
,,,,,,,,,,,,,,,,,,,,,,216.0,164.0,230.0,235.0,250.0,252.0,268.0,279.0,289.0,299.0,306.0,320.0,328.0,339.0,348.0,356.0,368.0,375.0
,,,,,,,,,,,,,,,,,,,,,,216.0,164.0,230.0,235.0,250.0,252.0,268.0,279.0,289.0,299.0,306.0,320.0,328.0,339.0,348.0,356.0,368.0,375.0
,,,,,,,,,,,,,,,,,,,,,,216.0,164.0,230.0,235.0,250.0,252.0,268.0,279.0,289.0,299.0,306.0,320.0,328.0,339.0,348.0,356.0,368.0,375.0
,,,,,,,,,,,,,,,,,,,,,,216.0,164.0,230.0,235.0,250.0,252.0,268.0,279.0,289.0,299.0,306.0,320.0,328.0,339.0,348.0,356.0,368.0,375.0
,,,,,,,,,,,,,,,,,,,,,,216.0,164.0,230.0,235.0,250.0,252.0,268.0,279.0,289.0,299.0,306.0,320.0,328.0,339.0,348.0,356.0,368.0,375.0
,,,,,,,,,,,,,,,,,,,,,,216.0,164.0,230.0,235.0,250.0,252.0,268.0,279.0,289.0,299.0,306.0,320.0,328.0,339.0,348.0,356.0,368.0,375.0
,,,,,,,,,,,,,,,,,,,,,,216.0,164.0,230.0,235.0,250.0,252.0,268.0,279.0,289.0,299.0,306.0,320.0,328.0,339.0,348.0,356.0,368.0,375.0
,,,,,,,,,,,,,,,,,,,,,,216.0,164.0,230.0,235.0,250.0,252.0,268.0,279.0,289.0,299.0,306.0,320.0,328.0,339.0,348.0,356.0,368.0,375.0
,,,,,,,,,,,,,,,,,,,,,,216.0,164.0,230.0,235.0,250.0,252.0,268.0,279.0,289.0,299.0,306.0,320.0,328.0,339.0,348.0,356.0,368.0,375.0
,,,,,,,,,,,,,,,,,,,,,,216.0,164.0,230.0,235.0,250.0,252.0,268.0,279.0,289.0,299.0,306.0,320.0,328.0,339.0,348.0,356.0,368.0,375.0
,,,,,,,,,,,,,,,,,,,,,,216.0,164.0,230.0,235.0,250.0,252.0,268.0,279.0,289.0,299.0,306.0,320.0,328.0,339.0,348.0,356.0,368.0,375.0
,,,,,,,,,,,,,,,,,,,,,,216.0,164.0,230.0,235.0,250.0,252.0,268.0,279.0,289.0,299.0,306.0,320.0,328.0,339.0,348.0,356.0,368.0,375.0
,,,,,,,,,,,,,,,,,,,,,,216.0,164.0,230.0,235.0,250.0,252.0,268.0,279.0,289.0,299.0,306.0,320.0,328.0,339.0,348.0,356.0,368.0,375.0
,,,,,,,,,,,,,,,,,,,,,,216.0,164.0,230.0,235.0,250.0,252.0,268.0,279.0,289.0,299.0,306.0,320.0,328.0,339.0,348.0,356.0,368.0,375.0
,,,,,,,,,,,,,,,,,,,,,,216.0,164.0,230.0,235.0,250.0,252.0,268.0,279.0,289.0,299.0,306.0,320.0,328.0,339.0,348.0,356.0,368.0,375.0
,,,,,,,,,,,,,,,,,,,,,,216.0,164.0,230.0,235.0,250.0,252.0,268.0,279.0,289.0,299.0,306.0,320.0,328.0,339.0,348.0,356.0,368.0,375.0
,,,,,,,,,,,,,,,,,,,,,,216.0,164.0,230.0,235.0,250.0,252.0,268.0,279.0,289.0,299.0,306.0,320.0,328.0,339.0,348.0,356.0,368.0,375.0
,,,,,,,,,,,,,,,,,,,,,,216.0,164.0,230.0,235.0,250.0,252.0,268.0,279.0,289.0,299.0,306.0,320.0,328.0,339.0,348.0,356.0,368.0,375.0
,,,,,,,,,,,,,,,,,,,,,,216.0,164.0,230.0,235.0,250.0,252.0,268.0,279.0,289.0,299.0,306.0,320.0,328.0,339.0,348.0,356.0,368.0,375.0
,,,,,,,,,,,,,,,,,,,,,,216.0,164.0,230.0,235.0,250.0,252.0,268.0,279.0,289.0,299.0,306.0,320.0,328.0,339.0,348.0,356.0,368.0,375.0
,,,,,,,,,,,,,,,,,,,,,,216.0,164.0,230.0,235.0,250.0,252.0,268.0,279.0,289.0,299.0,306.0,320.0,328.0,339.0,348.0,356.0,368.0,375.0
,,,,,,,,,,,,,,,,,,,,,,216.0,164.0,230.0,235.0,250.0,252.0,268.0,279.0,289.0,299.0,306.0,320.0,328.0,339.0,348.0,356.0,368.0,375.0
,,,,,,,,,,,,,,,,,,,,,,216.0,164.0,230.0,235.0,250.0,252.0,268.0,279.0,289.0,299.0,306.0,320.0,328.0,339.0,348.0,356.0,368.0,375.0
,,,,,,,,,,,,,,,,,,,,,,216.0,164.0,230.0,235.0,250.0,252.0,268.0,279.0,289.0,299.0,306.0,320.0,328.0,339.0,348.0,356.0,368.0,375.0
,,,,,,,,,,,,,,,,,,,,,,216.0,164.0,230.0,235.0,250.0,252.0,268.0,279.0,289.0,299.0,306.0,320.0,328.0,339.0,348.0,356.0,368.0,375.0
,,,,,,,,,,,,,,,,,,,,,,216.0,164.0,230.0,235.0,250.0,252.0,268.0,279.0,289.0,299.0,306.0,320.0,328.0,339.0,348.0,356.0,368.0,375.0
,,,,,,,,,,,,,,,,,,,,,,216.0,164.0,230.0,235.0,250.0,252.0,268.0,279.0,289.0,299.0,306.0,320.0,328.0,339.0,348.0,356.0,368.0,375.0
,,,,,,,,,,,,,,,,,,,,,,216.0,164.0,230.0,235.0,250.0,252.0,268.0,279.0,289.0,299.0,306.0,320.0,328.0,339.0,348.0,356.0,368.0,375.0
,,,,,,,,,,,,,,,,,,,,,,216.0,164.0,230.0,235.0,250.0,252.0,268.0,279.0,289.0,299.0,306.0,320.0,328.0,339.0,348.0,356.0,368.0,375.0
,,,,,,,,,,,,,,,,,,,,,,219.0,,228.0,235.0,245.0,259.0,270.0,274.0,290.0,298.0,309.0,313.0,329.0,335.0,349.0,360.0,369.0,373.0
,,,,,,,,,,,,,,,,,,,,,,219.0,,228.0,235.0,245.0,259.0,270.0,274.0,290.0,298.0,309.0,313.0,329.0,335.0,349.0,360.0,369.0,373.0
,,,,,,,,,,,,,,,,,,,,,,219.0,,228.0,235.0,245.0,259.0,270.0,274.0,290.0,298.0,309.0,313.0,329.0,335.0,349.0,360.0,369.0,373.0
,,,,,,,,,,,,,,,,,,,,,,219.0,,228.0,235.0,245.0,259.0,270.0,274.0,290.0,298.0,309.0,313.0,329.0,335.0,349.0,360.0,369.0,373.0
,,,,,,,,,,,,,,,,,,,,,,219.0,,228.0,235.0,245.0,259.0,270.0,274.0,290.0,298.0,309.0,313.0,329.0,335.0,349.0,360.0,369.0,373.0
,,,,,,,,,,,,,,,,,,,,,,219.0,,228.0,235.0,245.0,259.0,270.0,274.0,290.0,298.0,309.0,313.0,329.0,335.0,349.0,360.0,369.0,373.0
,,,,,,,,,,,,,,,,,,,,,,219.0,,228.0,235.0,245.0,259.0,270.0,274.0,290.0,298.0,309.0,313.0,329.0,335.0,349.0,360.0,369.0,373.0
,,,,,,,,,,,,,,,,,,,,,,219.0,,228.0,235.0,245.0,259.0,270.0,274.0,290.0,298.0,309.0,313.0,329.0,335.0,349.0,360.0,369.0,373.0
,,,,,,,,,,,,,,,,,,,,,,219.0,,228.0,235.0,245.0,259.0,270.0,274.0,290.0,298.0,309.0,313.0,329.0,335.0,349.0,360.0,369.0,373.0
,,,,,,,,,,,,,,,,,,,,,,219.0,,228.0,235.0,245.0,259.0,270.0,274.0,290.0,298.0,309.0,313.0,329.0,335.0,349.0,360.0,369.0,373.0
,,,,,,,,,,,,,,,,,,,,,,219.0,,228.0,235.0,245.0,259.0,270.0,274.0,290.0,298.0,309.0,313.0,329.0,335.0,349.0,360.0,369.0,373.0
,,,,,,,,,,,,,,,,,,,,,,219.0,,228.0,235.0,245.0,259.0,270.0,274.0,290.0,298.0,309.0,313.0,329.0,335.0,349.0,360.0,369.0,373.0
,,,,,,,,,,,,,,,,,,,,,,219.0,,228.0,235.0,245.0,259.0,270.0,274.0,290.0,298.0,309.0,313.0,329.0,335.0,349.0,360.0,369.0,373.0
,,,,,,,,,,,,,,,,,,,,,,219.0,,228.0,235.0,245.0,259.0,270.0,274.0,290.0,298.0,309.0,313.0,329.0,335.0,349.0,360.0,369.0,373.0
,,,,,,,,,,,,,,,,,,,,,,219.0,,228.0,235.0,245.0,259.0,270.0,274.0,290.0,298.0,309.0,313.0,329.0,335.0,349.0,360.0,369.0,373.0
,,,,,,,,,,,,,,,,,,,,,,219.0,,228.0,235.0,245.0,259.0,270.0,274.0,290.0,298.0,309.0,313.0,329.0,335.0,349.0,360.0,369.0,373.0
,,,,,,,,,,,,,,,,,,,,,,219.0,,228.0,235.0,245.0,259.0,270.0,274.0,290.0,298.0,309.0,313.0,329.0,335.0,349.0,360.0,369.0,373.0
,,,,,,,,,,,,,,,,,,,,,,219.0,,228.0,235.0,245.0,259.0,270.0,274.0,290.0,298.0,309.0,313.0,329.0,335.0,349.0,360.0,369.0,373.0
,,,,,,,,,,,,,,,,,,,,,,219.0,,228.0,235.0,245.0,259.0,270.0,274.0,290.0,298.0,309.0,313.0,329.0,335.0,349.0,360.0,369.0,373.0
,,,,,,,,,,,,,,,,,,,,,,219.0,,228.0,235.0,245.0,259.0,270.0,274.0,290.0,298.0,309.0,313.0,329.0,335.0,349.0,360.0,369.0,373.0
,,,,,,,,,,,,,,,,,,,,,,219.0,,228.0,235.0,245.0,259.0,270.0,274.0,290.0,298.0,309.0,313.0,329.0,335.0,349.0,360.0,369.0,373.0
,,,,,,,,,,,,,,,,,,,,,,219.0,,228.0,235.0,245.0,259.0,270.0,274.0,290.0,298.0,309.0,313.0,329.0,335.0,349.0,360.0,369.0,373.0
,,,,,,,,,,,,,,,,,,,,,,219.0,,228.0,235.0,245.0,259.0,270.0,274.0,290.0,298.0,309.0,313.0,329.0,335.0,349.0,360.0,369.0,373.0
,,,,,,,,,,,,,,,,,,,,,,219.0,,228.0,235.0,245.0,259.0,270.0,274.0,290.0,298.0,309.0,313.0,329.0,335.0,349.0,360.0,369.0,373.0
,,,,,,,,,,,,,,,,,,,,,,219.0,,228.0,235.0,245.0,259.0,270.0,274.0,290.0,298.0,309.0,313.0,329.0,335.0,349.0,360.0,369.0,373.0
,,,,,,,,,,,,,,,,,,,,,,219.0,,228.0,235.0,245.0,259.0,270.0,274.0,290.0,298.0,309.0,313.0,329.0,335.0,349.0,360.0,369.0,373.0
,,,,,,,,,,,,,,,,,,,,,,219.0,,228.0,235.0,245.0,259.0,270.0,274.0,290.0,298.0,309.0,313.0,329.0,335.0,349.0,360.0,369.0,373.0
,,,,,,,,,,,,,,,,,,,,,,219.0,,228.0,235.0,245.0,259.0,270.0,274.0,290.0,298.0,309.0,313.0,329.0,335.0,349.0,360.0,369.0,373.0
,,,,,,,,,,,,,,,,,,,,,,219.0,,228.0,235.0,245.0,259.0,270.0,274.0,290.0,298.0,309.0,313.0,329.0,335.0,349.0,360.0,369.0,373.0
,,,,,,,,,,,,,,,,,,,,,,219.0,,228.0,235.0,245.0,259.0,270.0,274.0,290.0,298.0,309.0,313.0,329.0,335.0,349.0,360.0,369.0,373.0
,,,,,,,,,,,,,,,,,,,,,,219.0,,228.0,235.0,245.0,259.0,270.0,274.0,290.0,298.0,309.0,313.0,329.0,335.0,349.0,360.0,369.0,373.0
,,,,,,,,,,,,,,,,,,,,,,219.0,,228.0,235.0,245.0,259.0,270.0,274.0,290.0,298.0,309.0,313.0,329.0,335.0,349.0,360.0,369.0,373.0
,,,,,,,,,,,,,,,,,,,,,,220.0,,222.0,236.0,249.0,260.0,270.0,280.0,286.0,300.0,310.0,317.0,330.0,334.0,350.0,355.0,370.0,378.0
,,,,,,,,,,,,,,,,,,,,,,220.0,,222.0,236.0,249.0,260.0,270.0,280.0,286.0,300.0,310.0,317.0,330.0,334.0,350.0,355.0,370.0,378.0
,,,,,,,,,,,,,,,,,,,,,,220.0,,222.0,236.0,249.0,260.0,270.0,280.0,286.0,300.0,310.0,317.0,330.0,334.0,350.0,355.0,370.0,378.0
,,,,,,,,,,,,,,,,,,,,,,220.0,,222.0,236.0,249.0,260.0,270.0,280.0,286.0,300.0,310.0,317.0,330.0,334.0,350.0,355.0,370.0,378.0
,,,,,,,,,,,,,,,,,,,,,,220.0,,222.0,236.0,249.0,260.0,270.0,280.0,286.0,300.0,310.0,317.0,330.0,334.0,350.0,355.0,370.0,378.0
,,,,,,,,,,,,,,,,,,,,,,220.0,,222.0,236.0,249.0,260.0,270.0,280.0,286.0,300.0,310.0,317.0,330.0,334.0,350.0,355.0,370.0,378.0
,,,,,,,,,,,,,,,,,,,,,,220.0,,222.0,236.0,249.0,260.0,270.0,280.0,286.0,300.0,310.0,317.0,330.0,334.0,350.0,355.0,370.0,378.0
,,,,,,,,,,,,,,,,,,,,,,220.0,,222.0,236.0,249.0,260.0,270.0,280.0,286.0,300.0,310.0,317.0,330.0,334.0,350.0,355.0,370.0,378.0
,,,,,,,,,,,,,,,,,,,,,,220.0,,222.0,236.0,249.0,260.0,270.0,280.0,286.0,300.0,310.0,317.0,330.0,334.0,350.0,355.0,370.0,378.0
,,,,,,,,,,,,,,,,,,,,,,220.0,,222.0,236.0,249.0,260.0,270.0,280.0,286.0,300.0,310.0,317.0,330.0,334.0,350.0,355.0,370.0,378.0
,,,,,,,,,,,,,,,,,,,,,,220.0,,222.0,236.0,249.0,260.0,270.0,280.0,286.0,300.0,310.0,317.0,330.0,334.0,350.0,355.0,370.0,378.0
,,,,,,,,,,,,,,,,,,,,,,220.0,,222.0,236.0,249.0,260.0,270.0,280.0,286.0,300.0,310.0,317.0,330.0,334.0,350.0,355.0,370.0,378.0
,,,,,,,,,,,,,,,,,,,,,,220.0,,222.0,236.0,249.0,260.0,270.0,280.0,286.0,300.0,310.0,317.0,330.0,334.0,350.0,355.0,370.0,378.0
,,,,,,,,,,,,,,,,,,,,,,220.0,,222.0,236.0,249.0,260.0,270.0,280.0,286.0,300.0,310.0,317.0,330.0,334.0,350.0,355.0,370.0,378.0
,,,,,,,,,,,,,,,,,,,,,,220.0,,222.0,236.0,249.0,260.0,270.0,280.0,286.0,300.0,310.0,317.0,330.0,334.0,350.0,355.0,370.0,378.0
,,,,,,,,,,,,,,,,,,,,,,220.0,,222.0,236.0,249.0,260.0,270.0,280.0,286.0,300.0,310.0,317.0,330.0,334.0,350.0,355.0,370.0,378.0
,,,,,,,,,,,,,,,,,,,,,,220.0,,222.0,236.0,249.0,260.0,270.0,280.0,286.0,300.0,310.0,317.0,330.0,334.0,350.0,355.0,370.0,378.0
,,,,,,,,,,,,,,,,,,,,,,220.0,,222.0,236.0,249.0,260.0,270.0,280.0,286.0,300.0,310.0,317.0,330.0,334.0,350.0,355.0,370.0,378.0
,,,,,,,,,,,,,,,,,,,,,,220.0,,222.0,236.0,249.0,260.0,270.0,280.0,286.0,300.0,310.0,317.0,330.0,334.0,350.0,355.0,370.0,378.0
,,,,,,,,,,,,,,,,,,,,,,220.0,,222.0,236.0,249.0,260.0,270.0,280.0,286.0,300.0,310.0,317.0,330.0,334.0,350.0,355.0,370.0,378.0
,,,,,,,,,,,,,,,,,,,,,,220.0,,222.0,236.0,249.0,260.0,270.0,280.0,286.0,300.0,310.0,317.0,330.0,334.0,350.0,355.0,370.0,378.0
,,,,,,,,,,,,,,,,,,,,,,220.0,,222.0,236.0,249.0,260.0,270.0,280.0,286.0,300.0,310.0,317.0,330.0,334.0,350.0,355.0,370.0,378.0
,,,,,,,,,,,,,,,,,,,,,,220.0,,222.0,236.0,249.0,260.0,270.0,280.0,286.0,300.0,310.0,317.0,330.0,334.0,350.0,355.0,370.0,378.0
,,,,,,,,,,,,,,,,,,,,,,220.0,,222.0,236.0,249.0,260.0,270.0,280.0,286.0,300.0,310.0,317.0,330.0,334.0,350.0,355.0,370.0,378.0
,,,,,,,,,,,,,,,,,,,,,,220.0,,222.0,236.0,249.0,260.0,270.0,280.0,286.0,300.0,310.0,317.0,330.0,334.0,350.0,355.0,370.0,378.0
,,,,,,,,,,,,,,,,,,,,,,220.0,,222.0,236.0,249.0,260.0,270.0,280.0,286.0,300.0,310.0,317.0,330.0,334.0,350.0,355.0,370.0,378.0
,,,,,,,,,,,,,,,,,,,,,,220.0,,222.0,236.0,249.0,260.0,270.0,280.0,286.0,300.0,310.0,317.0,330.0,334.0,350.0,355.0,370.0,378.0
,,,,,,,,,,,,,,,,,,,,,,220.0,,222.0,236.0,249.0,260.0,270.0,280.0,286.0,300.0,310.0,317.0,330.0,334.0,350.0,355.0,370.0,378.0
,,,,,,,,,,,,,,,,,,,,,,220.0,,222.0,236.0,249.0,260.0,270.0,280.0,286.0,300.0,310.0,317.0,330.0,334.0,350.0,355.0,370.0,378.0
,,,,,,,,,,,,,,,,,,,,,,220.0,,222.0,236.0,249.0,260.0,270.0,280.0,286.0,300.0,310.0,317.0,330.0,334.0,350.0,355.0,370.0,378.0
,,,,,,,,,,,,,,,,,,,,,,220.0,,222.0,236.0,249.0,260.0,270.0,280.0,286.0,300.0,310.0,317.0,330.0,334.0,350.0,355.0,370.0,378.0
,,,,,,,,,,,,,,,,,,,,,,220.0,,222.0,236.0,249.0,260.0,270.0,280.0,286.0,300.0,310.0,317.0,330.0,334.0,350.0,355.0,370.0,378.0
,,,,,,,,,,,,,,,,,,,,,,220.0,,222.0,236.0,249.0,260.0,270.0,280.0,286.0,300.0,310.0,317.0,330.0,334.0,350.0,355.0,370.0,378.0
,,,,,,,,,,,,,,,,,,,,,,220.0,,222.0,236.0,249.0,260.0,270.0,280.0,286.0,300.0,310.0,317.0,330.0,334.0,350.0,355.0,370.0,378.0
