GW1,GW2,GW3,GW4,GW5,GW6,GW8,GW9,GW10,GW11,GW12,GW13,GW14,GW15,GW16,GW17,GW18,GW19,GW20,GW21,GW22,GW23,GW24,GW25,GW26,GW27,GW28,GW29,GW30,GW31,GW32,GW33,GW34,GW35,GW36,GW37,GW38,GW7
1.0,11.0,21.0,31.0,41.0,56.0,72.0,81.0,91.0,104.0,,127.0,131.0,142,,,,,,,,,,,,,,,,,,,,,,,,
1.0,11.0,21.0,31.0,41.0,56.0,72.0,81.0,91.0,104.0,,127.0,131.0,142,,,,,,,,,,,,,,,,,,,,,,,,
1.0,11.0,21.0,31.0,41.0,56.0,72.0,81.0,91.0,104.0,,127.0,131.0,142,,,,,,,,,,,,,,,,,,,,,,,,
1.0,11.0,21.0,31.0,41.0,56.0,72.0,81.0,91.0,104.0,,127.0,131.0,142,,,,,,,,,,,,,,,,,,,,,,,,
1.0,11.0,21.0,31.0,41.0,56.0,72.0,81.0,91.0,104.0,,127.0,131.0,142,,,,,,,,,,,,,,,,,,,,,,,,
1.0,11.0,21.0,31.0,41.0,56.0,72.0,81.0,91.0,104.0,,127.0,131.0,142,,,,,,,,,,,,,,,,,,,,,,,,
1.0,11.0,21.0,31.0,41.0,56.0,72.0,81.0,91.0,104.0,,127.0,131.0,142,,,,,,,,,,,,,,,,,,,,,,,,
1.0,11.0,21.0,31.0,41.0,56.0,72.0,81.0,91.0,104.0,,127.0,131.0,142,,,,,,,,,,,,,,,,,,,,,,,,
1.0,11.0,21.0,31.0,41.0,56.0,72.0,81.0,91.0,104.0,,127.0,131.0,142,,,,,,,,,,,,,,,,,,,,,,,,
1.0,11.0,21.0,31.0,41.0,56.0,72.0,81.0,91.0,104.0,,127.0,131.0,142,,,,,,,,,,,,,,,,,,,,,,,,
1.0,11.0,21.0,31.0,41.0,56.0,72.0,81.0,91.0,104.0,,127.0,131.0,142,,,,,,,,,,,,,,,,,,,,,,,,
1.0,11.0,21.0,31.0,41.0,56.0,72.0,81.0,91.0,104.0,,127.0,131.0,142,,,,,,,,,,,,,,,,,,,,,,,,
1.0,11.0,21.0,31.0,41.0,56.0,72.0,81.0,91.0,104.0,,127.0,131.0,142,,,,,,,,,,,,,,,,,,,,,,,,
1.0,11.0,21.0,31.0,41.0,56.0,72.0,81.0,91.0,104.0,,127.0,131.0,142,,,,,,,,,,,,,,,,,,,,,,,,
1.0,11.0,21.0,31.0,41.0,56.0,72.0,81.0,91.0,104.0,,127.0,131.0,142,,,,,,,,,,,,,,,,,,,,,,,,
1.0,11.0,21.0,31.0,41.0,56.0,72.0,81.0,91.0,104.0,,127.0,131.0,142,,,,,,,,,,,,,,,,,,,,,,,,
1.0,11.0,21.0,31.0,41.0,56.0,72.0,81.0,91.0,104.0,,127.0,131.0,142,,,,,,,,,,,,,,,,,,,,,,,,
1.0,11.0,21.0,31.0,41.0,56.0,72.0,81.0,91.0,104.0,,127.0,131.0,142,,,,,,,,,,,,,,,,,,,,,,,,
1.0,11.0,21.0,31.0,41.0,56.0,72.0,81.0,91.0,104.0,,127.0,131.0,142,,,,,,,,,,,,,,,,,,,,,,,,
1.0,11.0,21.0,31.0,41.0,56.0,72.0,81.0,91.0,104.0,,127.0,131.0,142,,,,,,,,,,,,,,,,,,,,,,,,
1.0,11.0,21.0,31.0,41.0,56.0,72.0,81.0,91.0,104.0,,127.0,131.0,142,,,,,,,,,,,,,,,,,,,,,,,,
1.0,11.0,21.0,31.0,41.0,56.0,72.0,81.0,91.0,104.0,,127.0,131.0,142,,,,,,,,,,,,,,,,,,,,,,,,
1.0,11.0,21.0,31.0,41.0,56.0,72.0,81.0,91.0,104.0,,127.0,131.0,142,,,,,,,,,,,,,,,,,,,,,,,,
1.0,11.0,21.0,31.0,41.0,56.0,72.0,81.0,91.0,104.0,,127.0,131.0,142,,,,,,,,,,,,,,,,,,,,,,,,
1.0,11.0,21.0,31.0,41.0,56.0,72.0,81.0,91.0,104.0,,127.0,131.0,142,,,,,,,,,,,,,,,,,,,,,,,,
1.0,11.0,21.0,31.0,41.0,56.0,72.0,81.0,91.0,104.0,,127.0,131.0,142,,,,,,,,,,,,,,,,,,,,,,,,
1.0,11.0,21.0,31.0,41.0,56.0,72.0,81.0,91.0,104.0,,127.0,131.0,142,,,,,,,,,,,,,,,,,,,,,,,,
,,,,41.0,56.0,72.0,81.0,91.0,104.0,,127.0,131.0,142,,,,,,,,,,,,,,,,,,,,,,,,
,,,,,,72.0,81.0,91.0,104.0,,127.0,131.0,142,,,,,,,,,,,,,,,,,,,,,,,,
,,,,,,72.0,81.0,91.0,104.0,,127.0,131.0,142,,,,,,,,,,,,,,,,,,,,,,,,
,,,,,,,,,,,,131.0,142,,,,,,,,,,,,,,,,,,,,,,,,
2.0,12.0,22.0,32.0,41.0,51.0,71.0,85.0,99.0,101.0,116.0,121.0,140.0,141,,,,,,,,,,,,,,,,,,,,,,,,
2.0,12.0,22.0,32.0,41.0,51.0,71.0,85.0,99.0,101.0,116.0,121.0,140.0,141,,,,,,,,,,,,,,,,,,,,,,,,
2.0,12.0,22.0,32.0,41.0,51.0,71.0,85.0,99.0,101.0,116.0,121.0,140.0,141,,,,,,,,,,,,,,,,,,,,,,,,
2.0,12.0,22.0,32.0,41.0,51.0,71.0,85.0,99.0,101.0,116.0,121.0,140.0,141,,,,,,,,,,,,,,,,,,,,,,,,
2.0,12.0,22.0,32.0,41.0,51.0,71.0,85.0,99.0,101.0,116.0,121.0,140.0,141,,,,,,,,,,,,,,,,,,,,,,,,
2.0,12.0,22.0,32.0,41.0,51.0,71.0,85.0,99.0,101.0,116.0,121.0,140.0,141,,,,,,,,,,,,,,,,,,,,,,,,
2.0,12.0,22.0,32.0,41.0,51.0,71.0,85.0,99.0,101.0,116.0,121.0,140.0,141,,,,,,,,,,,,,,,,,,,,,,,,
2.0,12.0,22.0,32.0,41.0,51.0,71.0,85.0,99.0,101.0,116.0,121.0,140.0,141,,,,,,,,,,,,,,,,,,,,,,,,
2.0,12.0,22.0,32.0,41.0,51.0,71.0,85.0,99.0,101.0,116.0,121.0,140.0,141,,,,,,,,,,,,,,,,,,,,,,,,
2.0,12.0,22.0,32.0,41.0,51.0,71.0,85.0,99.0,101.0,116.0,121.0,140.0,141,,,,,,,,,,,,,,,,,,,,,,,,
2.0,12.0,22.0,32.0,41.0,51.0,71.0,85.0,99.0,101.0,116.0,121.0,140.0,141,,,,,,,,,,,,,,,,,,,,,,,,
2.0,12.0,22.0,32.0,41.0,51.0,71.0,85.0,99.0,101.0,116.0,121.0,140.0,141,,,,,,,,,,,,,,,,,,,,,,,,
2.0,12.0,22.0,32.0,41.0,51.0,71.0,85.0,99.0,101.0,116.0,121.0,140.0,141,,,,,,,,,,,,,,,,,,,,,,,,
2.0,12.0,22.0,32.0,41.0,51.0,71.0,85.0,99.0,101.0,116.0,121.0,140.0,141,,,,,,,,,,,,,,,,,,,,,,,,
2.0,12.0,22.0,32.0,41.0,51.0,71.0,85.0,99.0,101.0,116.0,121.0,140.0,141,,,,,,,,,,,,,,,,,,,,,,,,
2.0,12.0,22.0,32.0,41.0,51.0,71.0,85.0,99.0,101.0,116.0,121.0,140.0,141,,,,,,,,,,,,,,,,,,,,,,,,
2.0,12.0,22.0,32.0,41.0,51.0,71.0,85.0,99.0,101.0,116.0,121.0,140.0,141,,,,,,,,,,,,,,,,,,,,,,,,
2.0,12.0,22.0,32.0,41.0,51.0,71.0,85.0,99.0,101.0,116.0,121.0,140.0,141,,,,,,,,,,,,,,,,,,,,,,,,
2.0,12.0,22.0,32.0,41.0,51.0,71.0,85.0,99.0,101.0,116.0,121.0,140.0,141,,,,,,,,,,,,,,,,,,,,,,,,
2.0,12.0,22.0,32.0,41.0,51.0,71.0,85.0,99.0,101.0,116.0,121.0,140.0,141,,,,,,,,,,,,,,,,,,,,,,,,
2.0,12.0,22.0,32.0,41.0,51.0,71.0,85.0,99.0,101.0,116.0,121.0,140.0,141,,,,,,,,,,,,,,,,,,,,,,,,
2.0,12.0,22.0,32.0,41.0,51.0,71.0,85.0,99.0,101.0,116.0,121.0,140.0,141,,,,,,,,,,,,,,,,,,,,,,,,
2.0,12.0,22.0,32.0,41.0,51.0,71.0,85.0,99.0,101.0,116.0,121.0,140.0,141,,,,,,,,,,,,,,,,,,,,,,,,
2.0,12.0,22.0,32.0,41.0,51.0,71.0,85.0,99.0,101.0,116.0,121.0,140.0,141,,,,,,,,,,,,,,,,,,,,,,,,
2.0,12.0,22.0,32.0,41.0,51.0,71.0,85.0,99.0,101.0,116.0,121.0,140.0,141,,,,,,,,,,,,,,,,,,,,,,,,
2.0,12.0,22.0,32.0,41.0,51.0,71.0,85.0,99.0,101.0,116.0,121.0,140.0,141,,,,,,,,,,,,,,,,,,,,,,,,
2.0,12.0,22.0,32.0,41.0,51.0,71.0,85.0,99.0,101.0,116.0,121.0,140.0,141,,,,,,,,,,,,,,,,,,,,,,,,
8.0,19.0,26.0,39.0,50.0,51.0,71.0,85.0,99.0,101.0,116.0,121.0,140.0,141,,,,,,,,,,,,,,,,,,,,,,,,
5.0,20.0,29.0,40.0,42.0,51.0,71.0,85.0,99.0,101.0,116.0,121.0,140.0,141,,,,,,,,,,,,,,,,,,,,,,,,
2.0,12.0,22.0,32.0,41.0,51.0,71.0,85.0,99.0,101.0,116.0,121.0,140.0,141,,,,,,,,,,,,,,,,,,,,,,,,
2.0,12.0,22.0,32.0,41.0,51.0,71.0,85.0,99.0,101.0,116.0,121.0,140.0,141,,,,,,,,,,,,,,,,,,,,,,,,
2.0,12.0,22.0,32.0,41.0,51.0,71.0,85.0,99.0,101.0,116.0,121.0,140.0,141,,,,,,,,,,,,,,,,,,,,,,,,
,,,,,,,85.0,99.0,101.0,116.0,121.0,140.0,141,,,,,,,,,,,,,,,,,,,,,,,,
2.0,17.0,21.0,36.0,42.0,58.0,77.0,82.0,92.0,103.0,112.0,129.0,132.0,144,,,,,,,,,,,,,,,,,,,,,,,,
2.0,17.0,21.0,36.0,42.0,58.0,77.0,82.0,92.0,103.0,112.0,129.0,132.0,144,,,,,,,,,,,,,,,,,,,,,,,,
2.0,17.0,21.0,36.0,42.0,58.0,77.0,82.0,92.0,103.0,112.0,129.0,132.0,144,,,,,,,,,,,,,,,,,,,,,,,,
2.0,17.0,21.0,36.0,42.0,58.0,77.0,82.0,92.0,103.0,112.0,129.0,132.0,144,,,,,,,,,,,,,,,,,,,,,,,,
2.0,17.0,21.0,36.0,42.0,58.0,77.0,82.0,92.0,103.0,112.0,129.0,132.0,144,,,,,,,,,,,,,,,,,,,,,,,,
2.0,17.0,21.0,36.0,42.0,58.0,77.0,82.0,92.0,103.0,112.0,129.0,132.0,144,,,,,,,,,,,,,,,,,,,,,,,,
2.0,17.0,21.0,36.0,42.0,58.0,77.0,82.0,92.0,103.0,112.0,129.0,132.0,144,,,,,,,,,,,,,,,,,,,,,,,,
2.0,17.0,21.0,36.0,42.0,58.0,77.0,82.0,92.0,103.0,112.0,129.0,132.0,144,,,,,,,,,,,,,,,,,,,,,,,,
2.0,17.0,21.0,36.0,42.0,58.0,77.0,82.0,92.0,103.0,112.0,129.0,132.0,144,,,,,,,,,,,,,,,,,,,,,,,,
2.0,17.0,21.0,36.0,42.0,58.0,77.0,82.0,92.0,103.0,112.0,129.0,132.0,144,,,,,,,,,,,,,,,,,,,,,,,,
2.0,17.0,21.0,36.0,42.0,58.0,77.0,82.0,92.0,103.0,112.0,129.0,132.0,144,,,,,,,,,,,,,,,,,,,,,,,,
2.0,17.0,21.0,36.0,42.0,58.0,77.0,82.0,92.0,103.0,112.0,129.0,132.0,144,,,,,,,,,,,,,,,,,,,,,,,,
2.0,17.0,21.0,36.0,42.0,58.0,77.0,82.0,92.0,103.0,112.0,129.0,132.0,144,,,,,,,,,,,,,,,,,,,,,,,,
2.0,17.0,21.0,36.0,42.0,58.0,77.0,82.0,92.0,103.0,112.0,129.0,132.0,144,,,,,,,,,,,,,,,,,,,,,,,,
2.0,17.0,21.0,36.0,42.0,58.0,77.0,82.0,92.0,103.0,112.0,129.0,132.0,144,,,,,,,,,,,,,,,,,,,,,,,,
2.0,17.0,21.0,36.0,42.0,58.0,77.0,82.0,92.0,103.0,112.0,129.0,132.0,144,,,,,,,,,,,,,,,,,,,,,,,,
2.0,17.0,21.0,36.0,42.0,58.0,77.0,82.0,92.0,103.0,112.0,129.0,132.0,144,,,,,,,,,,,,,,,,,,,,,,,,
2.0,17.0,21.0,36.0,42.0,58.0,77.0,82.0,92.0,103.0,112.0,129.0,132.0,144,,,,,,,,,,,,,,,,,,,,,,,,
2.0,17.0,21.0,36.0,42.0,58.0,77.0,82.0,92.0,103.0,112.0,129.0,132.0,144,,,,,,,,,,,,,,,,,,,,,,,,
2.0,17.0,21.0,36.0,42.0,58.0,77.0,82.0,92.0,103.0,112.0,129.0,132.0,144,,,,,,,,,,,,,,,,,,,,,,,,
2.0,17.0,21.0,36.0,42.0,58.0,77.0,82.0,92.0,103.0,112.0,129.0,132.0,144,,,,,,,,,,,,,,,,,,,,,,,,
8.0,19.0,26.0,39.0,50.0,58.0,77.0,82.0,92.0,103.0,112.0,129.0,132.0,144,,,,,,,,,,,,,,,,,,,,,,,,
2.0,17.0,21.0,36.0,42.0,58.0,77.0,82.0,92.0,103.0,112.0,129.0,132.0,144,,,,,,,,,,,,,,,,,,,,,,,,
2.0,17.0,21.0,36.0,42.0,58.0,77.0,82.0,92.0,103.0,112.0,129.0,132.0,144,,,,,,,,,,,,,,,,,,,,,,,,
2.0,17.0,21.0,36.0,42.0,58.0,77.0,82.0,92.0,103.0,112.0,129.0,132.0,144,,,,,,,,,,,,,,,,,,,,,,,,
,17.0,21.0,36.0,42.0,58.0,77.0,82.0,92.0,103.0,112.0,129.0,132.0,144,,,,,,,,,,,,,,,,,,,,,,,,
,17.0,21.0,36.0,42.0,58.0,77.0,82.0,92.0,103.0,112.0,129.0,132.0,144,,,,,,,,,,,,,,,,,,,,,,,,
,,,36.0,42.0,58.0,77.0,82.0,92.0,103.0,112.0,129.0,132.0,144,,,,,,,,,,,,,,,,,,,,,,,,
,,,36.0,42.0,58.0,77.0,82.0,92.0,103.0,112.0,129.0,132.0,144,,,,,,,,,,,,,,,,,,,,,,,,
,,,,,,,,,,,,132.0,144,,,,,,,,,,,,,,,,,,,,,,,,
6.0,13.0,24.0,33.0,43.0,52.0,72.0,82.0,98.0,102.0,113.0,121.0,133.0,146,,,,,,,,,,,,,,,,,,,,,,,,
6.0,13.0,24.0,33.0,43.0,52.0,72.0,82.0,98.0,102.0,113.0,121.0,133.0,146,,,,,,,,,,,,,,,,,,,,,,,,
6.0,13.0,24.0,33.0,43.0,52.0,72.0,82.0,98.0,102.0,113.0,121.0,133.0,146,,,,,,,,,,,,,,,,,,,,,,,,
6.0,13.0,24.0,33.0,43.0,52.0,72.0,82.0,98.0,102.0,113.0,121.0,133.0,146,,,,,,,,,,,,,,,,,,,,,,,,
6.0,13.0,24.0,33.0,43.0,52.0,72.0,82.0,98.0,102.0,113.0,121.0,133.0,146,,,,,,,,,,,,,,,,,,,,,,,,
6.0,13.0,24.0,33.0,43.0,52.0,72.0,82.0,98.0,102.0,113.0,121.0,133.0,146,,,,,,,,,,,,,,,,,,,,,,,,
6.0,13.0,24.0,33.0,43.0,52.0,72.0,82.0,98.0,102.0,113.0,121.0,133.0,146,,,,,,,,,,,,,,,,,,,,,,,,
6.0,13.0,24.0,33.0,43.0,52.0,72.0,82.0,98.0,102.0,113.0,121.0,133.0,146,,,,,,,,,,,,,,,,,,,,,,,,
6.0,13.0,24.0,33.0,43.0,52.0,72.0,82.0,98.0,102.0,113.0,121.0,133.0,146,,,,,,,,,,,,,,,,,,,,,,,,
6.0,13.0,24.0,33.0,43.0,52.0,72.0,82.0,98.0,102.0,113.0,121.0,133.0,146,,,,,,,,,,,,,,,,,,,,,,,,
6.0,13.0,24.0,33.0,43.0,52.0,72.0,82.0,98.0,102.0,113.0,121.0,133.0,146,,,,,,,,,,,,,,,,,,,,,,,,
6.0,13.0,24.0,33.0,43.0,52.0,72.0,82.0,98.0,102.0,113.0,121.0,133.0,146,,,,,,,,,,,,,,,,,,,,,,,,
6.0,13.0,24.0,33.0,43.0,52.0,72.0,82.0,98.0,102.0,113.0,121.0,133.0,146,,,,,,,,,,,,,,,,,,,,,,,,
6.0,13.0,24.0,33.0,43.0,52.0,72.0,82.0,98.0,102.0,113.0,121.0,133.0,146,,,,,,,,,,,,,,,,,,,,,,,,
6.0,13.0,24.0,33.0,43.0,52.0,72.0,82.0,98.0,102.0,113.0,121.0,133.0,146,,,,,,,,,,,,,,,,,,,,,,,,
6.0,13.0,24.0,33.0,43.0,52.0,72.0,82.0,98.0,102.0,113.0,121.0,133.0,146,,,,,,,,,,,,,,,,,,,,,,,,
6.0,13.0,24.0,33.0,43.0,52.0,72.0,82.0,98.0,102.0,113.0,121.0,133.0,146,,,,,,,,,,,,,,,,,,,,,,,,
6.0,13.0,24.0,33.0,43.0,52.0,72.0,82.0,98.0,102.0,113.0,121.0,133.0,146,,,,,,,,,,,,,,,,,,,,,,,,
6.0,13.0,24.0,33.0,43.0,52.0,72.0,82.0,98.0,102.0,113.0,121.0,133.0,146,,,,,,,,,,,,,,,,,,,,,,,,
6.0,13.0,24.0,33.0,43.0,52.0,72.0,82.0,98.0,102.0,113.0,121.0,133.0,146,,,,,,,,,,,,,,,,,,,,,,,,
6.0,13.0,24.0,33.0,43.0,52.0,72.0,82.0,98.0,102.0,113.0,121.0,133.0,146,,,,,,,,,,,,,,,,,,,,,,,,
6.0,13.0,24.0,33.0,43.0,52.0,72.0,82.0,98.0,102.0,113.0,121.0,133.0,146,,,,,,,,,,,,,,,,,,,,,,,,
6.0,13.0,24.0,33.0,43.0,52.0,72.0,82.0,98.0,102.0,113.0,121.0,133.0,146,,,,,,,,,,,,,,,,,,,,,,,,
6.0,13.0,24.0,33.0,43.0,52.0,72.0,82.0,98.0,102.0,113.0,121.0,133.0,146,,,,,,,,,,,,,,,,,,,,,,,,
6.0,13.0,24.0,33.0,43.0,52.0,72.0,82.0,98.0,102.0,113.0,121.0,133.0,146,,,,,,,,,,,,,,,,,,,,,,,,
6.0,13.0,24.0,33.0,43.0,52.0,72.0,82.0,98.0,102.0,113.0,121.0,133.0,146,,,,,,,,,,,,,,,,,,,,,,,,
6.0,13.0,24.0,33.0,43.0,52.0,72.0,82.0,98.0,102.0,113.0,121.0,133.0,146,,,,,,,,,,,,,,,,,,,,,,,,
6.0,13.0,24.0,33.0,43.0,52.0,72.0,82.0,98.0,102.0,113.0,121.0,133.0,146,,,,,,,,,,,,,,,,,,,,,,,,
6.0,13.0,24.0,33.0,43.0,52.0,72.0,82.0,98.0,102.0,113.0,121.0,133.0,146,,,,,,,,,,,,,,,,,,,,,,,,
,13.0,24.0,33.0,43.0,52.0,72.0,82.0,98.0,102.0,113.0,121.0,133.0,146,,,,,,,,,,,,,,,,,,,,,,,,
,,,33.0,43.0,52.0,72.0,82.0,98.0,102.0,113.0,121.0,133.0,146,,,,,,,,,,,,,,,,,,,,,,,,
,,,,,,,82.0,98.0,102.0,113.0,121.0,133.0,146,,,,,,,,,,,,,,,,,,,,,,,,
,,,,,,,82.0,98.0,102.0,113.0,121.0,133.0,146,,,,,,,,,,,,,,,,,,,,,,,,
,,,,,,,,,,,121.0,133.0,146,,,,,,,,,,,,,,,,,,,,,,,,
,,,,,,,,,,,,133.0,146,,,,,,,,,,,,,,,,,,,,,,,,
9.0,14.0,30.0,34.0,44.0,53.0,,87.0,93.0,102.0,114.0,125.0,134.0,150,,,,,,,,,,,,,,,,,,,,,,,,
9.0,14.0,30.0,34.0,44.0,53.0,,87.0,93.0,102.0,114.0,125.0,134.0,150,,,,,,,,,,,,,,,,,,,,,,,,
9.0,14.0,30.0,34.0,44.0,53.0,,87.0,93.0,102.0,114.0,125.0,134.0,150,,,,,,,,,,,,,,,,,,,,,,,,
9.0,14.0,30.0,34.0,44.0,53.0,,87.0,93.0,102.0,114.0,125.0,134.0,150,,,,,,,,,,,,,,,,,,,,,,,,
9.0,14.0,30.0,34.0,44.0,53.0,,87.0,93.0,102.0,114.0,125.0,134.0,150,,,,,,,,,,,,,,,,,,,,,,,,
9.0,14.0,30.0,34.0,44.0,53.0,,87.0,93.0,102.0,114.0,125.0,134.0,150,,,,,,,,,,,,,,,,,,,,,,,,
9.0,14.0,30.0,34.0,44.0,53.0,,87.0,93.0,102.0,114.0,125.0,134.0,150,,,,,,,,,,,,,,,,,,,,,,,,
9.0,14.0,30.0,34.0,44.0,53.0,,87.0,93.0,102.0,114.0,125.0,134.0,150,,,,,,,,,,,,,,,,,,,,,,,,
9.0,14.0,30.0,34.0,44.0,53.0,,87.0,93.0,102.0,114.0,125.0,134.0,150,,,,,,,,,,,,,,,,,,,,,,,,
9.0,14.0,30.0,34.0,44.0,53.0,,87.0,93.0,102.0,114.0,125.0,134.0,150,,,,,,,,,,,,,,,,,,,,,,,,
9.0,14.0,30.0,34.0,44.0,53.0,,87.0,93.0,102.0,114.0,125.0,134.0,150,,,,,,,,,,,,,,,,,,,,,,,,
9.0,14.0,30.0,34.0,44.0,53.0,,87.0,93.0,102.0,114.0,125.0,134.0,150,,,,,,,,,,,,,,,,,,,,,,,,
9.0,14.0,30.0,34.0,44.0,53.0,,87.0,93.0,102.0,114.0,125.0,134.0,150,,,,,,,,,,,,,,,,,,,,,,,,
9.0,14.0,30.0,34.0,44.0,53.0,,87.0,93.0,102.0,114.0,125.0,134.0,150,,,,,,,,,,,,,,,,,,,,,,,,
9.0,14.0,30.0,34.0,44.0,53.0,,87.0,93.0,102.0,114.0,125.0,134.0,150,,,,,,,,,,,,,,,,,,,,,,,,
9.0,14.0,30.0,34.0,44.0,53.0,,87.0,93.0,102.0,114.0,125.0,134.0,150,,,,,,,,,,,,,,,,,,,,,,,,
9.0,14.0,30.0,34.0,44.0,53.0,,87.0,93.0,102.0,114.0,125.0,134.0,150,,,,,,,,,,,,,,,,,,,,,,,,
9.0,14.0,30.0,34.0,44.0,53.0,,87.0,93.0,102.0,114.0,125.0,134.0,150,,,,,,,,,,,,,,,,,,,,,,,,
9.0,14.0,30.0,34.0,44.0,53.0,,87.0,93.0,102.0,114.0,125.0,134.0,150,,,,,,,,,,,,,,,,,,,,,,,,
9.0,14.0,30.0,34.0,44.0,53.0,,87.0,93.0,102.0,114.0,125.0,134.0,150,,,,,,,,,,,,,,,,,,,,,,,,
9.0,14.0,30.0,34.0,44.0,53.0,,87.0,93.0,102.0,114.0,125.0,134.0,150,,,,,,,,,,,,,,,,,,,,,,,,
9.0,14.0,30.0,34.0,44.0,53.0,,87.0,93.0,102.0,114.0,125.0,134.0,150,,,,,,,,,,,,,,,,,,,,,,,,
9.0,14.0,30.0,34.0,44.0,53.0,,87.0,93.0,102.0,114.0,125.0,134.0,150,,,,,,,,,,,,,,,,,,,,,,,,
3.0,15.0,25.0,35.0,50.0,53.0,,87.0,93.0,102.0,114.0,125.0,134.0,150,,,,,,,,,,,,,,,,,,,,,,,,
9.0,14.0,30.0,34.0,44.0,53.0,,87.0,93.0,102.0,114.0,125.0,134.0,150,,,,,,,,,,,,,,,,,,,,,,,,
9.0,14.0,30.0,34.0,44.0,53.0,,87.0,93.0,102.0,114.0,125.0,134.0,150,,,,,,,,,,,,,,,,,,,,,,,,
9.0,14.0,30.0,34.0,44.0,53.0,,87.0,93.0,102.0,114.0,125.0,134.0,150,,,,,,,,,,,,,,,,,,,,,,,,
9.0,14.0,30.0,34.0,44.0,53.0,,87.0,93.0,102.0,114.0,125.0,134.0,150,,,,,,,,,,,,,,,,,,,,,,,,
,,30.0,34.0,44.0,53.0,,87.0,93.0,102.0,114.0,125.0,134.0,150,,,,,,,,,,,,,,,,,,,,,,,,
,,,34.0,44.0,53.0,,87.0,93.0,102.0,114.0,125.0,134.0,150,,,,,,,,,,,,,,,,,,,,,,,,
,,,,,,,,93.0,102.0,114.0,125.0,134.0,150,,,,,,,,,,,,,,,,,,,,,,,,
,,,,,,,,,,,,134.0,150,,,,,,,,,,,,,,,,,,,,,,,,
,,,,,,,,,,,,134.0,150,,,,,,,,,,,,,,,,,,,,,,,,
3.0,15.0,25.0,35.0,50.0,54.0,,83.0,94.0,101.0,113.0,122.0,134.0,142,,,,,,,,,,,,,,,,,,,,,,,,
3.0,15.0,25.0,35.0,50.0,54.0,,83.0,94.0,101.0,113.0,122.0,134.0,142,,,,,,,,,,,,,,,,,,,,,,,,
3.0,15.0,25.0,35.0,50.0,54.0,,83.0,94.0,101.0,113.0,122.0,134.0,142,,,,,,,,,,,,,,,,,,,,,,,,
3.0,15.0,25.0,35.0,50.0,54.0,,83.0,94.0,101.0,113.0,122.0,134.0,142,,,,,,,,,,,,,,,,,,,,,,,,
3.0,15.0,25.0,35.0,50.0,54.0,,83.0,94.0,101.0,113.0,122.0,134.0,142,,,,,,,,,,,,,,,,,,,,,,,,
3.0,15.0,25.0,35.0,50.0,54.0,,83.0,94.0,101.0,113.0,122.0,134.0,142,,,,,,,,,,,,,,,,,,,,,,,,
3.0,15.0,25.0,35.0,50.0,54.0,,83.0,94.0,101.0,113.0,122.0,134.0,142,,,,,,,,,,,,,,,,,,,,,,,,
3.0,15.0,25.0,35.0,50.0,54.0,,83.0,94.0,101.0,113.0,122.0,134.0,142,,,,,,,,,,,,,,,,,,,,,,,,
3.0,15.0,25.0,35.0,50.0,54.0,,83.0,94.0,101.0,113.0,122.0,134.0,142,,,,,,,,,,,,,,,,,,,,,,,,
3.0,15.0,25.0,35.0,50.0,54.0,,83.0,94.0,101.0,113.0,122.0,134.0,142,,,,,,,,,,,,,,,,,,,,,,,,
3.0,15.0,25.0,35.0,50.0,54.0,,83.0,94.0,101.0,113.0,122.0,134.0,142,,,,,,,,,,,,,,,,,,,,,,,,
3.0,15.0,25.0,35.0,50.0,54.0,,83.0,94.0,101.0,113.0,122.0,134.0,142,,,,,,,,,,,,,,,,,,,,,,,,
3.0,15.0,25.0,35.0,50.0,54.0,,83.0,94.0,101.0,113.0,122.0,134.0,142,,,,,,,,,,,,,,,,,,,,,,,,
3.0,15.0,25.0,35.0,50.0,54.0,,83.0,94.0,101.0,113.0,122.0,134.0,142,,,,,,,,,,,,,,,,,,,,,,,,
3.0,15.0,25.0,35.0,50.0,54.0,,83.0,94.0,101.0,113.0,122.0,134.0,142,,,,,,,,,,,,,,,,,,,,,,,,
3.0,15.0,25.0,35.0,50.0,54.0,,83.0,94.0,101.0,113.0,122.0,134.0,142,,,,,,,,,,,,,,,,,,,,,,,,
3.0,15.0,25.0,35.0,50.0,54.0,,83.0,94.0,101.0,113.0,122.0,134.0,142,,,,,,,,,,,,,,,,,,,,,,,,
3.0,15.0,25.0,35.0,50.0,54.0,,83.0,94.0,101.0,113.0,122.0,134.0,142,,,,,,,,,,,,,,,,,,,,,,,,
3.0,15.0,25.0,35.0,50.0,54.0,,83.0,94.0,101.0,113.0,122.0,134.0,142,,,,,,,,,,,,,,,,,,,,,,,,
3.0,15.0,25.0,35.0,50.0,54.0,,83.0,94.0,101.0,113.0,122.0,134.0,142,,,,,,,,,,,,,,,,,,,,,,,,
3.0,15.0,25.0,35.0,50.0,54.0,,83.0,94.0,101.0,113.0,122.0,134.0,142,,,,,,,,,,,,,,,,,,,,,,,,
3.0,15.0,25.0,35.0,50.0,54.0,,83.0,94.0,101.0,113.0,122.0,134.0,142,,,,,,,,,,,,,,,,,,,,,,,,
3.0,15.0,25.0,35.0,50.0,54.0,,83.0,94.0,101.0,113.0,122.0,134.0,142,,,,,,,,,,,,,,,,,,,,,,,,
3.0,15.0,25.0,35.0,50.0,54.0,,83.0,94.0,101.0,113.0,122.0,134.0,142,,,,,,,,,,,,,,,,,,,,,,,,
3.0,15.0,25.0,35.0,50.0,54.0,,83.0,94.0,101.0,113.0,122.0,134.0,142,,,,,,,,,,,,,,,,,,,,,,,,
3.0,15.0,25.0,35.0,50.0,54.0,,83.0,94.0,101.0,113.0,122.0,134.0,142,,,,,,,,,,,,,,,,,,,,,,,,
6.0,11.0,26.0,35.0,46.0,54.0,,83.0,94.0,101.0,113.0,122.0,134.0,142,,,,,,,,,,,,,,,,,,,,,,,,
3.0,15.0,25.0,35.0,50.0,54.0,,83.0,94.0,101.0,113.0,122.0,134.0,142,,,,,,,,,,,,,,,,,,,,,,,,
3.0,15.0,25.0,35.0,50.0,54.0,,83.0,94.0,101.0,113.0,122.0,134.0,142,,,,,,,,,,,,,,,,,,,,,,,,
,,,,50.0,54.0,,83.0,94.0,101.0,113.0,122.0,134.0,142,,,,,,,,,,,,,,,,,,,,,,,,
,,,,,54.0,,83.0,94.0,101.0,113.0,122.0,134.0,142,,,,,,,,,,,,,,,,,,,,,,,,
,,,,,54.0,,83.0,94.0,101.0,113.0,122.0,134.0,142,,,,,,,,,,,,,,,,,,,,,,,,
,,,,,,,83.0,94.0,101.0,113.0,122.0,134.0,142,,,,,,,,,,,,,,,,,,,,,,,,
,,,,,,,,,,,,134.0,142,,,,,,,,,,,,,,,,,,,,,,,,
,,,,,,,,,,,,,142,,,,,,,,,,,,,,,,,,,,,,,,
1.0,16.0,22.0,37.0,43.0,57.0,,83.0,95.0,105.0,115.0,123.0,135.0,149,,,,,,,,,,,,,,,,,,,,,,,,
1.0,16.0,22.0,37.0,43.0,57.0,,83.0,95.0,105.0,115.0,123.0,135.0,149,,,,,,,,,,,,,,,,,,,,,,,,
1.0,16.0,22.0,37.0,43.0,57.0,,83.0,95.0,105.0,115.0,123.0,135.0,149,,,,,,,,,,,,,,,,,,,,,,,,
1.0,16.0,22.0,37.0,43.0,57.0,,83.0,95.0,105.0,115.0,123.0,135.0,149,,,,,,,,,,,,,,,,,,,,,,,,
1.0,16.0,22.0,37.0,43.0,57.0,,83.0,95.0,105.0,115.0,123.0,135.0,149,,,,,,,,,,,,,,,,,,,,,,,,
1.0,16.0,22.0,37.0,43.0,57.0,,83.0,95.0,105.0,115.0,123.0,135.0,149,,,,,,,,,,,,,,,,,,,,,,,,
1.0,16.0,22.0,37.0,43.0,57.0,,83.0,95.0,105.0,115.0,123.0,135.0,149,,,,,,,,,,,,,,,,,,,,,,,,
1.0,16.0,22.0,37.0,43.0,57.0,,83.0,95.0,105.0,115.0,123.0,135.0,149,,,,,,,,,,,,,,,,,,,,,,,,
1.0,16.0,22.0,37.0,43.0,57.0,,83.0,95.0,105.0,115.0,123.0,135.0,149,,,,,,,,,,,,,,,,,,,,,,,,
1.0,16.0,22.0,37.0,43.0,57.0,,83.0,95.0,105.0,115.0,123.0,135.0,149,,,,,,,,,,,,,,,,,,,,,,,,
1.0,16.0,22.0,37.0,43.0,57.0,,83.0,95.0,105.0,115.0,123.0,135.0,149,,,,,,,,,,,,,,,,,,,,,,,,
1.0,16.0,22.0,37.0,43.0,57.0,,83.0,95.0,105.0,115.0,123.0,135.0,149,,,,,,,,,,,,,,,,,,,,,,,,
1.0,16.0,22.0,37.0,43.0,57.0,,83.0,95.0,105.0,115.0,123.0,135.0,149,,,,,,,,,,,,,,,,,,,,,,,,
1.0,16.0,22.0,37.0,43.0,57.0,,83.0,95.0,105.0,115.0,123.0,135.0,149,,,,,,,,,,,,,,,,,,,,,,,,
1.0,16.0,22.0,37.0,43.0,57.0,,83.0,95.0,105.0,115.0,123.0,135.0,149,,,,,,,,,,,,,,,,,,,,,,,,
1.0,16.0,22.0,37.0,43.0,57.0,,83.0,95.0,105.0,115.0,123.0,135.0,149,,,,,,,,,,,,,,,,,,,,,,,,
1.0,16.0,22.0,37.0,43.0,57.0,,83.0,95.0,105.0,115.0,123.0,135.0,149,,,,,,,,,,,,,,,,,,,,,,,,
1.0,16.0,22.0,37.0,43.0,57.0,,83.0,95.0,105.0,115.0,123.0,135.0,149,,,,,,,,,,,,,,,,,,,,,,,,
1.0,16.0,22.0,37.0,43.0,57.0,,83.0,95.0,105.0,115.0,123.0,135.0,149,,,,,,,,,,,,,,,,,,,,,,,,
1.0,16.0,22.0,37.0,43.0,57.0,,83.0,95.0,105.0,115.0,123.0,135.0,149,,,,,,,,,,,,,,,,,,,,,,,,
1.0,16.0,22.0,37.0,43.0,57.0,,83.0,95.0,105.0,115.0,123.0,135.0,149,,,,,,,,,,,,,,,,,,,,,,,,
1.0,16.0,22.0,37.0,43.0,57.0,,83.0,95.0,105.0,115.0,123.0,135.0,149,,,,,,,,,,,,,,,,,,,,,,,,
1.0,16.0,22.0,37.0,43.0,57.0,,83.0,95.0,105.0,115.0,123.0,135.0,149,,,,,,,,,,,,,,,,,,,,,,,,
1.0,16.0,22.0,37.0,43.0,57.0,,83.0,95.0,105.0,115.0,123.0,135.0,149,,,,,,,,,,,,,,,,,,,,,,,,
1.0,16.0,22.0,37.0,43.0,57.0,,83.0,95.0,105.0,115.0,123.0,135.0,149,,,,,,,,,,,,,,,,,,,,,,,,
1.0,16.0,22.0,37.0,43.0,57.0,,83.0,95.0,105.0,115.0,123.0,135.0,149,,,,,,,,,,,,,,,,,,,,,,,,
1.0,16.0,22.0,37.0,43.0,57.0,,83.0,95.0,105.0,115.0,123.0,135.0,149,,,,,,,,,,,,,,,,,,,,,,,,
1.0,16.0,22.0,37.0,43.0,57.0,,83.0,95.0,105.0,115.0,123.0,135.0,149,,,,,,,,,,,,,,,,,,,,,,,,
,,22.0,37.0,43.0,57.0,,83.0,95.0,105.0,115.0,123.0,135.0,149,,,,,,,,,,,,,,,,,,,,,,,,
,,,37.0,43.0,57.0,,83.0,95.0,105.0,115.0,123.0,135.0,149,,,,,,,,,,,,,,,,,,,,,,,,
,,,,43.0,57.0,,83.0,95.0,105.0,115.0,123.0,135.0,149,,,,,,,,,,,,,,,,,,,,,,,,
,,,,,,,83.0,95.0,105.0,115.0,123.0,135.0,149,,,,,,,,,,,,,,,,,,,,,,,,
,,,,,,,,,105.0,115.0,123.0,135.0,149,,,,,,,,,,,,,,,,,,,,,,,,
,,,,,,,,,,115.0,123.0,135.0,149,,,,,,,,,,,,,,,,,,,,,,,,
,,,,,,,,,,,,135.0,149,,,,,,,,,,,,,,,,,,,,,,,,
9.0,14.0,30.0,33.0,45.0,55.0,75.0,89.0,96.0,109.0,120.0,123.0,136.0,143,,,,,,,,,,,,,,,,,,,,,,,,
3.0,12.0,23.0,33.0,45.0,55.0,75.0,89.0,96.0,109.0,120.0,123.0,136.0,143,,,,,,,,,,,,,,,,,,,,,,,,
3.0,12.0,23.0,33.0,45.0,55.0,75.0,89.0,96.0,109.0,120.0,123.0,136.0,143,,,,,,,,,,,,,,,,,,,,,,,,
3.0,12.0,23.0,33.0,45.0,55.0,75.0,89.0,96.0,109.0,120.0,123.0,136.0,143,,,,,,,,,,,,,,,,,,,,,,,,
3.0,12.0,23.0,33.0,45.0,55.0,75.0,89.0,96.0,109.0,120.0,123.0,136.0,143,,,,,,,,,,,,,,,,,,,,,,,,
3.0,12.0,23.0,33.0,45.0,55.0,75.0,89.0,96.0,109.0,120.0,123.0,136.0,143,,,,,,,,,,,,,,,,,,,,,,,,
3.0,12.0,23.0,33.0,45.0,55.0,75.0,89.0,96.0,109.0,120.0,123.0,136.0,143,,,,,,,,,,,,,,,,,,,,,,,,
3.0,12.0,23.0,33.0,45.0,55.0,75.0,89.0,96.0,109.0,120.0,123.0,136.0,143,,,,,,,,,,,,,,,,,,,,,,,,
3.0,12.0,23.0,33.0,45.0,55.0,75.0,89.0,96.0,109.0,120.0,123.0,136.0,143,,,,,,,,,,,,,,,,,,,,,,,,
3.0,12.0,23.0,33.0,45.0,55.0,75.0,89.0,96.0,109.0,120.0,123.0,136.0,143,,,,,,,,,,,,,,,,,,,,,,,,
3.0,12.0,23.0,33.0,45.0,55.0,75.0,89.0,96.0,109.0,120.0,123.0,136.0,143,,,,,,,,,,,,,,,,,,,,,,,,
3.0,12.0,23.0,33.0,45.0,55.0,75.0,89.0,96.0,109.0,120.0,123.0,136.0,143,,,,,,,,,,,,,,,,,,,,,,,,
3.0,12.0,23.0,33.0,45.0,55.0,75.0,89.0,96.0,109.0,120.0,123.0,136.0,143,,,,,,,,,,,,,,,,,,,,,,,,
3.0,12.0,23.0,33.0,45.0,55.0,75.0,89.0,96.0,109.0,120.0,123.0,136.0,143,,,,,,,,,,,,,,,,,,,,,,,,
3.0,12.0,23.0,33.0,45.0,55.0,75.0,89.0,96.0,109.0,120.0,123.0,136.0,143,,,,,,,,,,,,,,,,,,,,,,,,
3.0,12.0,23.0,33.0,45.0,55.0,75.0,89.0,96.0,109.0,120.0,123.0,136.0,143,,,,,,,,,,,,,,,,,,,,,,,,
3.0,12.0,23.0,33.0,45.0,55.0,75.0,89.0,96.0,109.0,120.0,123.0,136.0,143,,,,,,,,,,,,,,,,,,,,,,,,
3.0,12.0,23.0,33.0,45.0,55.0,75.0,89.0,96.0,109.0,120.0,123.0,136.0,143,,,,,,,,,,,,,,,,,,,,,,,,
3.0,12.0,23.0,33.0,45.0,55.0,75.0,89.0,96.0,109.0,120.0,123.0,136.0,143,,,,,,,,,,,,,,,,,,,,,,,,
3.0,12.0,23.0,33.0,45.0,55.0,75.0,89.0,96.0,109.0,120.0,123.0,136.0,143,,,,,,,,,,,,,,,,,,,,,,,,
3.0,12.0,23.0,33.0,45.0,55.0,75.0,89.0,96.0,109.0,120.0,123.0,136.0,143,,,,,,,,,,,,,,,,,,,,,,,,
3.0,12.0,23.0,33.0,45.0,55.0,75.0,89.0,96.0,109.0,120.0,123.0,136.0,143,,,,,,,,,,,,,,,,,,,,,,,,
3.0,12.0,23.0,33.0,45.0,55.0,75.0,89.0,96.0,109.0,120.0,123.0,136.0,143,,,,,,,,,,,,,,,,,,,,,,,,
3.0,12.0,23.0,33.0,45.0,55.0,75.0,89.0,96.0,109.0,120.0,123.0,136.0,143,,,,,,,,,,,,,,,,,,,,,,,,
3.0,12.0,23.0,33.0,45.0,55.0,75.0,89.0,96.0,109.0,120.0,123.0,136.0,143,,,,,,,,,,,,,,,,,,,,,,,,
5.0,12.0,23.0,33.0,45.0,55.0,75.0,89.0,96.0,109.0,120.0,123.0,136.0,143,,,,,,,,,,,,,,,,,,,,,,,,
3.0,12.0,23.0,33.0,45.0,55.0,75.0,89.0,96.0,109.0,120.0,123.0,136.0,143,,,,,,,,,,,,,,,,,,,,,,,,
3.0,12.0,23.0,33.0,45.0,55.0,75.0,89.0,96.0,109.0,120.0,123.0,136.0,143,,,,,,,,,,,,,,,,,,,,,,,,
3.0,12.0,23.0,33.0,45.0,55.0,75.0,89.0,96.0,109.0,120.0,123.0,136.0,143,,,,,,,,,,,,,,,,,,,,,,,,
3.0,12.0,23.0,33.0,45.0,55.0,75.0,89.0,96.0,109.0,120.0,123.0,136.0,143,,,,,,,,,,,,,,,,,,,,,,,,
9.0,13.0,27.0,39.0,46.0,55.0,75.0,89.0,96.0,109.0,120.0,123.0,136.0,143,,,,,,,,,,,,,,,,,,,,,,,,
,12.0,23.0,33.0,45.0,55.0,75.0,89.0,96.0,109.0,120.0,123.0,136.0,143,,,,,,,,,,,,,,,,,,,,,,,,
,,,,45.0,55.0,75.0,89.0,96.0,109.0,120.0,123.0,136.0,143,,,,,,,,,,,,,,,,,,,,,,,,
,,,,,55.0,75.0,89.0,96.0,109.0,120.0,123.0,136.0,143,,,,,,,,,,,,,,,,,,,,,,,,
,,,,,,75.0,89.0,96.0,109.0,120.0,123.0,136.0,143,,,,,,,,,,,,,,,,,,,,,,,,
,,,,,,,89.0,96.0,109.0,120.0,123.0,136.0,143,,,,,,,,,,,,,,,,,,,,,,,,
4.0,20.0,24.0,31.0,44.0,59.0,78.0,84.0,100.0,103.0,116.0,124.0,136.0,145,,,,,,,,,,,,,,,,,,,,,,,,
4.0,20.0,24.0,31.0,44.0,59.0,78.0,84.0,100.0,103.0,116.0,124.0,136.0,145,,,,,,,,,,,,,,,,,,,,,,,,
4.0,20.0,24.0,31.0,44.0,59.0,78.0,84.0,100.0,103.0,116.0,124.0,136.0,145,,,,,,,,,,,,,,,,,,,,,,,,
4.0,20.0,24.0,31.0,44.0,59.0,78.0,84.0,100.0,103.0,116.0,124.0,136.0,145,,,,,,,,,,,,,,,,,,,,,,,,
4.0,20.0,24.0,31.0,44.0,59.0,78.0,84.0,100.0,103.0,116.0,124.0,136.0,145,,,,,,,,,,,,,,,,,,,,,,,,
4.0,20.0,24.0,31.0,44.0,59.0,78.0,84.0,100.0,103.0,116.0,124.0,136.0,145,,,,,,,,,,,,,,,,,,,,,,,,
4.0,20.0,24.0,31.0,44.0,59.0,78.0,84.0,100.0,103.0,116.0,124.0,136.0,145,,,,,,,,,,,,,,,,,,,,,,,,
4.0,20.0,24.0,31.0,44.0,59.0,78.0,84.0,100.0,103.0,116.0,124.0,136.0,145,,,,,,,,,,,,,,,,,,,,,,,,
4.0,20.0,24.0,31.0,44.0,59.0,78.0,84.0,100.0,103.0,116.0,124.0,136.0,145,,,,,,,,,,,,,,,,,,,,,,,,
4.0,20.0,24.0,31.0,44.0,59.0,78.0,84.0,100.0,103.0,116.0,124.0,136.0,145,,,,,,,,,,,,,,,,,,,,,,,,
4.0,20.0,24.0,31.0,44.0,59.0,78.0,84.0,100.0,103.0,116.0,124.0,136.0,145,,,,,,,,,,,,,,,,,,,,,,,,
4.0,20.0,24.0,31.0,44.0,59.0,78.0,84.0,100.0,103.0,116.0,124.0,136.0,145,,,,,,,,,,,,,,,,,,,,,,,,
4.0,20.0,24.0,31.0,44.0,59.0,78.0,84.0,100.0,103.0,116.0,124.0,136.0,145,,,,,,,,,,,,,,,,,,,,,,,,
4.0,20.0,24.0,31.0,44.0,59.0,78.0,84.0,100.0,103.0,116.0,124.0,136.0,145,,,,,,,,,,,,,,,,,,,,,,,,
4.0,20.0,24.0,31.0,44.0,59.0,78.0,84.0,100.0,103.0,116.0,124.0,136.0,145,,,,,,,,,,,,,,,,,,,,,,,,
4.0,20.0,24.0,31.0,44.0,59.0,78.0,84.0,100.0,103.0,116.0,124.0,136.0,145,,,,,,,,,,,,,,,,,,,,,,,,
4.0,20.0,24.0,31.0,44.0,59.0,78.0,84.0,100.0,103.0,116.0,124.0,136.0,145,,,,,,,,,,,,,,,,,,,,,,,,
4.0,20.0,24.0,31.0,44.0,59.0,78.0,84.0,100.0,103.0,116.0,124.0,136.0,145,,,,,,,,,,,,,,,,,,,,,,,,
4.0,20.0,24.0,31.0,44.0,59.0,78.0,84.0,100.0,103.0,116.0,124.0,136.0,145,,,,,,,,,,,,,,,,,,,,,,,,
4.0,20.0,24.0,31.0,44.0,59.0,78.0,84.0,100.0,103.0,116.0,124.0,136.0,145,,,,,,,,,,,,,,,,,,,,,,,,
4.0,20.0,24.0,31.0,44.0,59.0,78.0,84.0,100.0,103.0,116.0,124.0,136.0,145,,,,,,,,,,,,,,,,,,,,,,,,
4.0,20.0,24.0,31.0,44.0,59.0,78.0,84.0,100.0,103.0,116.0,124.0,136.0,145,,,,,,,,,,,,,,,,,,,,,,,,
4.0,20.0,24.0,31.0,44.0,59.0,78.0,84.0,100.0,103.0,116.0,124.0,136.0,145,,,,,,,,,,,,,,,,,,,,,,,,
5.0,19.0,25.0,34.0,45.0,59.0,78.0,84.0,100.0,103.0,116.0,124.0,136.0,145,,,,,,,,,,,,,,,,,,,,,,,,
4.0,20.0,24.0,31.0,44.0,59.0,78.0,84.0,100.0,103.0,116.0,124.0,136.0,145,,,,,,,,,,,,,,,,,,,,,,,,
10.0,20.0,24.0,31.0,44.0,59.0,78.0,84.0,100.0,103.0,116.0,124.0,136.0,145,,,,,,,,,,,,,,,,,,,,,,,,
4.0,20.0,24.0,31.0,44.0,59.0,78.0,84.0,100.0,103.0,116.0,124.0,136.0,145,,,,,,,,,,,,,,,,,,,,,,,,
4.0,20.0,24.0,31.0,44.0,59.0,78.0,84.0,100.0,103.0,116.0,124.0,136.0,145,,,,,,,,,,,,,,,,,,,,,,,,
4.0,20.0,24.0,31.0,44.0,59.0,78.0,84.0,100.0,103.0,116.0,124.0,136.0,145,,,,,,,,,,,,,,,,,,,,,,,,
4.0,20.0,24.0,31.0,44.0,59.0,78.0,84.0,100.0,103.0,116.0,124.0,136.0,145,,,,,,,,,,,,,,,,,,,,,,,,
,,24.0,31.0,44.0,59.0,78.0,84.0,100.0,103.0,116.0,124.0,136.0,145,,,,,,,,,,,,,,,,,,,,,,,,
,,,,,59.0,78.0,84.0,100.0,103.0,116.0,124.0,136.0,145,,,,,,,,,,,,,,,,,,,,,,,,
,,,,,59.0,78.0,84.0,100.0,103.0,116.0,124.0,136.0,145,,,,,,,,,,,,,,,,,,,,,,,,
,,,,,59.0,78.0,84.0,100.0,103.0,116.0,124.0,136.0,145,,,,,,,,,,,,,,,,,,,,,,,,
,,,,,,,84.0,100.0,103.0,116.0,124.0,136.0,145,,,,,,,,,,,,,,,,,,,,,,,,
,,,,,,,,100.0,103.0,116.0,124.0,136.0,145,,,,,,,,,,,,,,,,,,,,,,,,
6.0,11.0,26.0,35.0,46.0,53.0,79.0,86.0,92.0,105.0,117.0,130.0,137.0,143,,,,,,,,,,,,,,,,,,,,,,,,
6.0,11.0,26.0,35.0,46.0,53.0,79.0,86.0,92.0,105.0,117.0,130.0,137.0,143,,,,,,,,,,,,,,,,,,,,,,,,
6.0,11.0,26.0,35.0,46.0,53.0,79.0,86.0,92.0,105.0,117.0,130.0,137.0,143,,,,,,,,,,,,,,,,,,,,,,,,
6.0,11.0,26.0,35.0,46.0,53.0,79.0,86.0,92.0,105.0,117.0,130.0,137.0,143,,,,,,,,,,,,,,,,,,,,,,,,
6.0,11.0,26.0,35.0,46.0,53.0,79.0,86.0,92.0,105.0,117.0,130.0,137.0,143,,,,,,,,,,,,,,,,,,,,,,,,
6.0,11.0,26.0,35.0,46.0,53.0,79.0,86.0,92.0,105.0,117.0,130.0,137.0,143,,,,,,,,,,,,,,,,,,,,,,,,
6.0,11.0,26.0,35.0,46.0,53.0,79.0,86.0,92.0,105.0,117.0,130.0,137.0,143,,,,,,,,,,,,,,,,,,,,,,,,
6.0,11.0,26.0,35.0,46.0,53.0,79.0,86.0,92.0,105.0,117.0,130.0,137.0,143,,,,,,,,,,,,,,,,,,,,,,,,
6.0,11.0,26.0,35.0,46.0,53.0,79.0,86.0,92.0,105.0,117.0,130.0,137.0,143,,,,,,,,,,,,,,,,,,,,,,,,
6.0,11.0,26.0,35.0,46.0,53.0,79.0,86.0,92.0,105.0,117.0,130.0,137.0,143,,,,,,,,,,,,,,,,,,,,,,,,
6.0,11.0,26.0,35.0,46.0,53.0,79.0,86.0,92.0,105.0,117.0,130.0,137.0,143,,,,,,,,,,,,,,,,,,,,,,,,
6.0,11.0,26.0,35.0,46.0,53.0,79.0,86.0,92.0,105.0,117.0,130.0,137.0,143,,,,,,,,,,,,,,,,,,,,,,,,
6.0,11.0,26.0,35.0,46.0,53.0,79.0,86.0,92.0,105.0,117.0,130.0,137.0,143,,,,,,,,,,,,,,,,,,,,,,,,
6.0,11.0,26.0,35.0,46.0,53.0,79.0,86.0,92.0,105.0,117.0,130.0,137.0,143,,,,,,,,,,,,,,,,,,,,,,,,
6.0,11.0,26.0,35.0,46.0,53.0,79.0,86.0,92.0,105.0,117.0,130.0,137.0,143,,,,,,,,,,,,,,,,,,,,,,,,
6.0,11.0,26.0,35.0,46.0,53.0,79.0,86.0,92.0,105.0,117.0,130.0,137.0,143,,,,,,,,,,,,,,,,,,,,,,,,
6.0,11.0,26.0,35.0,46.0,53.0,79.0,86.0,92.0,105.0,117.0,130.0,137.0,143,,,,,,,,,,,,,,,,,,,,,,,,
6.0,11.0,26.0,35.0,46.0,53.0,79.0,86.0,92.0,105.0,117.0,130.0,137.0,143,,,,,,,,,,,,,,,,,,,,,,,,
6.0,11.0,26.0,35.0,46.0,53.0,79.0,86.0,92.0,105.0,117.0,130.0,137.0,143,,,,,,,,,,,,,,,,,,,,,,,,
6.0,11.0,26.0,35.0,46.0,53.0,79.0,86.0,92.0,105.0,117.0,130.0,137.0,143,,,,,,,,,,,,,,,,,,,,,,,,
6.0,11.0,26.0,35.0,46.0,53.0,79.0,86.0,92.0,105.0,117.0,130.0,137.0,143,,,,,,,,,,,,,,,,,,,,,,,,
6.0,11.0,26.0,35.0,46.0,53.0,79.0,86.0,92.0,105.0,117.0,130.0,137.0,143,,,,,,,,,,,,,,,,,,,,,,,,
6.0,11.0,26.0,35.0,46.0,53.0,79.0,86.0,92.0,105.0,117.0,130.0,137.0,143,,,,,,,,,,,,,,,,,,,,,,,,
6.0,11.0,26.0,35.0,46.0,53.0,79.0,86.0,92.0,105.0,117.0,130.0,137.0,143,,,,,,,,,,,,,,,,,,,,,,,,
6.0,11.0,26.0,35.0,46.0,53.0,79.0,86.0,92.0,105.0,117.0,130.0,137.0,143,,,,,,,,,,,,,,,,,,,,,,,,
6.0,11.0,26.0,35.0,46.0,53.0,79.0,86.0,92.0,105.0,117.0,130.0,137.0,143,,,,,,,,,,,,,,,,,,,,,,,,
6.0,11.0,26.0,35.0,46.0,53.0,79.0,86.0,92.0,105.0,117.0,130.0,137.0,143,,,,,,,,,,,,,,,,,,,,,,,,
,,26.0,35.0,46.0,53.0,79.0,86.0,92.0,105.0,117.0,130.0,137.0,143,,,,,,,,,,,,,,,,,,,,,,,,
,,,,,53.0,79.0,86.0,92.0,105.0,117.0,130.0,137.0,143,,,,,,,,,,,,,,,,,,,,,,,,
,,,,,,,,92.0,105.0,117.0,130.0,137.0,143,,,,,,,,,,,,,,,,,,,,,,,,
,,,,,,,,,,117.0,130.0,137.0,143,,,,,,,,,,,,,,,,,,,,,,,,
5.0,19.0,25.0,34.0,45.0,52.0,,85.0,95.0,104.0,117.0,124.0,138.0,144,,,,,,,,,,,,,,,,,,,,,,,,
5.0,19.0,25.0,34.0,45.0,52.0,,85.0,95.0,104.0,117.0,124.0,138.0,144,,,,,,,,,,,,,,,,,,,,,,,,
5.0,19.0,25.0,34.0,45.0,52.0,,85.0,95.0,104.0,117.0,124.0,138.0,144,,,,,,,,,,,,,,,,,,,,,,,,
5.0,19.0,25.0,34.0,45.0,52.0,,85.0,95.0,104.0,117.0,124.0,138.0,144,,,,,,,,,,,,,,,,,,,,,,,,
5.0,19.0,25.0,34.0,45.0,52.0,,85.0,95.0,104.0,117.0,124.0,138.0,144,,,,,,,,,,,,,,,,,,,,,,,,
5.0,19.0,25.0,34.0,45.0,52.0,,85.0,95.0,104.0,117.0,124.0,138.0,144,,,,,,,,,,,,,,,,,,,,,,,,
5.0,19.0,25.0,34.0,45.0,52.0,,85.0,95.0,104.0,117.0,124.0,138.0,144,,,,,,,,,,,,,,,,,,,,,,,,
5.0,19.0,25.0,34.0,45.0,52.0,,85.0,95.0,104.0,117.0,124.0,138.0,144,,,,,,,,,,,,,,,,,,,,,,,,
5.0,19.0,25.0,34.0,45.0,52.0,,85.0,95.0,104.0,117.0,124.0,138.0,144,,,,,,,,,,,,,,,,,,,,,,,,
5.0,19.0,25.0,34.0,45.0,52.0,,85.0,95.0,104.0,117.0,124.0,138.0,144,,,,,,,,,,,,,,,,,,,,,,,,
5.0,19.0,25.0,34.0,45.0,52.0,,85.0,95.0,104.0,117.0,124.0,138.0,144,,,,,,,,,,,,,,,,,,,,,,,,
5.0,19.0,25.0,34.0,45.0,52.0,,85.0,95.0,104.0,117.0,124.0,138.0,144,,,,,,,,,,,,,,,,,,,,,,,,
5.0,19.0,25.0,34.0,45.0,52.0,,85.0,95.0,104.0,117.0,124.0,138.0,144,,,,,,,,,,,,,,,,,,,,,,,,
5.0,19.0,25.0,34.0,45.0,52.0,,85.0,95.0,104.0,117.0,124.0,138.0,144,,,,,,,,,,,,,,,,,,,,,,,,
5.0,19.0,25.0,34.0,45.0,52.0,,85.0,95.0,104.0,117.0,124.0,138.0,144,,,,,,,,,,,,,,,,,,,,,,,,
5.0,19.0,25.0,34.0,45.0,52.0,,85.0,95.0,104.0,117.0,124.0,138.0,144,,,,,,,,,,,,,,,,,,,,,,,,
5.0,19.0,25.0,34.0,45.0,52.0,,85.0,95.0,104.0,117.0,124.0,138.0,144,,,,,,,,,,,,,,,,,,,,,,,,
5.0,19.0,25.0,34.0,45.0,52.0,,85.0,95.0,104.0,117.0,124.0,138.0,144,,,,,,,,,,,,,,,,,,,,,,,,
5.0,19.0,25.0,34.0,45.0,52.0,,85.0,95.0,104.0,117.0,124.0,138.0,144,,,,,,,,,,,,,,,,,,,,,,,,
5.0,19.0,25.0,34.0,45.0,52.0,,85.0,95.0,104.0,117.0,124.0,138.0,144,,,,,,,,,,,,,,,,,,,,,,,,
5.0,19.0,25.0,34.0,45.0,52.0,,85.0,95.0,104.0,117.0,124.0,138.0,144,,,,,,,,,,,,,,,,,,,,,,,,
5.0,19.0,25.0,34.0,45.0,52.0,,85.0,95.0,104.0,117.0,124.0,138.0,144,,,,,,,,,,,,,,,,,,,,,,,,
5.0,19.0,25.0,34.0,45.0,52.0,,85.0,95.0,104.0,117.0,124.0,138.0,144,,,,,,,,,,,,,,,,,,,,,,,,
5.0,19.0,25.0,34.0,45.0,52.0,,85.0,95.0,104.0,117.0,124.0,138.0,144,,,,,,,,,,,,,,,,,,,,,,,,
5.0,19.0,25.0,34.0,45.0,52.0,,85.0,95.0,104.0,117.0,124.0,138.0,144,,,,,,,,,,,,,,,,,,,,,,,,
5.0,19.0,25.0,34.0,45.0,52.0,,85.0,95.0,104.0,117.0,124.0,138.0,144,,,,,,,,,,,,,,,,,,,,,,,,
5.0,19.0,25.0,34.0,45.0,52.0,,85.0,95.0,104.0,117.0,124.0,138.0,144,,,,,,,,,,,,,,,,,,,,,,,,
5.0,19.0,25.0,34.0,45.0,52.0,,85.0,95.0,104.0,117.0,124.0,138.0,144,,,,,,,,,,,,,,,,,,,,,,,,
5.0,19.0,25.0,34.0,45.0,52.0,,85.0,95.0,104.0,117.0,124.0,138.0,144,,,,,,,,,,,,,,,,,,,,,,,,
5.0,19.0,25.0,34.0,45.0,52.0,,85.0,95.0,104.0,117.0,124.0,138.0,144,,,,,,,,,,,,,,,,,,,,,,,,
,19.0,25.0,34.0,45.0,52.0,,85.0,95.0,104.0,117.0,124.0,138.0,144,,,,,,,,,,,,,,,,,,,,,,,,
,,,,,52.0,,85.0,95.0,104.0,117.0,124.0,138.0,144,,,,,,,,,,,,,,,,,,,,,,,,
,,,,,,,,,,,,,144,,,,,,,,,,,,,,,,,,,,,,,,
4.0,16.0,27.0,36.0,48.0,55.0,,87.0,91.0,106.0,118.0,126.0,138.0,148,,,,,,,,,,,,,,,,,,,,,,,,
4.0,16.0,27.0,36.0,48.0,55.0,,87.0,91.0,106.0,118.0,126.0,138.0,148,,,,,,,,,,,,,,,,,,,,,,,,
4.0,16.0,27.0,36.0,48.0,55.0,,87.0,91.0,106.0,118.0,126.0,138.0,148,,,,,,,,,,,,,,,,,,,,,,,,
4.0,16.0,27.0,36.0,48.0,55.0,,87.0,91.0,106.0,118.0,126.0,138.0,148,,,,,,,,,,,,,,,,,,,,,,,,
4.0,16.0,27.0,36.0,48.0,55.0,,87.0,91.0,106.0,118.0,126.0,138.0,148,,,,,,,,,,,,,,,,,,,,,,,,
4.0,16.0,27.0,36.0,48.0,55.0,,87.0,91.0,106.0,118.0,126.0,138.0,148,,,,,,,,,,,,,,,,,,,,,,,,
4.0,16.0,27.0,36.0,48.0,55.0,,87.0,91.0,106.0,118.0,126.0,138.0,148,,,,,,,,,,,,,,,,,,,,,,,,
4.0,16.0,27.0,36.0,48.0,55.0,,87.0,91.0,106.0,118.0,126.0,138.0,148,,,,,,,,,,,,,,,,,,,,,,,,
4.0,16.0,27.0,36.0,48.0,55.0,,87.0,91.0,106.0,118.0,126.0,138.0,148,,,,,,,,,,,,,,,,,,,,,,,,
4.0,16.0,27.0,36.0,48.0,55.0,,87.0,91.0,106.0,118.0,126.0,138.0,148,,,,,,,,,,,,,,,,,,,,,,,,
4.0,16.0,27.0,36.0,48.0,55.0,,87.0,91.0,106.0,118.0,126.0,138.0,148,,,,,,,,,,,,,,,,,,,,,,,,
4.0,16.0,27.0,36.0,48.0,55.0,,87.0,91.0,106.0,118.0,126.0,138.0,148,,,,,,,,,,,,,,,,,,,,,,,,
4.0,16.0,27.0,36.0,48.0,55.0,,87.0,91.0,106.0,118.0,126.0,138.0,148,,,,,,,,,,,,,,,,,,,,,,,,
4.0,16.0,27.0,36.0,48.0,55.0,,87.0,91.0,106.0,118.0,126.0,138.0,148,,,,,,,,,,,,,,,,,,,,,,,,
4.0,16.0,27.0,36.0,48.0,55.0,,87.0,91.0,106.0,118.0,126.0,138.0,148,,,,,,,,,,,,,,,,,,,,,,,,
4.0,16.0,27.0,36.0,48.0,55.0,,87.0,91.0,106.0,118.0,126.0,138.0,148,,,,,,,,,,,,,,,,,,,,,,,,
4.0,16.0,27.0,36.0,48.0,55.0,,87.0,91.0,106.0,118.0,126.0,138.0,148,,,,,,,,,,,,,,,,,,,,,,,,
4.0,16.0,27.0,36.0,48.0,55.0,,87.0,91.0,106.0,118.0,126.0,138.0,148,,,,,,,,,,,,,,,,,,,,,,,,
4.0,16.0,27.0,36.0,48.0,55.0,,87.0,91.0,106.0,118.0,126.0,138.0,148,,,,,,,,,,,,,,,,,,,,,,,,
4.0,16.0,27.0,36.0,48.0,55.0,,87.0,91.0,106.0,118.0,126.0,138.0,148,,,,,,,,,,,,,,,,,,,,,,,,
4.0,16.0,27.0,36.0,48.0,55.0,,87.0,91.0,106.0,118.0,126.0,138.0,148,,,,,,,,,,,,,,,,,,,,,,,,
4.0,16.0,27.0,36.0,48.0,55.0,,87.0,91.0,106.0,118.0,126.0,138.0,148,,,,,,,,,,,,,,,,,,,,,,,,
4.0,16.0,27.0,36.0,48.0,55.0,,87.0,91.0,106.0,118.0,126.0,138.0,148,,,,,,,,,,,,,,,,,,,,,,,,
4.0,16.0,27.0,36.0,48.0,55.0,,87.0,91.0,106.0,118.0,126.0,138.0,148,,,,,,,,,,,,,,,,,,,,,,,,
4.0,16.0,27.0,36.0,48.0,55.0,,87.0,91.0,106.0,118.0,126.0,138.0,148,,,,,,,,,,,,,,,,,,,,,,,,
4.0,16.0,27.0,36.0,48.0,55.0,,87.0,91.0,106.0,118.0,126.0,138.0,148,,,,,,,,,,,,,,,,,,,,,,,,
4.0,16.0,27.0,36.0,48.0,55.0,,87.0,91.0,106.0,118.0,126.0,138.0,148,,,,,,,,,,,,,,,,,,,,,,,,
4.0,16.0,27.0,36.0,48.0,55.0,,87.0,91.0,106.0,118.0,126.0,138.0,148,,,,,,,,,,,,,,,,,,,,,,,,
4.0,16.0,27.0,36.0,48.0,55.0,,87.0,91.0,106.0,118.0,126.0,138.0,148,,,,,,,,,,,,,,,,,,,,,,,,
4.0,16.0,27.0,36.0,48.0,55.0,,87.0,91.0,106.0,118.0,126.0,138.0,148,,,,,,,,,,,,,,,,,,,,,,,,
4.0,16.0,27.0,36.0,48.0,55.0,,87.0,91.0,106.0,118.0,126.0,138.0,148,,,,,,,,,,,,,,,,,,,,,,,,
,16.0,27.0,36.0,48.0,55.0,,87.0,91.0,106.0,118.0,126.0,138.0,148,,,,,,,,,,,,,,,,,,,,,,,,
,,27.0,36.0,48.0,55.0,,87.0,91.0,106.0,118.0,126.0,138.0,148,,,,,,,,,,,,,,,,,,,,,,,,
,,,,,55.0,,87.0,91.0,106.0,118.0,126.0,138.0,148,,,,,,,,,,,,,,,,,,,,,,,,
10.0,17.0,28.0,37.0,49.0,51.0,80.0,88.0,97.0,106.0,,125.0,137.0,145,,,,,,,,,,,,,,,,,,,,,,,,
10.0,17.0,28.0,37.0,49.0,51.0,80.0,88.0,97.0,106.0,,125.0,137.0,145,,,,,,,,,,,,,,,,,,,,,,,,
10.0,17.0,28.0,37.0,49.0,51.0,80.0,88.0,97.0,106.0,,125.0,137.0,145,,,,,,,,,,,,,,,,,,,,,,,,
10.0,17.0,28.0,37.0,49.0,51.0,80.0,88.0,97.0,106.0,,125.0,137.0,145,,,,,,,,,,,,,,,,,,,,,,,,
10.0,17.0,28.0,37.0,49.0,51.0,80.0,88.0,97.0,106.0,,125.0,137.0,145,,,,,,,,,,,,,,,,,,,,,,,,
10.0,17.0,28.0,37.0,49.0,51.0,80.0,88.0,97.0,106.0,,125.0,137.0,145,,,,,,,,,,,,,,,,,,,,,,,,
10.0,17.0,28.0,37.0,49.0,51.0,80.0,88.0,97.0,106.0,,125.0,137.0,145,,,,,,,,,,,,,,,,,,,,,,,,
10.0,17.0,28.0,37.0,49.0,51.0,80.0,88.0,97.0,106.0,,125.0,137.0,145,,,,,,,,,,,,,,,,,,,,,,,,
10.0,17.0,28.0,37.0,49.0,51.0,80.0,88.0,97.0,106.0,,125.0,137.0,145,,,,,,,,,,,,,,,,,,,,,,,,
10.0,17.0,28.0,37.0,49.0,51.0,80.0,88.0,97.0,106.0,,125.0,137.0,145,,,,,,,,,,,,,,,,,,,,,,,,
10.0,17.0,28.0,37.0,49.0,51.0,80.0,88.0,97.0,106.0,,125.0,137.0,145,,,,,,,,,,,,,,,,,,,,,,,,
10.0,17.0,28.0,37.0,49.0,51.0,80.0,88.0,97.0,106.0,,125.0,137.0,145,,,,,,,,,,,,,,,,,,,,,,,,
10.0,17.0,28.0,37.0,49.0,51.0,80.0,88.0,97.0,106.0,,125.0,137.0,145,,,,,,,,,,,,,,,,,,,,,,,,
10.0,17.0,28.0,37.0,49.0,51.0,80.0,88.0,97.0,106.0,,125.0,137.0,145,,,,,,,,,,,,,,,,,,,,,,,,
10.0,17.0,28.0,37.0,49.0,51.0,80.0,88.0,97.0,106.0,,125.0,137.0,145,,,,,,,,,,,,,,,,,,,,,,,,
10.0,17.0,28.0,37.0,49.0,51.0,80.0,88.0,97.0,106.0,,125.0,137.0,145,,,,,,,,,,,,,,,,,,,,,,,,
10.0,17.0,28.0,37.0,49.0,51.0,80.0,88.0,97.0,106.0,,125.0,137.0,145,,,,,,,,,,,,,,,,,,,,,,,,
10.0,17.0,28.0,37.0,49.0,51.0,80.0,88.0,97.0,106.0,,125.0,137.0,145,,,,,,,,,,,,,,,,,,,,,,,,
10.0,17.0,28.0,37.0,49.0,51.0,80.0,88.0,97.0,106.0,,125.0,137.0,145,,,,,,,,,,,,,,,,,,,,,,,,
10.0,17.0,28.0,37.0,49.0,51.0,80.0,88.0,97.0,106.0,,125.0,137.0,145,,,,,,,,,,,,,,,,,,,,,,,,
10.0,17.0,28.0,37.0,49.0,51.0,80.0,88.0,97.0,106.0,,125.0,137.0,145,,,,,,,,,,,,,,,,,,,,,,,,
10.0,17.0,28.0,37.0,49.0,51.0,80.0,88.0,97.0,106.0,,125.0,137.0,145,,,,,,,,,,,,,,,,,,,,,,,,
10.0,17.0,28.0,37.0,49.0,51.0,80.0,88.0,97.0,106.0,,125.0,137.0,145,,,,,,,,,,,,,,,,,,,,,,,,
10.0,17.0,28.0,37.0,49.0,51.0,80.0,88.0,97.0,106.0,,125.0,137.0,145,,,,,,,,,,,,,,,,,,,,,,,,
10.0,17.0,28.0,37.0,49.0,51.0,80.0,88.0,97.0,106.0,,125.0,137.0,145,,,,,,,,,,,,,,,,,,,,,,,,
10.0,17.0,28.0,37.0,49.0,51.0,80.0,88.0,97.0,106.0,,125.0,137.0,145,,,,,,,,,,,,,,,,,,,,,,,,
,,28.0,37.0,49.0,51.0,80.0,88.0,97.0,106.0,,125.0,137.0,145,,,,,,,,,,,,,,,,,,,,,,,,
,,,37.0,49.0,51.0,80.0,88.0,97.0,106.0,,125.0,137.0,145,,,,,,,,,,,,,,,,,,,,,,,,
,,,37.0,49.0,51.0,80.0,88.0,97.0,106.0,,125.0,137.0,145,,,,,,,,,,,,,,,,,,,,,,,,
,,,,,51.0,80.0,88.0,97.0,106.0,,125.0,137.0,145,,,,,,,,,,,,,,,,,,,,,,,,
9.0,13.0,27.0,39.0,46.0,56.0,,88.0,96.0,107.0,119.0,122.0,139.0,141,,,,,,,,,,,,,,,,,,,,,,,,
9.0,13.0,27.0,39.0,46.0,56.0,,88.0,96.0,107.0,119.0,122.0,139.0,141,,,,,,,,,,,,,,,,,,,,,,,,
9.0,13.0,27.0,39.0,46.0,56.0,,88.0,96.0,107.0,119.0,122.0,139.0,141,,,,,,,,,,,,,,,,,,,,,,,,
9.0,13.0,27.0,39.0,46.0,56.0,,88.0,96.0,107.0,119.0,122.0,139.0,141,,,,,,,,,,,,,,,,,,,,,,,,
9.0,13.0,27.0,39.0,46.0,56.0,,88.0,96.0,107.0,119.0,122.0,139.0,141,,,,,,,,,,,,,,,,,,,,,,,,
9.0,13.0,27.0,39.0,46.0,56.0,,88.0,96.0,107.0,119.0,122.0,139.0,141,,,,,,,,,,,,,,,,,,,,,,,,
9.0,13.0,27.0,39.0,46.0,56.0,,88.0,96.0,107.0,119.0,122.0,139.0,141,,,,,,,,,,,,,,,,,,,,,,,,
9.0,13.0,27.0,39.0,46.0,56.0,,88.0,96.0,107.0,119.0,122.0,139.0,141,,,,,,,,,,,,,,,,,,,,,,,,
9.0,13.0,27.0,39.0,46.0,56.0,,88.0,96.0,107.0,119.0,122.0,139.0,141,,,,,,,,,,,,,,,,,,,,,,,,
9.0,13.0,27.0,39.0,46.0,56.0,,88.0,96.0,107.0,119.0,122.0,139.0,141,,,,,,,,,,,,,,,,,,,,,,,,
9.0,13.0,27.0,39.0,46.0,56.0,,88.0,96.0,107.0,119.0,122.0,139.0,141,,,,,,,,,,,,,,,,,,,,,,,,
9.0,13.0,27.0,39.0,46.0,56.0,,88.0,96.0,107.0,119.0,122.0,139.0,141,,,,,,,,,,,,,,,,,,,,,,,,
9.0,13.0,27.0,39.0,46.0,56.0,,88.0,96.0,107.0,119.0,122.0,139.0,141,,,,,,,,,,,,,,,,,,,,,,,,
9.0,13.0,27.0,39.0,46.0,56.0,,88.0,96.0,107.0,119.0,122.0,139.0,141,,,,,,,,,,,,,,,,,,,,,,,,
9.0,13.0,27.0,39.0,46.0,56.0,,88.0,96.0,107.0,119.0,122.0,139.0,141,,,,,,,,,,,,,,,,,,,,,,,,
9.0,13.0,27.0,39.0,46.0,56.0,,88.0,96.0,107.0,119.0,122.0,139.0,141,,,,,,,,,,,,,,,,,,,,,,,,
9.0,13.0,27.0,39.0,46.0,56.0,,88.0,96.0,107.0,119.0,122.0,139.0,141,,,,,,,,,,,,,,,,,,,,,,,,
9.0,13.0,27.0,39.0,46.0,56.0,,88.0,96.0,107.0,119.0,122.0,139.0,141,,,,,,,,,,,,,,,,,,,,,,,,
9.0,13.0,27.0,39.0,46.0,56.0,,88.0,96.0,107.0,119.0,122.0,139.0,141,,,,,,,,,,,,,,,,,,,,,,,,
9.0,13.0,27.0,39.0,46.0,56.0,,88.0,96.0,107.0,119.0,122.0,139.0,141,,,,,,,,,,,,,,,,,,,,,,,,
9.0,13.0,27.0,39.0,46.0,56.0,,88.0,96.0,107.0,119.0,122.0,139.0,141,,,,,,,,,,,,,,,,,,,,,,,,
9.0,13.0,27.0,39.0,46.0,56.0,,88.0,96.0,107.0,119.0,122.0,139.0,141,,,,,,,,,,,,,,,,,,,,,,,,
7.0,14.0,28.0,40.0,48.0,56.0,,88.0,96.0,107.0,119.0,122.0,139.0,141,,,,,,,,,,,,,,,,,,,,,,,,
9.0,13.0,27.0,39.0,46.0,56.0,,88.0,96.0,107.0,119.0,122.0,139.0,141,,,,,,,,,,,,,,,,,,,,,,,,
9.0,13.0,27.0,39.0,46.0,56.0,,88.0,96.0,107.0,119.0,122.0,139.0,141,,,,,,,,,,,,,,,,,,,,,,,,
9.0,13.0,27.0,39.0,46.0,56.0,,88.0,96.0,107.0,119.0,122.0,139.0,141,,,,,,,,,,,,,,,,,,,,,,,,
9.0,13.0,27.0,39.0,46.0,56.0,,88.0,96.0,107.0,119.0,122.0,139.0,141,,,,,,,,,,,,,,,,,,,,,,,,
9.0,13.0,27.0,39.0,46.0,56.0,,88.0,96.0,107.0,119.0,122.0,139.0,141,,,,,,,,,,,,,,,,,,,,,,,,
9.0,13.0,27.0,39.0,46.0,56.0,,88.0,96.0,107.0,119.0,122.0,139.0,141,,,,,,,,,,,,,,,,,,,,,,,,
,,,39.0,46.0,56.0,,88.0,96.0,107.0,119.0,122.0,139.0,141,,,,,,,,,,,,,,,,,,,,,,,,
,,,,,56.0,,88.0,96.0,107.0,119.0,122.0,139.0,141,,,,,,,,,,,,,,,,,,,,,,,,
,,,,46.0,56.0,,88.0,96.0,107.0,119.0,122.0,139.0,141,,,,,,,,,,,,,,,,,,,,,,,,
,,,,,,,,,107.0,119.0,122.0,139.0,141,,,,,,,,,,,,,,,,,,,,,,,,
,,,,,,,,,,,,139.0,141,,,,,,,,,,,,,,,,,,,,,,,,
,,,,,,,,,,,,,141,,,,,,,,,,,,,,,,,,,,,,,,
7.0,14.0,28.0,40.0,48.0,57.0,77.0,84.0,98.0,107.0,120.0,128.0,140.0,147,,,,,,,,,,,,,,,,,,,,,,,,
7.0,14.0,28.0,40.0,48.0,57.0,77.0,84.0,98.0,107.0,120.0,128.0,140.0,147,,,,,,,,,,,,,,,,,,,,,,,,
7.0,14.0,28.0,40.0,48.0,57.0,77.0,84.0,98.0,107.0,120.0,128.0,140.0,147,,,,,,,,,,,,,,,,,,,,,,,,
7.0,14.0,28.0,40.0,48.0,57.0,77.0,84.0,98.0,107.0,120.0,128.0,140.0,147,,,,,,,,,,,,,,,,,,,,,,,,
7.0,14.0,28.0,40.0,48.0,57.0,77.0,84.0,98.0,107.0,120.0,128.0,140.0,147,,,,,,,,,,,,,,,,,,,,,,,,
7.0,14.0,28.0,40.0,48.0,57.0,77.0,84.0,98.0,107.0,120.0,128.0,140.0,147,,,,,,,,,,,,,,,,,,,,,,,,
7.0,14.0,28.0,40.0,48.0,57.0,77.0,84.0,98.0,107.0,120.0,128.0,140.0,147,,,,,,,,,,,,,,,,,,,,,,,,
7.0,14.0,28.0,40.0,48.0,57.0,77.0,84.0,98.0,107.0,120.0,128.0,140.0,147,,,,,,,,,,,,,,,,,,,,,,,,
7.0,14.0,28.0,40.0,48.0,57.0,77.0,84.0,98.0,107.0,120.0,128.0,140.0,147,,,,,,,,,,,,,,,,,,,,,,,,
7.0,14.0,28.0,40.0,48.0,57.0,77.0,84.0,98.0,107.0,120.0,128.0,140.0,147,,,,,,,,,,,,,,,,,,,,,,,,
7.0,14.0,28.0,40.0,48.0,57.0,77.0,84.0,98.0,107.0,120.0,128.0,140.0,147,,,,,,,,,,,,,,,,,,,,,,,,
7.0,14.0,28.0,40.0,48.0,57.0,77.0,84.0,98.0,107.0,120.0,128.0,140.0,147,,,,,,,,,,,,,,,,,,,,,,,,
7.0,14.0,28.0,40.0,48.0,57.0,77.0,84.0,98.0,107.0,120.0,128.0,140.0,147,,,,,,,,,,,,,,,,,,,,,,,,
7.0,14.0,28.0,40.0,48.0,57.0,77.0,84.0,98.0,107.0,120.0,128.0,140.0,147,,,,,,,,,,,,,,,,,,,,,,,,
7.0,14.0,28.0,40.0,48.0,57.0,77.0,84.0,98.0,107.0,120.0,128.0,140.0,147,,,,,,,,,,,,,,,,,,,,,,,,
7.0,14.0,28.0,40.0,48.0,57.0,77.0,84.0,98.0,107.0,120.0,128.0,140.0,147,,,,,,,,,,,,,,,,,,,,,,,,
7.0,14.0,28.0,40.0,48.0,57.0,77.0,84.0,98.0,107.0,120.0,128.0,140.0,147,,,,,,,,,,,,,,,,,,,,,,,,
7.0,14.0,28.0,40.0,48.0,57.0,77.0,84.0,98.0,107.0,120.0,128.0,140.0,147,,,,,,,,,,,,,,,,,,,,,,,,
7.0,14.0,28.0,40.0,48.0,57.0,77.0,84.0,98.0,107.0,120.0,128.0,140.0,147,,,,,,,,,,,,,,,,,,,,,,,,
7.0,14.0,28.0,40.0,48.0,57.0,77.0,84.0,98.0,107.0,120.0,128.0,140.0,147,,,,,,,,,,,,,,,,,,,,,,,,
7.0,14.0,28.0,40.0,48.0,57.0,77.0,84.0,98.0,107.0,120.0,128.0,140.0,147,,,,,,,,,,,,,,,,,,,,,,,,
7.0,14.0,28.0,40.0,48.0,57.0,77.0,84.0,98.0,107.0,120.0,128.0,140.0,147,,,,,,,,,,,,,,,,,,,,,,,,
7.0,14.0,28.0,40.0,48.0,57.0,77.0,84.0,98.0,107.0,120.0,128.0,140.0,147,,,,,,,,,,,,,,,,,,,,,,,,
7.0,14.0,28.0,40.0,48.0,57.0,77.0,84.0,98.0,107.0,120.0,128.0,140.0,147,,,,,,,,,,,,,,,,,,,,,,,,
7.0,14.0,28.0,40.0,48.0,57.0,77.0,84.0,98.0,107.0,120.0,128.0,140.0,147,,,,,,,,,,,,,,,,,,,,,,,,
7.0,14.0,28.0,40.0,48.0,57.0,77.0,84.0,98.0,107.0,120.0,128.0,140.0,147,,,,,,,,,,,,,,,,,,,,,,,,
7.0,14.0,28.0,40.0,48.0,57.0,77.0,84.0,98.0,107.0,120.0,128.0,140.0,147,,,,,,,,,,,,,,,,,,,,,,,,
7.0,14.0,28.0,40.0,48.0,57.0,77.0,84.0,98.0,107.0,120.0,128.0,140.0,147,,,,,,,,,,,,,,,,,,,,,,,,
7.0,14.0,28.0,40.0,48.0,57.0,77.0,84.0,98.0,107.0,120.0,128.0,140.0,147,,,,,,,,,,,,,,,,,,,,,,,,
,,,40.0,48.0,57.0,77.0,84.0,98.0,107.0,120.0,128.0,140.0,147,,,,,,,,,,,,,,,,,,,,,,,,
,,,,,,77.0,84.0,98.0,107.0,120.0,128.0,140.0,147,,,,,,,,,,,,,,,,,,,,,,,,
7.0,18.0,23.0,38.0,49.0,58.0,78.0,86.0,99.0,110.0,114.0,126.0,131.0,146,,,,,,,,,,,,,,,,,,,,,,,,
7.0,18.0,23.0,38.0,49.0,58.0,78.0,86.0,99.0,110.0,114.0,126.0,131.0,146,,,,,,,,,,,,,,,,,,,,,,,,
7.0,18.0,23.0,38.0,49.0,58.0,78.0,86.0,99.0,110.0,114.0,126.0,131.0,146,,,,,,,,,,,,,,,,,,,,,,,,
7.0,18.0,23.0,38.0,49.0,58.0,78.0,86.0,99.0,110.0,114.0,126.0,131.0,146,,,,,,,,,,,,,,,,,,,,,,,,
7.0,18.0,23.0,38.0,49.0,58.0,78.0,86.0,99.0,110.0,114.0,126.0,131.0,146,,,,,,,,,,,,,,,,,,,,,,,,
7.0,18.0,23.0,38.0,49.0,58.0,78.0,86.0,99.0,110.0,114.0,126.0,131.0,146,,,,,,,,,,,,,,,,,,,,,,,,
7.0,18.0,23.0,38.0,49.0,58.0,78.0,86.0,99.0,110.0,114.0,126.0,131.0,146,,,,,,,,,,,,,,,,,,,,,,,,
7.0,18.0,23.0,38.0,49.0,58.0,78.0,86.0,99.0,110.0,114.0,126.0,131.0,146,,,,,,,,,,,,,,,,,,,,,,,,
7.0,18.0,23.0,38.0,49.0,58.0,78.0,86.0,99.0,110.0,114.0,126.0,131.0,146,,,,,,,,,,,,,,,,,,,,,,,,
7.0,18.0,23.0,38.0,49.0,58.0,78.0,86.0,99.0,110.0,114.0,126.0,131.0,146,,,,,,,,,,,,,,,,,,,,,,,,
7.0,18.0,23.0,38.0,49.0,58.0,78.0,86.0,99.0,110.0,114.0,126.0,131.0,146,,,,,,,,,,,,,,,,,,,,,,,,
7.0,18.0,23.0,38.0,49.0,58.0,78.0,86.0,99.0,110.0,114.0,126.0,131.0,146,,,,,,,,,,,,,,,,,,,,,,,,
7.0,18.0,23.0,38.0,49.0,58.0,78.0,86.0,99.0,110.0,114.0,126.0,131.0,146,,,,,,,,,,,,,,,,,,,,,,,,
7.0,18.0,23.0,38.0,49.0,58.0,78.0,86.0,99.0,110.0,114.0,126.0,131.0,146,,,,,,,,,,,,,,,,,,,,,,,,
7.0,18.0,23.0,38.0,49.0,58.0,78.0,86.0,99.0,110.0,114.0,126.0,131.0,146,,,,,,,,,,,,,,,,,,,,,,,,
7.0,18.0,23.0,38.0,49.0,58.0,78.0,86.0,99.0,110.0,114.0,126.0,131.0,146,,,,,,,,,,,,,,,,,,,,,,,,
7.0,18.0,23.0,38.0,49.0,58.0,78.0,86.0,99.0,110.0,114.0,126.0,131.0,146,,,,,,,,,,,,,,,,,,,,,,,,
7.0,18.0,23.0,38.0,49.0,58.0,78.0,86.0,99.0,110.0,114.0,126.0,131.0,146,,,,,,,,,,,,,,,,,,,,,,,,
7.0,18.0,23.0,38.0,49.0,58.0,78.0,86.0,99.0,110.0,114.0,126.0,131.0,146,,,,,,,,,,,,,,,,,,,,,,,,
7.0,18.0,23.0,38.0,49.0,58.0,78.0,86.0,99.0,110.0,114.0,126.0,131.0,146,,,,,,,,,,,,,,,,,,,,,,,,
7.0,18.0,23.0,38.0,49.0,58.0,78.0,86.0,99.0,110.0,114.0,126.0,131.0,146,,,,,,,,,,,,,,,,,,,,,,,,
7.0,18.0,23.0,38.0,49.0,58.0,78.0,86.0,99.0,110.0,114.0,126.0,131.0,146,,,,,,,,,,,,,,,,,,,,,,,,
7.0,18.0,23.0,38.0,49.0,58.0,78.0,86.0,99.0,110.0,114.0,126.0,131.0,146,,,,,,,,,,,,,,,,,,,,,,,,
5.0,20.0,29.0,40.0,42.0,58.0,78.0,86.0,99.0,110.0,114.0,126.0,131.0,146,,,,,,,,,,,,,,,,,,,,,,,,
5.0,20.0,23.0,38.0,49.0,58.0,78.0,86.0,99.0,110.0,114.0,126.0,131.0,146,,,,,,,,,,,,,,,,,,,,,,,,
7.0,18.0,23.0,38.0,49.0,58.0,78.0,86.0,99.0,110.0,114.0,126.0,131.0,146,,,,,,,,,,,,,,,,,,,,,,,,
7.0,18.0,23.0,38.0,49.0,58.0,78.0,86.0,99.0,110.0,114.0,126.0,131.0,146,,,,,,,,,,,,,,,,,,,,,,,,
7.0,18.0,23.0,38.0,49.0,58.0,78.0,86.0,99.0,110.0,114.0,126.0,131.0,146,,,,,,,,,,,,,,,,,,,,,,,,
7.0,18.0,23.0,38.0,49.0,58.0,78.0,86.0,99.0,110.0,114.0,126.0,131.0,146,,,,,,,,,,,,,,,,,,,,,,,,
7.0,18.0,23.0,38.0,49.0,58.0,78.0,86.0,99.0,110.0,114.0,126.0,131.0,146,,,,,,,,,,,,,,,,,,,,,,,,
7.0,18.0,23.0,38.0,49.0,58.0,78.0,86.0,99.0,110.0,114.0,126.0,131.0,146,,,,,,,,,,,,,,,,,,,,,,,,
7.0,18.0,23.0,38.0,49.0,58.0,78.0,86.0,99.0,110.0,114.0,126.0,131.0,146,,,,,,,,,,,,,,,,,,,,,,,,
7.0,18.0,23.0,38.0,49.0,58.0,78.0,86.0,99.0,110.0,114.0,126.0,131.0,146,,,,,,,,,,,,,,,,,,,,,,,,
,,23.0,38.0,49.0,58.0,78.0,86.0,99.0,110.0,114.0,126.0,131.0,146,,,,,,,,,,,,,,,,,,,,,,,,
,,23.0,38.0,49.0,58.0,78.0,86.0,99.0,110.0,114.0,126.0,131.0,146,,,,,,,,,,,,,,,,,,,,,,,,
,,23.0,38.0,49.0,58.0,78.0,86.0,99.0,110.0,114.0,126.0,131.0,146,,,,,,,,,,,,,,,,,,,,,,,,
,,,,49.0,58.0,78.0,86.0,99.0,110.0,114.0,126.0,131.0,146,,,,,,,,,,,,,,,,,,,,,,,,
,,,,,58.0,78.0,86.0,99.0,110.0,114.0,126.0,131.0,146,,,,,,,,,,,,,,,,,,,,,,,,
,,,,,,78.0,86.0,99.0,110.0,114.0,126.0,131.0,146,,,,,,,,,,,,,,,,,,,,,,,,
1.0,11.0,21.0,31.0,41.0,60.0,71.0,89.0,97.0,108.0,112.0,127.0,135.0,147,,,,,,,,,,,,,,,,,,,,,,,,
8.0,19.0,26.0,39.0,50.0,60.0,71.0,89.0,97.0,108.0,112.0,127.0,135.0,147,,,,,,,,,,,,,,,,,,,,,,,,
8.0,19.0,26.0,39.0,50.0,60.0,71.0,89.0,97.0,108.0,112.0,127.0,135.0,147,,,,,,,,,,,,,,,,,,,,,,,,
8.0,19.0,26.0,39.0,50.0,60.0,71.0,89.0,97.0,108.0,112.0,127.0,135.0,147,,,,,,,,,,,,,,,,,,,,,,,,
8.0,19.0,26.0,39.0,50.0,60.0,71.0,89.0,97.0,108.0,112.0,127.0,135.0,147,,,,,,,,,,,,,,,,,,,,,,,,
8.0,19.0,26.0,39.0,50.0,60.0,71.0,89.0,97.0,108.0,112.0,127.0,135.0,147,,,,,,,,,,,,,,,,,,,,,,,,
8.0,19.0,26.0,39.0,50.0,60.0,71.0,89.0,97.0,108.0,112.0,127.0,135.0,147,,,,,,,,,,,,,,,,,,,,,,,,
8.0,19.0,26.0,39.0,50.0,60.0,71.0,89.0,97.0,108.0,112.0,127.0,135.0,147,,,,,,,,,,,,,,,,,,,,,,,,
8.0,19.0,26.0,39.0,50.0,60.0,71.0,89.0,97.0,108.0,112.0,127.0,135.0,147,,,,,,,,,,,,,,,,,,,,,,,,
8.0,19.0,26.0,39.0,50.0,60.0,71.0,89.0,97.0,108.0,112.0,127.0,135.0,147,,,,,,,,,,,,,,,,,,,,,,,,
8.0,19.0,26.0,39.0,50.0,60.0,71.0,89.0,97.0,108.0,112.0,127.0,135.0,147,,,,,,,,,,,,,,,,,,,,,,,,
8.0,19.0,26.0,39.0,50.0,60.0,71.0,89.0,97.0,108.0,112.0,127.0,135.0,147,,,,,,,,,,,,,,,,,,,,,,,,
8.0,19.0,26.0,39.0,50.0,60.0,71.0,89.0,97.0,108.0,112.0,127.0,135.0,147,,,,,,,,,,,,,,,,,,,,,,,,
8.0,19.0,26.0,39.0,50.0,60.0,71.0,89.0,97.0,108.0,112.0,127.0,135.0,147,,,,,,,,,,,,,,,,,,,,,,,,
8.0,19.0,26.0,39.0,50.0,60.0,71.0,89.0,97.0,108.0,112.0,127.0,135.0,147,,,,,,,,,,,,,,,,,,,,,,,,
8.0,19.0,26.0,39.0,50.0,60.0,71.0,89.0,97.0,108.0,112.0,127.0,135.0,147,,,,,,,,,,,,,,,,,,,,,,,,
8.0,19.0,26.0,39.0,50.0,60.0,71.0,89.0,97.0,108.0,112.0,127.0,135.0,147,,,,,,,,,,,,,,,,,,,,,,,,
8.0,19.0,26.0,39.0,50.0,60.0,71.0,89.0,97.0,108.0,112.0,127.0,135.0,147,,,,,,,,,,,,,,,,,,,,,,,,
8.0,19.0,26.0,39.0,50.0,60.0,71.0,89.0,97.0,108.0,112.0,127.0,135.0,147,,,,,,,,,,,,,,,,,,,,,,,,
8.0,19.0,26.0,39.0,50.0,60.0,71.0,89.0,97.0,108.0,112.0,127.0,135.0,147,,,,,,,,,,,,,,,,,,,,,,,,
8.0,19.0,26.0,39.0,50.0,60.0,71.0,89.0,97.0,108.0,112.0,127.0,135.0,147,,,,,,,,,,,,,,,,,,,,,,,,
8.0,19.0,26.0,39.0,50.0,60.0,71.0,89.0,97.0,108.0,112.0,127.0,135.0,147,,,,,,,,,,,,,,,,,,,,,,,,
8.0,19.0,26.0,39.0,50.0,60.0,71.0,89.0,97.0,108.0,112.0,127.0,135.0,147,,,,,,,,,,,,,,,,,,,,,,,,
8.0,19.0,26.0,39.0,50.0,60.0,71.0,89.0,97.0,108.0,112.0,127.0,135.0,147,,,,,,,,,,,,,,,,,,,,,,,,
8.0,19.0,26.0,39.0,50.0,60.0,71.0,89.0,97.0,108.0,112.0,127.0,135.0,147,,,,,,,,,,,,,,,,,,,,,,,,
8.0,19.0,26.0,39.0,50.0,60.0,71.0,89.0,97.0,108.0,112.0,127.0,135.0,147,,,,,,,,,,,,,,,,,,,,,,,,
8.0,19.0,26.0,39.0,50.0,60.0,71.0,89.0,97.0,108.0,112.0,127.0,135.0,147,,,,,,,,,,,,,,,,,,,,,,,,
,,,,,60.0,71.0,89.0,97.0,108.0,112.0,127.0,135.0,147,,,,,,,,,,,,,,,,,,,,,,,,
,,,,,60.0,71.0,89.0,97.0,108.0,112.0,127.0,135.0,147,,,,,,,,,,,,,,,,,,,,,,,,
,,,,,60.0,71.0,89.0,97.0,108.0,112.0,127.0,135.0,147,,,,,,,,,,,,,,,,,,,,,,,,
,,,,,,,,,,,127.0,135.0,147,,,,,,,,,,,,,,,,,,,,,,,,
,,,,,,,,,,,127.0,135.0,147,,,,,,,,,,,,,,,,,,,,,,,,
8.0,15.0,29.0,38.0,47.0,59.0,79.0,81.0,93.0,109.0,119.0,128.0,132.0,148,,,,,,,,,,,,,,,,,,,,,,,,
8.0,15.0,29.0,38.0,47.0,59.0,79.0,81.0,93.0,109.0,119.0,128.0,132.0,148,,,,,,,,,,,,,,,,,,,,,,,,
8.0,15.0,29.0,38.0,47.0,59.0,79.0,81.0,93.0,109.0,119.0,128.0,132.0,148,,,,,,,,,,,,,,,,,,,,,,,,
8.0,15.0,29.0,38.0,47.0,59.0,79.0,81.0,93.0,109.0,119.0,128.0,132.0,148,,,,,,,,,,,,,,,,,,,,,,,,
8.0,15.0,29.0,38.0,47.0,59.0,79.0,81.0,93.0,109.0,119.0,128.0,132.0,148,,,,,,,,,,,,,,,,,,,,,,,,
8.0,15.0,29.0,38.0,47.0,59.0,79.0,81.0,93.0,109.0,119.0,128.0,132.0,148,,,,,,,,,,,,,,,,,,,,,,,,
8.0,15.0,29.0,38.0,47.0,59.0,79.0,81.0,93.0,109.0,119.0,128.0,132.0,148,,,,,,,,,,,,,,,,,,,,,,,,
8.0,15.0,29.0,38.0,47.0,59.0,79.0,81.0,93.0,109.0,119.0,128.0,132.0,148,,,,,,,,,,,,,,,,,,,,,,,,
8.0,15.0,29.0,38.0,47.0,59.0,79.0,81.0,93.0,109.0,119.0,128.0,132.0,148,,,,,,,,,,,,,,,,,,,,,,,,
8.0,15.0,29.0,38.0,47.0,59.0,79.0,81.0,93.0,109.0,119.0,128.0,132.0,148,,,,,,,,,,,,,,,,,,,,,,,,
8.0,15.0,29.0,38.0,47.0,59.0,79.0,81.0,93.0,109.0,119.0,128.0,132.0,148,,,,,,,,,,,,,,,,,,,,,,,,
8.0,15.0,29.0,38.0,47.0,59.0,79.0,81.0,93.0,109.0,119.0,128.0,132.0,148,,,,,,,,,,,,,,,,,,,,,,,,
8.0,15.0,29.0,38.0,47.0,59.0,79.0,81.0,93.0,109.0,119.0,128.0,132.0,148,,,,,,,,,,,,,,,,,,,,,,,,
8.0,15.0,29.0,38.0,47.0,59.0,79.0,81.0,93.0,109.0,119.0,128.0,132.0,148,,,,,,,,,,,,,,,,,,,,,,,,
8.0,15.0,29.0,38.0,47.0,59.0,79.0,81.0,93.0,109.0,119.0,128.0,132.0,148,,,,,,,,,,,,,,,,,,,,,,,,
8.0,15.0,29.0,38.0,47.0,59.0,79.0,81.0,93.0,109.0,119.0,128.0,132.0,148,,,,,,,,,,,,,,,,,,,,,,,,
8.0,15.0,29.0,38.0,47.0,59.0,79.0,81.0,93.0,109.0,119.0,128.0,132.0,148,,,,,,,,,,,,,,,,,,,,,,,,
8.0,15.0,29.0,38.0,47.0,59.0,79.0,81.0,93.0,109.0,119.0,128.0,132.0,148,,,,,,,,,,,,,,,,,,,,,,,,
8.0,15.0,29.0,38.0,47.0,59.0,79.0,81.0,93.0,109.0,119.0,128.0,132.0,148,,,,,,,,,,,,,,,,,,,,,,,,
8.0,15.0,29.0,38.0,47.0,59.0,79.0,81.0,93.0,109.0,119.0,128.0,132.0,148,,,,,,,,,,,,,,,,,,,,,,,,
8.0,15.0,29.0,38.0,47.0,59.0,79.0,81.0,93.0,109.0,119.0,128.0,132.0,148,,,,,,,,,,,,,,,,,,,,,,,,
8.0,15.0,29.0,38.0,47.0,59.0,79.0,81.0,93.0,109.0,119.0,128.0,132.0,148,,,,,,,,,,,,,,,,,,,,,,,,
8.0,15.0,29.0,38.0,47.0,59.0,79.0,81.0,93.0,109.0,119.0,128.0,132.0,148,,,,,,,,,,,,,,,,,,,,,,,,
8.0,15.0,29.0,38.0,47.0,59.0,79.0,81.0,93.0,109.0,119.0,128.0,132.0,148,,,,,,,,,,,,,,,,,,,,,,,,
8.0,15.0,29.0,38.0,47.0,59.0,79.0,81.0,93.0,109.0,119.0,128.0,132.0,148,,,,,,,,,,,,,,,,,,,,,,,,
8.0,15.0,29.0,38.0,47.0,59.0,79.0,81.0,93.0,109.0,119.0,128.0,132.0,148,,,,,,,,,,,,,,,,,,,,,,,,
8.0,15.0,29.0,38.0,47.0,59.0,79.0,81.0,93.0,109.0,119.0,128.0,132.0,148,,,,,,,,,,,,,,,,,,,,,,,,
8.0,15.0,29.0,38.0,47.0,59.0,79.0,81.0,93.0,109.0,119.0,128.0,132.0,148,,,,,,,,,,,,,,,,,,,,,,,,
8.0,15.0,29.0,38.0,47.0,59.0,79.0,81.0,93.0,109.0,119.0,128.0,132.0,148,,,,,,,,,,,,,,,,,,,,,,,,
8.0,15.0,29.0,38.0,47.0,59.0,79.0,81.0,93.0,109.0,119.0,128.0,132.0,148,,,,,,,,,,,,,,,,,,,,,,,,
8.0,15.0,29.0,38.0,47.0,59.0,79.0,81.0,93.0,109.0,119.0,128.0,132.0,148,,,,,,,,,,,,,,,,,,,,,,,,
8.0,15.0,29.0,38.0,47.0,59.0,79.0,81.0,93.0,109.0,119.0,128.0,132.0,148,,,,,,,,,,,,,,,,,,,,,,,,
8.0,15.0,29.0,38.0,47.0,59.0,79.0,81.0,93.0,109.0,119.0,128.0,132.0,148,,,,,,,,,,,,,,,,,,,,,,,,
10.0,18.0,30.0,32.0,47.0,54.0,75.0,90.0,100.0,108.0,118.0,129.0,139.0,149,,,,,,,,,,,,,,,,,,,,,,,,
10.0,18.0,30.0,32.0,47.0,54.0,75.0,90.0,100.0,108.0,118.0,129.0,139.0,149,,,,,,,,,,,,,,,,,,,,,,,,
10.0,18.0,30.0,32.0,47.0,54.0,75.0,90.0,100.0,108.0,118.0,129.0,139.0,149,,,,,,,,,,,,,,,,,,,,,,,,
10.0,18.0,30.0,32.0,47.0,54.0,75.0,90.0,100.0,108.0,118.0,129.0,139.0,149,,,,,,,,,,,,,,,,,,,,,,,,
10.0,18.0,30.0,32.0,47.0,54.0,75.0,90.0,100.0,108.0,118.0,129.0,139.0,149,,,,,,,,,,,,,,,,,,,,,,,,
10.0,18.0,30.0,32.0,47.0,54.0,75.0,90.0,100.0,108.0,118.0,129.0,139.0,149,,,,,,,,,,,,,,,,,,,,,,,,
10.0,18.0,30.0,32.0,47.0,54.0,75.0,90.0,100.0,108.0,118.0,129.0,139.0,149,,,,,,,,,,,,,,,,,,,,,,,,
10.0,18.0,30.0,32.0,47.0,54.0,75.0,90.0,100.0,108.0,118.0,129.0,139.0,149,,,,,,,,,,,,,,,,,,,,,,,,
10.0,18.0,30.0,32.0,47.0,54.0,75.0,90.0,100.0,108.0,118.0,129.0,139.0,149,,,,,,,,,,,,,,,,,,,,,,,,
10.0,18.0,30.0,32.0,47.0,54.0,75.0,90.0,100.0,108.0,118.0,129.0,139.0,149,,,,,,,,,,,,,,,,,,,,,,,,
10.0,18.0,30.0,32.0,47.0,54.0,75.0,90.0,100.0,108.0,118.0,129.0,139.0,149,,,,,,,,,,,,,,,,,,,,,,,,
10.0,18.0,30.0,32.0,47.0,54.0,75.0,90.0,100.0,108.0,118.0,129.0,139.0,149,,,,,,,,,,,,,,,,,,,,,,,,
10.0,18.0,30.0,32.0,47.0,54.0,75.0,90.0,100.0,108.0,118.0,129.0,139.0,149,,,,,,,,,,,,,,,,,,,,,,,,
10.0,18.0,30.0,32.0,47.0,54.0,75.0,90.0,100.0,108.0,118.0,129.0,139.0,149,,,,,,,,,,,,,,,,,,,,,,,,
10.0,18.0,30.0,32.0,47.0,54.0,75.0,90.0,100.0,108.0,118.0,129.0,139.0,149,,,,,,,,,,,,,,,,,,,,,,,,
10.0,18.0,30.0,32.0,47.0,54.0,75.0,90.0,100.0,108.0,118.0,129.0,139.0,149,,,,,,,,,,,,,,,,,,,,,,,,
10.0,18.0,30.0,32.0,47.0,54.0,75.0,90.0,100.0,108.0,118.0,129.0,139.0,149,,,,,,,,,,,,,,,,,,,,,,,,
10.0,18.0,30.0,32.0,47.0,54.0,75.0,90.0,100.0,108.0,118.0,129.0,139.0,149,,,,,,,,,,,,,,,,,,,,,,,,
10.0,18.0,30.0,32.0,47.0,54.0,75.0,90.0,100.0,108.0,118.0,129.0,139.0,149,,,,,,,,,,,,,,,,,,,,,,,,
10.0,18.0,30.0,32.0,47.0,54.0,75.0,90.0,100.0,108.0,118.0,129.0,139.0,149,,,,,,,,,,,,,,,,,,,,,,,,
3.0,15.0,25.0,32.0,47.0,54.0,75.0,90.0,100.0,108.0,118.0,129.0,139.0,149,,,,,,,,,,,,,,,,,,,,,,,,
10.0,18.0,30.0,32.0,47.0,54.0,75.0,90.0,100.0,108.0,118.0,129.0,139.0,149,,,,,,,,,,,,,,,,,,,,,,,,
10.0,18.0,30.0,32.0,47.0,54.0,75.0,90.0,100.0,108.0,118.0,129.0,139.0,149,,,,,,,,,,,,,,,,,,,,,,,,
10.0,18.0,30.0,32.0,47.0,54.0,75.0,90.0,100.0,108.0,118.0,129.0,139.0,149,,,,,,,,,,,,,,,,,,,,,,,,
10.0,18.0,30.0,32.0,47.0,54.0,75.0,90.0,100.0,108.0,118.0,129.0,139.0,149,,,,,,,,,,,,,,,,,,,,,,,,
,18.0,30.0,32.0,47.0,54.0,75.0,90.0,100.0,108.0,118.0,129.0,139.0,149,,,,,,,,,,,,,,,,,,,,,,,,
,,30.0,32.0,47.0,54.0,75.0,90.0,100.0,108.0,118.0,129.0,139.0,149,,,,,,,,,,,,,,,,,,,,,,,,
,,,,47.0,54.0,75.0,90.0,100.0,108.0,118.0,129.0,139.0,149,,,,,,,,,,,,,,,,,,,,,,,,
5.0,20.0,29.0,40.0,42.0,60.0,80.0,90.0,94.0,110.0,115.0,130.0,133.0,150,,,,,,,,,,,,,,,,,,,,,,,,
5.0,20.0,29.0,40.0,42.0,60.0,80.0,90.0,94.0,110.0,115.0,130.0,133.0,150,,,,,,,,,,,,,,,,,,,,,,,,
5.0,20.0,29.0,40.0,42.0,60.0,80.0,90.0,94.0,110.0,115.0,130.0,133.0,150,,,,,,,,,,,,,,,,,,,,,,,,
5.0,20.0,29.0,40.0,42.0,60.0,80.0,90.0,94.0,110.0,115.0,130.0,133.0,150,,,,,,,,,,,,,,,,,,,,,,,,
5.0,20.0,29.0,40.0,42.0,60.0,80.0,90.0,94.0,110.0,115.0,130.0,133.0,150,,,,,,,,,,,,,,,,,,,,,,,,
5.0,20.0,29.0,40.0,42.0,60.0,80.0,90.0,94.0,110.0,115.0,130.0,133.0,150,,,,,,,,,,,,,,,,,,,,,,,,
5.0,20.0,29.0,40.0,42.0,60.0,80.0,90.0,94.0,110.0,115.0,130.0,133.0,150,,,,,,,,,,,,,,,,,,,,,,,,
5.0,20.0,29.0,40.0,42.0,60.0,80.0,90.0,94.0,110.0,115.0,130.0,133.0,150,,,,,,,,,,,,,,,,,,,,,,,,
5.0,20.0,29.0,40.0,42.0,60.0,80.0,90.0,94.0,110.0,115.0,130.0,133.0,150,,,,,,,,,,,,,,,,,,,,,,,,
5.0,20.0,29.0,40.0,42.0,60.0,80.0,90.0,94.0,110.0,115.0,130.0,133.0,150,,,,,,,,,,,,,,,,,,,,,,,,
5.0,20.0,29.0,40.0,42.0,60.0,80.0,90.0,94.0,110.0,115.0,130.0,133.0,150,,,,,,,,,,,,,,,,,,,,,,,,
5.0,20.0,29.0,40.0,42.0,60.0,80.0,90.0,94.0,110.0,115.0,130.0,133.0,150,,,,,,,,,,,,,,,,,,,,,,,,
5.0,20.0,29.0,40.0,42.0,60.0,80.0,90.0,94.0,110.0,115.0,130.0,133.0,150,,,,,,,,,,,,,,,,,,,,,,,,
5.0,20.0,29.0,40.0,42.0,60.0,80.0,90.0,94.0,110.0,115.0,130.0,133.0,150,,,,,,,,,,,,,,,,,,,,,,,,
5.0,20.0,29.0,40.0,42.0,60.0,80.0,90.0,94.0,110.0,115.0,130.0,133.0,150,,,,,,,,,,,,,,,,,,,,,,,,
5.0,20.0,29.0,40.0,42.0,60.0,80.0,90.0,94.0,110.0,115.0,130.0,133.0,150,,,,,,,,,,,,,,,,,,,,,,,,
5.0,20.0,29.0,40.0,42.0,60.0,80.0,90.0,94.0,110.0,115.0,130.0,133.0,150,,,,,,,,,,,,,,,,,,,,,,,,
5.0,20.0,29.0,40.0,42.0,60.0,80.0,90.0,94.0,110.0,115.0,130.0,133.0,150,,,,,,,,,,,,,,,,,,,,,,,,
5.0,20.0,29.0,40.0,42.0,60.0,80.0,90.0,94.0,110.0,115.0,130.0,133.0,150,,,,,,,,,,,,,,,,,,,,,,,,
5.0,20.0,29.0,40.0,42.0,60.0,80.0,90.0,94.0,110.0,115.0,130.0,133.0,150,,,,,,,,,,,,,,,,,,,,,,,,
5.0,20.0,29.0,40.0,42.0,60.0,80.0,90.0,94.0,110.0,115.0,130.0,133.0,150,,,,,,,,,,,,,,,,,,,,,,,,
5.0,20.0,29.0,40.0,42.0,60.0,80.0,90.0,94.0,110.0,115.0,130.0,133.0,150,,,,,,,,,,,,,,,,,,,,,,,,
5.0,20.0,29.0,40.0,42.0,60.0,80.0,90.0,94.0,110.0,115.0,130.0,133.0,150,,,,,,,,,,,,,,,,,,,,,,,,
5.0,20.0,29.0,40.0,42.0,60.0,80.0,90.0,94.0,110.0,115.0,130.0,133.0,150,,,,,,,,,,,,,,,,,,,,,,,,
,20.0,29.0,40.0,42.0,60.0,80.0,90.0,94.0,110.0,115.0,130.0,133.0,150,,,,,,,,,,,,,,,,,,,,,,,,
,,29.0,40.0,42.0,60.0,80.0,90.0,94.0,110.0,115.0,130.0,133.0,150,,,,,,,,,,,,,,,,,,,,,,,,
,,,,,60.0,80.0,90.0,94.0,110.0,115.0,130.0,133.0,150,,,,,,,,,,,,,,,,,,,,,,,,
,,,,,,80.0,90.0,94.0,110.0,115.0,130.0,133.0,150,,,,,,,,,,,,,,,,,,,,,,,,
,,,,,,80.0,90.0,94.0,110.0,115.0,130.0,133.0,150,,,,,,,,,,,,,,,,,,,,,,,,
,,,,,,,,,,,,,150,,,,,,,,,,,,,,,,,,,,,,,,
,,,,,,,,,,,,,150,,,,,,,,,,,,,,,,,,,,,,,,
