,Name,Team,Position,xA per fixture,xA per game,Team games,Played,GW8,GW7,GW6,GW5,GW4,GW3,GW2,GW1
1,Bruno Miguel Borges Fernandes,Man Utd,3,49.55714285714286,49.55714285714286,7,7,56.84173879130732,36.2,136.2,48.8,33.8,25.8,30.2,35.9
2,Trent Alexander-Arnold,Liverpool,2,46.25714285714285,64.75999999999999,7,5,72.57837137163187,0.0,31.4,0.0,66.3,76.6,100.9,48.6
3,Matt Ritchie,Newcastle,2,41.65714285714286,41.65714285714286,7,7,59.89507020672981,52.1,43.9,33.3,23.3,11.3,72.8,54.9
4,Luke Shaw,Man Utd,2,40.057142857142864,40.057142857142864,7,7,44.29126602826254,35.6,26.3,76.3,61.0,17.8,34.7,28.7
5,Jack Grealish,Man City,3,34.41428571428572,34.41428571428572,7,7,38.65521969372629,1.8,24.9,38.6,52.1,76.3,18.6,28.6
6,Raul Jimenez,Wolves,4,33.6,33.6,7,7,35.053305601545475,40.0,11.8,36.1,27.3,35.3,47.8,36.9
7,Mohamed Salah,Liverpool,3,33.48571428571429,33.48571428571429,7,7,44.212189351648874,30.2,14.5,28.9,53.2,45.1,26.1,36.4
8,Pascal Groß,Brighton,3,33.02857142857143,46.24,7,5,56.96607654351591,52.2,35.4,0.0,0.0,50.7,57.6,35.3
9,Allan Saint-Maximin,Newcastle,4,31.800000000000004,31.800000000000004,7,7,43.9751675337487,5.8,64.6,26.8,37.0,34.0,6.1,48.3
10,Raphael Dias Belloli,Leeds,3,28.12857142857143,28.12857142857143,7,7,28.04041346551316,18.4,36.4,32.9,35.3,30.2,24.3,19.4
11,Paul Pogba,Man Utd,3,27.928571428571438,27.928571428571438,7,7,29.85222375552323,11.8,16.8,25.3,42.8,19.4,19.4,60.0
12,Michail Antonio,West Ham,4,27.785714285714285,32.416666666666664,7,6,28.475689555587213,51.3,46.7,0.0,3.4,48.3,26.1,18.7
13,Lucas Digne,Everton,2,27.32857142857143,27.32857142857143,7,7,28.75056820053283,25.1,19.3,15.5,51.6,6.8,47.1,25.9
14,Jarrod Bowen,West Ham,3,26.800000000000004,26.800000000000004,7,7,24.025927130036433,2.8,4.3,31.6,16.5,33.3,78.9,20.2
15,Andros Townsend,Everton,3,26.185714285714287,26.185714285714287,7,7,30.940002878708828,33.9,13.8,51.4,29.6,13.3,0.8,40.5
16,Ruben Diogo da Silva Neves,Wolves,3,25.87142857142857,25.87142857142857,7,7,25.33507097346169,13.7,0.0,34.6,14.6,13.6,73.4,31.2
17,Aaron Cresswell,West Ham,2,25.728571428571428,25.728571428571428,7,7,25.33783504024654,64.0,25.3,27.3,24.6,17.2,4.2,17.5
18,Marcos Alonso,Chelsea,2,25.342857142857145,29.566666666666666,7,6,19.393868250767706,0.0,3.7,62.2,6.4,11.9,57.7,35.5
19,Ilkay Gundogan,Man City,3,25.27142857142857,35.379999999999995,7,5,38.403283822283264,0.0,0.0,27.7,62.4,40.2,38.8,7.8
20,Joao Filipe Iria Santos Moutinho,Wolves,3,24.785714285714285,24.785714285714285,7,7,24.606946049815935,14.1,13.3,12.2,60.6,16.8,41.6,14.9
21,Gabriel Fernando de Jesus,Man City,4,24.67142857142857,24.67142857142857,7,7,28.144351441491168,34.8,6.1,1.7,13.3,60.7,42.5,13.6
22,Nicolas Pepe,Arsenal,3,24.442857142857143,34.22,7,5,26.54395240200072,6.6,0.0,27.6,84.7,0.0,8.3,43.9
23,Adama Traore,Wolves,3,24.35714285714286,24.35714285714286,7,7,27.166558381835706,0.0,0.1,22.3,28.3,47.7,58.7,13.4
24,Pablo Fornals,West Ham,3,24.228571428571428,24.228571428571428,7,7,20.847311053065855,4.8,23.0,23.5,8.3,17.3,43.8,48.9
25,Said Benrahma,West Ham,3,24.099999999999998,24.099999999999998,7,7,21.080793320115454,20.8,36.3,15.9,32.3,17.9,30.5,15.0
26,Marc Cucurella,Brighton,2,24.025,24.025,4,4,27.940534230024824,56.9,8.1,16.3,14.8,,,
27,Mason Greenwood,Man Utd,3,23.0,23.0,7,7,26.28122767933594,8.7,39.1,19.2,29.2,26.4,14.7,23.7
28,Dwight McNeil,Burnley,3,22.985714285714288,22.985714285714288,7,7,11.744995222667663,7.3,2.4,49.3,29.3,25.8,16.2,30.6
29,Youri Tielemans,Leicester,3,22.7,22.7,7,7,15.308085594720561,14.9,69.8,36.1,0.5,14.0,5.8,17.8
30,Douglas Luiz Soares de Paulo,Aston Villa,3,22.628571428571426,26.399999999999995,7,6,26.161654365905285,38.0,42.8,63.4,1.7,11.5,1.0,0.0
31,James Ward-Prowse,Southampton,3,22.557142857142857,22.557142857142857,7,7,29.673905659961154,2.5,34.4,12.2,18.3,39.2,20.8,30.5
32,Leandro Trossard,Brighton,3,22.542857142857144,22.542857142857144,7,7,27.922865882661274,40.8,7.4,57.3,30.2,15.2,5.0,1.9
33,Heung-Min Son,Spurs,3,22.25714285714286,25.96666666666667,7,6,33.67491339468912,34.8,46.8,17.1,0.0,34.1,3.3,19.7
34,Joao Pedro Cavaco Cancelo,Man City,2,22.22857142857143,22.22857142857143,7,7,26.56057907044988,26.8,29.2,6.9,26.8,18.3,9.1,38.5
35,Ivan Toney,Brentford,4,21.77142857142857,21.77142857142857,7,7,19.947198475218674,28.7,26.3,28.3,36.8,15.1,1.4,15.8
36,Sadio Mane,Liverpool,3,21.514285714285712,21.514285714285712,7,7,25.09215505668388,1.4,34.6,3.4,21.0,18.9,27.3,44.0
37,Wilfried Zaha,Crystal Palace,3,21.32857142857143,21.32857142857143,7,7,24.281488276565998,44.4,9.2,2.0,39.6,22.8,28.3,3.0
38,Kieran Tierney,Arsenal,2,21.014285714285712,21.014285714285712,7,7,20.68103692956194,1.1,11.3,3.1,28.2,14.3,2.1,87.0
39,Mateusz Klich,Leeds,3,20.75714285714286,29.060000000000002,7,5,28.49552657198206,40.5,34.3,30.9,0.0,0.0,34.4,5.2
40,Ashley Westwood,Burnley,3,20.67142857142857,24.116666666666664,7,6,11.910302309850367,39.8,14.0,18.3,21.8,18.4,0.0,32.4
41,Rodrigo Moreno,Leeds,4,20.457142857142856,23.866666666666664,7,6,20.995959826475683,50.3,11.8,39.0,14.8,26.0,0.0,1.3
42,Konstantinos Tsimikas,Liverpool,2,20.428571428571427,35.75,7,4,41.03180507517563,0.0,0.0,67.1,0.0,14.3,58.7,2.9
43,Diogo Jota,Liverpool,3,20.342857142857145,20.342857142857145,7,7,24.222672602761453,4.1,29.2,11.7,64.4,6.3,24.8,1.9
44,Vladimir Coufal,West Ham,2,19.442857142857143,19.442857142857143,7,7,16.966573876833316,16.1,32.6,12.2,8.2,24.7,18.4,23.9
45,Bukayo Saka,Arsenal,3,19.314285714285717,19.314285714285717,7,7,14.794465669950602,13.9,35.1,5.3,51.3,0.8,16.5,12.3
46,Jordan Henderson,Liverpool,3,18.95714285714286,22.11666666666667,7,6,29.680065763289466,4.3,44.0,42.7,15.5,11.1,15.1,0.0
47,Andrew Robertson,Liverpool,2,18.557142857142857,32.475,7,4,41.749561937426954,1.4,25.0,0.0,46.8,56.7,0.0,0.0
48,Demarai Gray,Everton,3,18.514285714285712,18.514285714285712,7,7,22.653780509629488,22.8,15.1,30.9,4.8,22.7,16.5,16.8
49,Conor Gallagher,Crystal Palace,3,18.357142857142858,21.416666666666668,7,6,24.883219136422934,12.3,3.6,34.6,38.2,24.1,15.7,0.0
50,Ademola Lookman,Leicester,3,18.275,18.275,4,4,11.892042412083189,2.0,47.9,22.7,0.5,,,
51,Martin Ødegaard,Arsenal,3,17.666666666666668,21.2,6,5,13.885339120707497,2.3,48.5,28.0,26.3,0.9,0.0,
52,Bryan Mbeumo,Brentford,3,17.585714285714282,17.585714285714282,7,7,15.673211843645342,6.4,22.8,16.1,23.4,0.8,40.3,13.3
53,Emile Smith Rowe,Arsenal,3,17.3,17.3,7,7,15.221656196799152,25.0,25.7,3.9,24.3,0.5,6.4,35.3
54,Ismaila Sarr,Watford,3,17.228571428571428,17.228571428571428,7,7,17.998412755975583,1.5,1.0,3.8,13.3,26.1,28.8,46.1
55,Romelu Lukaku,Chelsea,4,17.1,19.950000000000003,7,6,14.598711481815522,13.5,10.7,32.3,2.3,27.5,33.4,0.0
56,Mason Mount,Chelsea,3,17.057142857142857,23.880000000000003,7,5,16.17735305271466,27.5,0.0,1.8,0.0,18.4,53.2,18.5
57,John McGinn,Aston Villa,3,16.914285714285715,19.733333333333334,7,6,16.28014787000084,11.9,4.4,1.1,58.3,0.0,40.6,2.1
58,Jack Harrison,Leeds,3,16.900000000000002,23.660000000000004,7,5,24.66511457806546,0.0,4.1,0.0,35.6,43.2,14.3,21.1
59,Josh Brownhill,Burnley,3,16.628571428571426,16.628571428571426,7,7,7.4119125596342945,54.8,12.8,14.5,2.4,5.5,15.9,10.5
60,Aaron Wan-Bissaka,Man Utd,2,16.614285714285717,16.614285714285717,7,7,19.237802248207707,34.6,23.1,5.6,15.3,3.1,32.3,2.3
61,Charlie Taylor,Burnley,2,16.314285714285713,16.314285714285713,7,7,8.143307545784307,42.0,1.3,16.4,35.9,1.2,1.8,15.6
62,Declan Rice,West Ham,3,16.3,16.3,7,7,13.191405131869027,1.9,11.6,2.3,15.8,24.3,32.9,25.3
63,Matthew Lowton,Burnley,2,16.242857142857144,16.242857142857144,7,7,8.0214599480093,7.2,25.4,25.8,15.5,11.1,12.8,15.9
64,Vitaly Janelt,Brentford,3,16.128571428571426,18.816666666666663,7,6,17.384409808012002,0.0,26.7,24.8,15.3,21.7,23.0,1.4
65,Sergio Reguilon,Spurs,2,16.02857142857143,16.02857142857143,7,7,22.906259779775837,6.7,32.0,11.8,14.7,17.4,4.3,25.3
66,Mathias Normann,Norwich,3,15.725000000000001,20.96666666666667,4,3,16.286874644518193,33.1,15.5,14.3,0.0,,,
67,Max Aarons,Norwich,2,15.542857142857143,15.542857142857143,7,7,12.211306408160652,11.7,1.9,16.4,20.0,42.8,3.6,12.4
68,Joshua King,Watford,4,15.471428571428572,18.05,7,6,17.588978102331726,0.3,21.2,22.3,3.8,23.1,37.6,0.0
69,Bernardo Mota Veiga de Carvalho e Silva,Man City,3,15.314285714285713,17.866666666666664,7,6,21.893844551066387,18.3,16.0,14.3,44.3,3.9,10.4,0.0
70,Stuart Dallas,Leeds,3,15.228571428571428,15.228571428571428,7,7,15.93589464843087,24.3,19.6,15.4,4.3,2.1,27.8,13.1
71,Mateo Kovacic,Chelsea,3,15.185714285714285,15.185714285714285,7,7,11.000911115955798,23.3,5.2,15.8,17.5,1.2,14.8,28.5
72,Miguel Almiron,Newcastle,3,14.885714285714288,14.885714285714288,7,7,19.579190710711856,2.4,13.4,41.3,12.4,5.1,15.8,13.8
73,Ruben Santos Gato Alves Dias,Man City,2,14.657142857142857,14.657142857142857,7,7,15.977902468674191,0.6,1.5,21.5,23.3,26.0,28.7,1.0
74,Harvey Barnes,Leicester,3,14.557142857142855,14.557142857142855,7,7,11.478100056037448,12.3,14.8,49.6,4.3,7.1,12.3,1.5
75,Riyad Mahrez,Man City,3,14.471428571428572,20.259999999999998,7,5,21.457772883089092,0.0,0.0,19.2,0.0,48.5,11.5,22.1
76,Lucas Rodrigues Moura da Silva,Spurs,3,14.200000000000001,16.566666666666666,7,6,27.233882236579955,33.1,18.3,0.0,3.9,2.0,4.5,37.6
77,Abdoulaye Doucoure,Everton,3,14.057142857142855,14.057142857142855,7,7,17.12792396727242,24.3,4.3,12.5,26.8,14.1,11.8,4.6
78,Cesar Azpilicueta,Chelsea,2,13.728571428571428,13.728571428571428,7,7,10.526995106728833,29.9,12.2,25.5,10.4,5.4,4.1,8.6
79,James McArthur,Crystal Palace,3,13.585714285714285,13.585714285714285,7,7,17.65550132643691,20.4,23.4,12.0,5.8,5.9,1.6,26.0
80,Emiliano Buendia Stati,Aston Villa,3,13.485714285714284,18.88,7,5,17.232774638449456,1.3,11.3,0.0,0.0,40.3,36.2,5.3
81,Alex Iwobi,Everton,3,13.342857142857143,15.566666666666668,7,6,16.608190565680374,0.0,26.4,3.0,1.2,22.9,28.9,11.0
82,Cristiano Ronaldo dos Santos Aveiro,Man Utd,4,13.325000000000001,13.325000000000001,4,4,14.862074639485716,12.6,13.0,7.1,20.6,,,
83,Pierre Lees-Melou,Norwich,3,13.171428571428573,15.366666666666667,7,6,13.923338601672835,4.0,30.2,0.0,14.9,11.3,1.7,30.1
84,Neal Maupay,Brighton,4,13.085714285714285,13.085714285714285,7,7,16.854466218958134,28.0,2.3,3.3,4.9,32.8,13.8,6.5
85,Emmanuel Dennis,Watford,4,13.057142857142859,13.057142857142859,7,7,12.87819402200238,21.2,11.3,3.2,4.2,2.0,16.1,33.4
86,Tino Livramento,Southampton,2,12.885714285714286,12.885714285714286,7,7,15.283649561147604,1.3,25.3,1.2,12.1,34.8,5.3,10.2
87,Che Adams,Southampton,4,12.857142857142858,18.0,7,5,26.700002061561886,0.0,22.5,10.7,0.0,12.9,25.6,18.3
88,Nathan Redmond,Southampton,3,12.585714285714287,14.683333333333335,7,6,20.958641115908986,3.7,23.0,23.9,12.8,23.3,0.0,1.4
89,Jamie Vardy,Leicester,4,12.528571428571427,12.528571428571427,7,7,11.070841254237507,1.8,11.8,22.1,15.9,10.6,0.8,24.7
90,Francisco Machado Mota de Castro Trincao,Wolves,3,12.485714285714286,14.566666666666668,7,6,14.049394670970502,4.2,0.0,12.9,14.7,4.6,28.7,22.3
91,Matt Targett,Aston Villa,2,12.471428571428572,14.549999999999999,7,6,12.306784898196046,28.9,3.8,25.5,12.1,2.2,0.0,14.8
92,Jordan Ayew,Crystal Palace,4,12.457142857142857,12.457142857142857,7,7,14.816411049829181,12.6,15.7,16.3,29.1,0.9,0.7,11.9
93,Solomon March,Brighton,3,12.4,17.36,7,5,18.29031416700422,14.3,0.0,15.0,0.4,0.0,11.8,45.3
94,Rodrigo Hernandez,Man City,3,12.342857142857142,17.279999999999998,7,5,18.7170134097896,2.3,4.8,0.0,15.1,35.5,28.7,0.0
95,Phil Foden,Man City,3,12.299999999999999,28.7,7,3,41.128012346114026,22.3,58.3,5.5,0.0,0.0,0.0,0.0
96,Rico Henry,Brentford,2,12.028571428571427,12.028571428571427,7,7,10.160640365468172,25.3,6.4,0.8,12.9,11.3,26.2,1.3
97,Adam Armstrong,Southampton,4,11.928571428571429,11.928571428571429,7,7,15.116296276922407,0.9,32.9,0.9,11.3,25.0,11.5,1.0
98,Jadon Sancho,Man Utd,3,11.814285714285715,13.783333333333333,7,6,15.84176233783589,27.1,0.0,2.5,27.0,7.3,13.0,5.8
99,Hector Junior Firpo Adames,Leeds,2,11.757142857142856,13.716666666666667,7,6,12.13294553079427,27.3,12.1,37.8,1.8,0.0,2.5,0.8
100,Kevin De Bruyne,Man City,3,11.714285714285714,20.5,7,4,27.11119588712086,14.3,37.7,18.4,0.0,0.0,0.0,11.6
101,Emerson Aparecido Leite de Souza Junior,Spurs,2,11.625,11.625,4,4,13.774677080159243,16.0,13.5,15.3,1.7,,,
102,Harvey Elliott,Liverpool,3,11.557142857142859,20.225,7,4,22.253513923186155,0.0,0.0,0.0,15.2,25.7,39.2,0.8
103,Oriol Romeu Vidal,Southampton,3,11.414285714285715,11.414285714285715,7,7,15.71357073839714,11.5,29.0,11.3,0.8,19.0,2.0,6.3
104,Chris Wood,Burnley,4,10.971428571428572,10.971428571428572,7,7,4.992249475355419,13.0,2.3,11.8,2.6,34.3,0.8,12.0
105,Moussa Sissoko,Watford,3,10.842857142857142,15.179999999999998,7,5,13.464732443956564,10.3,14.7,12.8,17.2,20.9,0.0,0.0
106,Richarlison de Andrade,Everton,4,10.700000000000001,18.725,7,4,19.62152092979008,0.0,0.0,0.0,2.3,11.7,31.6,29.3
107,Pierre-Emile Højbjerg,Spurs,3,10.585714285714285,10.585714285714285,7,7,16.246542415701324,3.8,8.3,2.5,13.2,21.4,3.1,21.8
108,Joel Veltman,Brighton,2,10.585714285714285,14.819999999999999,7,5,19.285755870556496,16.3,16.7,15.0,3.5,22.6,0.0,0.0
109,Christian Benteke,Crystal Palace,4,10.571428571428571,10.571428571428571,7,7,13.249776341953897,0.1,10.3,11.4,15.5,22.4,14.0,0.3
110,Milot Rashica,Norwich,3,10.514285714285716,10.514285714285716,7,7,9.358861542582474,0.4,10.3,5.2,4.5,21.7,2.3,29.2
111,Ashley Barnes,Burnley,4,10.357142857142858,10.357142857142858,7,7,5.667075909375556,0.6,1.3,4.5,10.8,11.6,33.6,10.1
112,Scott McTominay,Man Utd,3,10.299999999999999,14.419999999999998,7,5,16.667382775119275,20.1,11.9,27.4,0.0,0.0,0.3,12.4
113,Reece James,Chelsea,2,10.242857142857142,17.924999999999997,7,4,11.784500191208085,0.0,0.1,0.0,0.0,15.0,54.5,2.1
114,Kyle Walker-Peters,Southampton,2,10.200000000000001,14.280000000000001,7,5,20.002396561224295,17.0,3.4,23.1,0.0,27.3,0.6,0.0
115,Johann Berg Gudmundsson,Burnley,3,9.971428571428572,9.971428571428572,7,7,5.0453904921837855,18.8,5.6,1.4,15.2,2.7,23.5,2.6
116,Frederico Rodrigues de Paula Santos,Man Utd,3,9.957142857142856,11.616666666666665,7,6,13.360864877558347,19.5,0.8,14.9,0.0,3.0,24.3,7.2
117,Tyrick Mitchell,Crystal Palace,2,9.928571428571429,9.928571428571429,7,7,12.143208001629317,17.5,18.9,2.0,12.4,15.1,1.7,1.9
118,Jacob Ramsey,Aston Villa,3,9.885714285714284,11.533333333333331,7,6,10.554993928430822,3.6,6.1,18.4,21.7,0.0,7.3,12.1
119,Pierre-Emerick Aubameyang,Arsenal,4,9.814285714285713,11.449999999999998,7,6,7.916157691843724,2.8,3.3,37.4,22.5,1.4,1.3,0.0
120,Ricardo Domingos Barbosa Pereira,Leicester,2,9.742857142857144,13.64,7,5,10.529514017256261,0.0,12.8,25.3,0.0,10.3,2.3,17.5
121,Allan Marques Loureiro,Everton,3,9.700000000000001,9.700000000000001,7,7,12.321185203806662,0.9,1.5,1.2,3.1,36.9,22.3,2.0
122,Jorge Luiz Frello Filho,Chelsea,3,9.657142857142857,9.657142857142857,7,7,6.5265658778034075,1.3,0.3,16.0,11.8,0.6,16.2,21.4
123,Salomon Rondon,Everton,4,9.6,9.6,4,4,10.806377221348903,12.4,25.2,0.3,0.5,,,
124,Danny Rose,Watford,2,9.542857142857141,16.699999999999996,7,4,14.895426166925114,0.6,33.9,18.5,13.8,0.0,0.0,0.0
125,James Milner,Liverpool,3,9.457142857142857,22.066666666666666,7,3,34.00442479560058,19.6,0.0,27.8,0.0,0.0,0.0,18.8
126,Joelinton Cassio Apolinario de Lira,Newcastle,4,9.414285714285715,9.414285714285715,7,7,11.793406752984591,4.2,24.2,22.9,2.3,10.8,0.7,0.8
127,Tom Cleverley,Watford,3,9.414285714285713,13.179999999999998,7,5,10.948202543941674,0.0,0.8,46.8,0.0,0.9,5.4,12.0
128,Antonio Rudiger,Chelsea,2,9.242857142857144,9.242857142857144,7,7,9.299311423402996,11.8,27.8,15.6,1.1,3.3,1.7,3.4
129,Kelechi Iheanacho,Leicester,4,9.242857142857144,9.242857142857144,7,7,7.82713390500342,21.2,13.8,10.8,14.6,0.3,0.3,3.7
130,Fernando Marcal,Wolves,2,9.128571428571428,9.128571428571428,7,7,8.328454610066258,5.8,1.3,4.0,3.1,2.8,22.3,24.6
131,Thiago Alcantara do Nascimento,Liverpool,3,9.042857142857143,15.825,7,4,18.662698246556705,0.0,0.0,23.8,25.2,12.3,2.0,0.0
132,Albert Sambi Lokonga,Arsenal,3,9.028571428571428,10.533333333333333,7,6,9.646208157347719,2.7,0.3,11.3,6.7,0.0,7.9,34.3
133,Odsonne Edouard,Crystal Palace,4,9.025,9.025,4,4,10.43014927144054,22.9,2.6,10.3,0.3,,,
134,Sean Longstaff,Newcastle,3,8.857142857142858,8.857142857142858,7,7,11.490523813743806,7.6,13.2,12.0,1.8,25.5,1.5,0.4
135,Harry Kane,Spurs,4,8.528571428571428,9.950000000000001,7,6,12.652742962625348,16.0,1.4,3.8,2.3,24.2,12.0,0.0
136,Kalvin Phillips,Leeds,3,8.285714285714286,9.666666666666668,7,6,9.727535626503355,3.5,2.9,2.6,3.7,16.5,28.8,0.0
137,Virgil van Dijk,Liverpool,2,8.271428571428572,8.271428571428572,7,7,8.995075349217103,1.1,1.2,10.9,13.9,2.9,10.3,17.6
138,Nelson Cabral Semedo,Wolves,2,8.142857142857142,9.5,7,6,9.963192956817828,4.8,3.3,5.8,4.9,13.0,25.2,0.0
139,Billy Gilmour,Norwich,3,8.1,14.174999999999999,7,4,12.290665815179397,0.0,0.0,47.4,0.0,2.8,4.4,2.1
140,Raheem Sterling,Man City,3,8.071428571428571,8.071428571428571,7,7,9.496738940190891,10.8,0.0,15.2,10.3,13.9,2.1,4.2
141,Tyler Roberts,Leeds,3,8.000000000000002,8.000000000000002,7,7,8.145746847386595,0.0,11.1,24.6,2.2,3.1,0.7,14.3
142,James Maddison,Leicester,3,7.857142857142857,7.857142857142857,7,7,6.684621064233526,0.2,11.6,2.4,11.8,1.8,12.0,15.2
143,Teemu Pukki,Norwich,4,7.771428571428571,7.771428571428571,7,7,6.417952698925954,12.4,15.8,11.3,1.1,11.0,0.3,2.5
144,Thomas Partey,Arsenal,3,7.757142857142857,13.575,7,4,10.693466728379985,15.7,22.6,15.3,0.7,0.0,0.0,0.0
145,Ozan Tufan,Watford,3,7.75,23.25,6,2,18.58436883962738,1.4,45.1,0.0,0.0,0.0,0.0,
146,Sergi Canos,Brentford,3,7.6000000000000005,7.6000000000000005,7,7,6.184329336337157,1.2,4.1,7.8,1.3,1.2,22.8,14.8
147,Granit Xhaka,Arsenal,3,7.6000000000000005,13.3,7,4,12.907500460411322,0.0,2.2,0.0,0.0,0.3,26.0,24.7
148,Alexis Mac Allister,Brighton,3,7.585714285714286,10.620000000000001,7,5,13.886843179528885,1.4,0.0,0.0,12.8,2.2,36.3,0.4
149,Kyle Walker,Man City,2,7.171428571428571,8.366666666666665,7,6,10.195133693692034,1.8,14.6,16.8,3.2,4.5,9.3,0.0
150,Giovani Lo Celso,Spurs,3,7.142857142857143,12.5,7,4,17.671529494627272,12.6,0.0,22.0,0.0,0.0,14.4,1.0
151,Mohamed Elyounoussi,Southampton,3,7.114285714285714,9.959999999999999,7,5,12.40591510925661,0.0,2.8,11.3,12.1,23.6,0.0,0.0
152,Joachim Andersen,Crystal Palace,2,7.071428571428571,7.071428571428571,7,7,8.822200916000334,10.6,11.7,0.4,0.8,24.7,1.0,0.3
153,Steven Bergwijn,Spurs,3,7.028571428571428,16.4,7,3,31.83916707783668,0.0,0.0,0.0,0.0,4.1,23.2,21.9
154,Joshua Sargent,Norwich,4,6.785714285714286,7.916666666666667,7,6,5.826229797100342,21.2,2.5,12.9,0.0,10.3,0.3,0.3
155,Ayoze Perez,Leicester,3,6.728571428571429,23.55,7,2,20.06211642442339,0.0,0.0,0.0,0.0,0.0,11.9,35.2
156,Christos Tzolis,Norwich,3,6.728571428571428,15.699999999999998,7,3,12.845471080394134,0.0,14.8,10.7,21.6,0.0,0.0,0.0
157,Anwar El Ghazi,Aston Villa,3,6.685714285714285,15.6,7,3,15.090508152740842,0.0,0.0,0.0,0.0,36.9,7.2,2.7
158,Matthew Cash,Aston Villa,2,6.685714285714285,6.685714285714285,7,7,6.231578864653122,6.0,11.7,1.8,10.3,1.5,1.8,13.7
159,Tomas Soucek,West Ham,3,6.6571428571428575,6.6571428571428575,7,7,6.461424762131466,22.6,3.8,3.2,5.6,1.1,6.5,3.8
160,Nemanja Matic,Man Utd,3,6.5857142857142845,11.524999999999999,7,4,11.2578364608771,0.0,0.0,10.8,31.0,0.0,2.6,1.7
161,Moussa Djenepo,Southampton,3,6.542857142857143,7.633333333333333,7,6,9.191311696069679,0.3,1.7,0.0,12.6,12.7,11.3,7.2
162,Mathias Jensen,Brentford,3,6.285714285714286,14.666666666666666,7,3,11.761216260367295,18.4,0.0,0.0,1.3,24.3,0.0,0.0
163,Patrick Bamford,Leeds,4,6.257142857142857,8.76,7,5,9.6412530468468,0.0,0.0,12.3,5.1,3.8,11.8,10.8
164,Hee-Chan Hwang,Wolves,4,6.25,6.25,4,4,5.505904727197165,21.3,2.8,0.5,0.4,,,
165,Ollie Watkins,Aston Villa,4,6.214285714285714,8.7,7,5,8.27204722959745,2.7,2.0,13.5,24.7,0.6,0.0,0.0
166,Michael Keane,Everton,2,6.014285714285715,6.014285714285715,7,7,5.446687139549382,0.2,10.3,0.0,20.3,0.3,0.1,10.9
167,Ben White,Arsenal,2,6.014285714285713,8.419999999999998,7,5,6.4977080941828484,10.5,0.2,0.2,30.7,0.0,0.0,0.5
168,Marc Albrighton,Leicester,3,5.985714285714286,13.966666666666667,7,3,17.130769402167513,0.0,0.0,0.0,36.3,5.6,0.0,0.0
169,Todd Cantwell,Norwich,3,5.9571428571428555,8.339999999999998,7,5,8.420127313129987,0.0,0.0,2.4,1.3,1.8,4.8,31.4
170,Benjamin Chilwell,Chelsea,2,5.942857142857143,41.6,7,1,27.84334310071467,41.6,0.0,0.0,0.0,0.0,0.0,0.0
171,Fernando Luiz Rosa,Man City,3,5.771428571428571,10.1,7,4,10.434634529102363,0.0,0.0,11.4,0.3,0.0,0.0,28.7
172,Ken Sema,Watford,3,5.757142857142857,8.059999999999999,7,5,8.89655182857282,0.8,0.0,0.8,1.1,0.0,12.4,25.2
173,Dominic Calvert-Lewin,Everton,4,5.685714285714285,13.266666666666666,7,3,14.734134938281157,0.0,0.0,0.0,0.0,12.1,25.4,2.3
174,Ben Godfrey,Everton,2,5.628571428571429,9.850000000000001,7,4,12.047459946001739,11.8,12.3,15.3,0.0,0.0,0.0,0.0
175,Joseph Willock,Newcastle,3,5.614285714285715,6.550000000000001,7,6,8.395029412505446,1.6,12.5,11.4,1.1,1.7,11.0,0.0
176,Francisco Femenia Far,Watford,2,5.6,13.066666666666665,7,3,9.614181079220623,1.3,1.4,36.5,0.0,0.0,0.0,0.0
177,Daniel James,Leeds,3,5.542857142857143,6.466666666666666,7,6,6.262389139543288,1.3,0.5,11.8,1.4,11.0,0.0,12.8
178,Gabriel Teodoro Martinelli Silva,Arsenal,3,5.485714285714286,19.2,7,2,19.046294413647587,0.0,0.0,0.0,0.0,0.0,16.0,22.4
179,Mohammed Salisu,Southampton,2,5.485714285714286,5.485714285714286,7,7,6.332883680746159,1.1,12.3,0.1,10.9,12.3,0.3,1.4
180,Liam Cooper,Leeds,2,5.385714285714285,5.385714285714285,7,7,5.946629142007443,0.8,0.6,10.5,0.3,3.9,11.1,10.5
181,Fabio Henrique Tavares,Liverpool,3,5.328571428571428,6.216666666666666,7,6,8.722308959480268,2.0,18.0,2.7,4.9,5.1,0.0,4.6
182,Japhet Tanganga,Spurs,2,5.228571428571429,7.32,7,5,9.729658423909054,0.0,1.1,0.0,0.0,29.0,0.8,5.7
183,Cedric Soares,Arsenal,2,5.1571428571428575,12.033333333333333,7,3,10.01637633428305,0.0,0.0,0.0,14.3,1.0,20.8,0.0
184,Eric Dier,Spurs,2,5.1571428571428575,5.1571428571428575,7,7,5.956072163491446,10.3,14.2,10.4,0.0,1.1,0.0,0.1
185,Aymeric Laporte,Man City,2,5.014285714285714,7.0200000000000005,7,5,7.80327664155162,0.6,2.2,0.0,19.8,3.2,9.3,0.0
186,Joel Matip,Liverpool,2,5.014285714285714,5.8500000000000005,7,6,9.239179308636599,12.3,1.2,0.0,13.4,3.6,0.8,3.8
187,Seamus Coleman,Everton,2,5.0,8.75,7,4,8.512725706273192,0.0,0.0,0.0,6.6,1.3,10.5,16.6
188,Luka Milivojevic,Crystal Palace,3,4.985714285714286,11.633333333333333,7,3,13.475046903225515,26.8,7.7,0.0,0.4,0.0,0.0,0.0
189,Jacob Murphy,Newcastle,3,4.914285714285713,4.914285714285713,7,7,6.350999354515871,0.8,0.3,0.0,0.5,11.3,1.2,20.3
190,Danny Ings,Aston Villa,4,4.7857142857142865,4.7857142857142865,7,7,4.715017730523038,0.7,2.5,11.4,3.3,11.3,3.4,0.9
191,Luke Ayling,Leeds,2,4.757142857142857,6.659999999999999,7,5,7.02648984651078,0.0,0.0,11.3,0.8,2.9,13.5,4.8
192,Thiago Emiliano da Silva,Chelsea,2,4.714285714285714,6.6,7,5,4.410386860622178,11.7,0.3,10.7,10.3,0.0,0.0,0.0
193,Jakub Moder,Brighton,3,4.628571428571429,4.628571428571429,7,7,5.26063939123448,14.2,1.1,0.2,2.3,3.8,0.0,10.8
194,Christian Nørgaard,Brentford,3,4.628571428571428,4.628571428571428,7,7,4.326207741895738,1.3,11.1,11.8,1.1,1.4,3.9,1.8
195,Grant Hanley,Norwich,2,4.6,4.6,7,7,3.7302407716907955,0.0,0.3,10.3,11.2,0.2,0.1,10.1
196,Joel Ward,Crystal Palace,2,4.571428571428571,4.571428571428571,7,7,6.217180912747043,2.1,2.3,5.9,2.8,0.8,16.8,1.3
197,Roberto Firmino,Liverpool,4,4.557142857142858,6.380000000000001,7,5,6.841561899240958,0.3,4.1,0.0,0.0,2.6,10.7,14.2
198,Oghenekaro Peter Etebo,Watford,3,4.542857142857143,5.3,7,6,4.686222476880698,0.0,0.6,1.4,0.8,15.1,2.3,11.6
199,Adam Masina,Watford,2,4.5285714285714285,10.566666666666666,7,3,10.045557403345581,0.0,0.0,0.0,0.0,19.7,11.7,0.3
200,Raphael Varane,Man Utd,2,4.516666666666667,5.42,6,5,7.06660346932005,1.3,10.5,2.6,2.2,10.5,0.0,
201,Max Kilman,Wolves,2,4.442857142857142,4.442857142857142,7,7,4.586648580857535,1.2,1.5,12.8,1.6,0.7,11.9,1.4
202,Hakim Ziyech,Chelsea,3,4.428571428571429,15.5,7,2,11.351377965090006,0.0,0.0,0.0,24.7,0.0,6.3,0.0
203,Curtis Jones,Liverpool,3,4.428571428571429,10.333333333333334,7,3,19.951605144598716,12.8,18.0,0.2,0.0,0.0,0.0,0.0
204,N'Golo Kante,Chelsea,3,4.428571428571429,7.75,7,4,5.287523999781055,0.0,0.9,18.0,0.0,11.3,0.8,0.0
205,Boubakary Soumare,Leicester,3,4.414285714285715,6.180000000000001,7,5,3.5737643225354505,0.3,25.8,3.8,0.0,0.0,0.1,0.9
206,Kai Havertz,Chelsea,3,4.385714285714285,5.116666666666666,7,6,3.4686226918254475,0.0,0.2,9.8,12.9,1.8,5.2,0.8
207,Romain Saiss,Wolves,2,4.314285714285714,4.314285714285714,7,7,3.857791039323194,1.6,1.3,2.2,1.7,0.4,11.5,11.5
208,Frank Onyeka,Brentford,3,4.285714285714286,5.0,7,6,3.6191632040637858,0.9,0.5,0.0,0.3,0.0,12.8,15.5
209,Ferran Torres,Man City,3,4.285714285714286,7.5,7,4,7.946179932188868,0.0,0.0,0.0,6.5,16.2,4.4,2.9
210,Tanguy Ndombele,Spurs,3,4.257142857142857,9.933333333333334,7,3,12.287517039605621,14.9,3.3,11.6,0.0,0.0,0.0,0.0
211,Yves Bissouma,Brighton,3,4.171428571428572,5.840000000000001,7,5,7.584360566837498,0.0,0.0,0.8,6.2,4.3,12.7,5.2
212,Adam Lallana,Brighton,3,4.171428571428572,4.171428571428572,7,7,4.9395681184644555,13.5,2.9,1.3,3.1,2.2,3.2,3.0
213,Anthony Gordon,Everton,3,4.171428571428572,7.300000000000001,7,4,11.946609692469847,26.7,2.0,0.0,0.0,0.0,0.0,0.5
214,Benjamin Mendy,Man City,2,4.1571428571428575,29.1,7,1,28.31043868161369,0.0,0.0,0.0,0.0,0.0,0.0,29.1
215,Timo Werner,Chelsea,4,4.142857142857143,4.833333333333334,7,6,3.3533433631085403,2.0,1.3,12.8,0.1,0.0,0.0,12.8
216,Juraj Kucka,Watford,3,4.057142857142858,4.733333333333334,7,6,3.7179175367684545,0.8,11.8,12.8,0.8,1.4,0.0,0.8
217,Maxwel Cornet,Burnley,3,4.05,8.1,4,2,3.3014193214021064,0.0,0.9,15.3,0.0,,,
218,Michael Olise,Crystal Palace,3,4.028571428571429,9.400000000000002,7,3,9.677208874206281,27.1,0.0,0.7,0.4,0.0,0.0,0.0
219,Kenny McLean,Norwich,3,4.014285714285714,4.683333333333334,7,6,4.179136206281165,4.4,16.2,2.6,3.3,1.5,0.1,0.0
220,Ainsley Maitland-Niles,Arsenal,3,3.985714285714286,5.58,7,5,3.5672294407578176,0.0,0.3,0.5,27.0,0.1,0.0,0.0
221,Isaac Hayden,Newcastle,3,3.9714285714285715,4.633333333333334,7,6,5.826295733102861,2.3,10.9,10.4,0.4,0.0,0.5,3.3
222,Romain Perraud,Southampton,2,3.9571428571428577,6.925000000000001,7,4,8.089276811930779,0.0,0.0,0.0,15.4,0.0,0.8,11.5
223,Jairo Riedewald,Crystal Palace,3,3.8142857142857145,13.350000000000001,7,2,17.74251024114241,0.0,0.0,21.3,0.0,0.0,0.0,5.4
224,Daniel Castelo Podence,Wolves,3,3.814285714285714,6.675,7,4,6.60985749704103,0.0,13.3,2.3,11.0,0.1,0.0,0.0
225,Ashley Young,Aston Villa,2,3.8,6.6499999999999995,7,4,5.235234870346306,0.0,0.0,0.2,0.0,0.9,2.8,22.7
226,Leon Bailey,Aston Villa,3,3.771428571428572,8.8,7,3,7.460554166200045,0.0,0.0,0.3,11.3,0.0,0.0,14.8
227,Callum Hudson-Odoi,Chelsea,3,3.7285714285714286,13.05,7,2,9.38157800612064,12.6,0.0,0.0,13.5,0.0,0.0,0.0
228,Jack Stephens,Southampton,2,3.685714285714286,5.16,7,5,4.900728254205603,0.0,0.0,0.2,0.5,23.1,1.5,0.5
229,Saman Ghoddos,Brentford,3,3.628571428571429,12.700000000000001,7,2,10.317737887111006,0.0,0.0,0.0,0.0,25.1,0.3,0.0
230,Andreas Christensen,Chelsea,2,3.6285714285714286,5.08,7,5,2.963052625906115,0.0,0.4,21.6,0.0,0.3,1.8,1.3
231,Kieran Dowell,Norwich,3,3.5142857142857147,12.3,7,2,11.18912395706737,0.0,0.0,0.0,3.8,0.0,0.0,20.8
232,Steven Alzate,Brighton,3,3.5,12.25,7,2,12.227758091015351,0.0,0.4,0.0,0.0,0.0,0.0,24.1
233,Tyrone Mings,Aston Villa,2,3.5,4.083333333333333,7,6,3.4903278639628907,0.8,0.3,11.3,0.6,0.0,10.7,0.8
234,Nikola Vlasic,West Ham,3,3.4999999999999996,4.666666666666666,4,3,4.016337323027232,0.0,1.2,1.6,11.2,,,
235,Pontus Jansson,Brentford,2,3.4857142857142867,3.4857142857142867,7,7,2.868686741355075,0.3,3.1,0.1,0.3,10.3,10.3,0.0
236,Ezri Konsa Ngoyo,Aston Villa,2,3.4714285714285715,3.4714285714285715,7,7,2.4048425722799913,10.7,0.4,0.9,0.5,0.0,10.5,1.3
237,Ethan Pinnock,Brentford,2,3.4714285714285715,3.4714285714285715,7,7,2.514544931477411,10.5,0.6,0.4,0.3,0.8,0.6,11.1
238,Matej Vydra,Burnley,4,3.457142857142857,4.033333333333333,7,6,1.7363372017717267,0.8,22.0,0.8,0.0,0.3,0.0,0.3
239,Ciaran Clark,Newcastle,2,3.414285714285714,4.779999999999999,7,5,7.837797204959919,0.6,0.5,0.4,10.8,0.0,0.0,11.6
240,Ruben Loftus-Cheek,Chelsea,3,3.242857142857143,11.35,7,2,7.9247443698649835,21.9,0.8,0.0,0.0,0.0,0.0,0.0
241,Ben Mee,Burnley,2,3.228571428571428,3.766666666666666,7,6,1.5824750960394742,0.0,0.4,10.8,0.1,10.2,0.3,0.8
242,Timothy Castagne,Leicester,2,3.1714285714285717,4.44,7,5,2.7008641634498276,0.6,16.1,2.5,1.2,1.8,0.0,0.0
243,Brandon Williams,Norwich,2,3.014285714285714,5.2749999999999995,7,4,4.051746238080897,0.0,3.9,2.3,11.8,3.1,0.0,0.0
244,Naby Keita,Liverpool,3,3.0,5.25,7,4,4.955241246223329,0.0,0.0,0.0,0.3,0.0,3.9,16.8
245,Lewis Dunk,Brighton,2,3.0,3.0,7,7,3.400714216959707,15.3,1.1,0.8,1.3,1.5,0.3,0.7
246,Kristoffer Ajer,Brentford,2,2.9999999999999996,3.4999999999999996,7,6,2.6388058954382334,0.0,4.3,0.4,1.0,3.5,0.6,11.2
247,Takehiro Tomiyasu,Arsenal,2,2.95,2.95,4,4,2.050472258220855,1.3,2.3,2.9,5.3,,,
248,Ozan Kabak,Norwich,2,2.9,3.8666666666666667,4,3,3.879049580417659,0.3,10.7,0.6,0.0,,,
249,Lukas Rupp,Norwich,3,2.9,4.0600000000000005,7,5,3.084154910655926,0.8,0.0,0.0,2.3,14.7,0.3,2.2
250,Hugo Lloris,Spurs,1,2.857142857142857,2.857142857142857,7,7,4.121988631315326,10.0,0.0,0.0,0.0,0.0,10.0,0.0
251,Jose Malheiro de Sa,Wolves,1,2.857142857142857,2.857142857142857,7,7,2.6921128411685147,0.0,20.0,0.0,0.0,0.0,0.0,0.0
252,Robert Sanchez,Brighton,1,2.857142857142857,2.857142857142857,7,7,3.2992057021767125,0.0,10.0,0.0,0.0,0.0,0.0,10.0
253,Jamie Shackleton,Leeds,3,2.7142857142857144,3.8,7,5,3.571672551391457,3.1,12.3,0.6,0.0,1.5,1.5,0.0
254,Jay Rodriguez,Burnley,4,2.6142857142857143,3.66,7,5,1.9397260280453075,4.8,0.0,0.0,0.0,0.0,11.0,2.5
255,Shane Duffy,Brighton,2,2.5571428571428574,2.5571428571428574,7,7,2.920823327781654,1.8,0.1,14.1,1.0,0.5,0.2,0.2
256,Javier Manquillo,Newcastle,2,2.542857142857143,4.45,7,4,8.231115030746832,11.7,0.8,0.4,4.9,0.0,0.0,0.0
257,Andre Filipe Tavares Gomes,Everton,3,2.542857142857143,5.933333333333334,7,3,5.659014027515774,0.0,0.0,1.3,14.7,1.8,0.0,0.0
258,Wilfred Ndidi,Leicester,3,2.542857142857143,2.966666666666667,7,6,2.523827441810283,0.0,2.7,3.2,3.6,2.0,3.0,3.3
259,Adam Webster,Brighton,2,2.542857142857143,4.45,7,4,5.489815440747371,0.0,0.0,0.0,0.5,2.5,12.0,2.8
260,Luke Thomas,Leicester,2,2.5142857142857147,5.866666666666667,7,3,3.806845460616653,0.0,0.0,0.0,0.0,10.6,1.3,5.7
261,Oliver Skipp,Spurs,3,2.5,2.5,7,7,3.1323684188827894,4.9,2.2,0.9,0.7,6.5,1.5,0.8
262,Calum Chambers,Arsenal,2,2.457142857142857,8.6,7,2,9.063390808548181,0.0,0.0,0.0,0.0,0.4,0.0,16.8
263,Danny Welbeck,Brighton,4,2.4285714285714284,4.25,7,4,5.237099329714097,0.0,1.7,11.6,3.2,0.5,0.0,0.0
264,Marc Guehi,Crystal Palace,2,2.414285714285714,2.414285714285714,7,7,3.1778664870639943,0.7,2.1,0.6,0.7,0.7,0.2,11.9
265,Ki-Jana Hoever,Wolves,2,2.3857142857142857,8.35,7,2,7.512638828434007,0.0,0.0,0.0,0.0,0.0,0.0,16.7
266,Bamidele Alli,Spurs,3,2.2857142857142856,2.6666666666666665,7,6,3.88548523438166,0.0,1.5,3.8,1.7,3.3,3.5,2.2
267,Victor Lindelof,Man Utd,2,2.257142857142857,3.95,7,4,3.8318758226384158,1.4,0.2,0.0,0.0,0.0,0.8,13.4
268,Ibrahima Diallo,Southampton,3,2.2285714285714286,3.12,7,5,3.7380464801079003,10.7,0.0,0.0,0.9,1.5,1.6,0.9
269,Edinson Cavani,Man Utd,4,2.2142857142857144,5.166666666666667,7,3,7.207921316241449,12.8,0.3,0.0,0.0,2.4,0.0,0.0
270,Adam Idah,Norwich,4,2.2,3.0800000000000005,7,5,2.1552340627174638,0.0,0.0,0.1,14.0,0.8,0.0,0.5
271,Ryan Bertrand,Leicester,2,2.1142857142857148,3.700000000000001,7,4,2.9931464857808106,0.8,3.9,9.8,0.3,0.0,0.0,0.0
272,Dimitris Giannoulis,Norwich,2,2.1142857142857143,3.7,7,4,3.464054704130383,1.8,0.4,0.0,0.0,0.0,0.4,12.2
273,Jeffrey Schlupp,Crystal Palace,3,2.1142857142857143,2.96,7,5,4.12857321731698,1.5,0.1,0.0,0.0,0.6,11.2,1.4
274,Jonjo Shelvey,Newcastle,3,2.0571428571428574,14.400000000000002,7,1,18.69897208873034,0.0,0.0,0.0,0.0,0.0,0.0,14.4
275,Craig Dawson,West Ham,2,2.042857142857143,2.8600000000000003,7,5,2.22238858318848,0.0,0.0,0.0,1.6,0.8,10.8,1.1
276,Jannik Vestergaard,Leicester,2,2.042857142857143,2.8600000000000003,7,5,2.0778833163104053,10.8,0.8,2.3,0.3,0.0,0.0,0.1
277,Jesse Lingard,Man Utd,3,2.0142857142857147,4.700000000000001,7,3,5.072409947915413,0.0,0.0,11.8,1.5,0.0,0.8,0.0
278,Enock Mwepu,Brighton,3,2.0,4.666666666666667,7,3,4.74298498660027,0.0,0.0,0.8,0.0,0.0,1.1,12.1
279,Andriy Yarmolenko,West Ham,3,2.0,2.3333333333333335,7,6,2.881666625645078,0.0,0.0,11.0,0.6,0.3,1.1,1.0
280,Federico Fernandez,Newcastle,2,1.9714285714285715,2.7600000000000002,7,5,3.813899252049598,0.3,0.1,0.0,0.0,0.0,13.1,0.3
281,Theo Walcott,Southampton,3,1.942857142857143,4.533333333333334,7,3,5.42323699170191,11.8,0.0,0.0,0.0,0.0,0.0,1.8
282,Leander Dendoncker,Wolves,3,1.9000000000000001,3.325,7,4,2.8935155735039695,10.3,1.8,0.0,0.0,0.0,0.6,0.6
283,Callum Wilson,Newcastle,4,1.8714285714285714,4.366666666666666,7,3,5.898601386854931,0.0,0.0,0.0,0.0,1.3,10.7,1.1
284,William Troost-Ekong,Watford,2,1.8571428571428572,1.8571428571428572,7,7,1.5734800371076212,10.4,0.6,0.3,0.4,0.3,1.0,0.0
285,Jordan Pickford,Everton,1,1.8571428571428572,2.1666666666666665,7,6,2.9969061605743796,0.0,3.0,0.0,0.0,10.0,0.0,0.0
286,Dan Burn,Brighton,2,1.8285714285714287,4.266666666666667,7,3,4.492668019872797,12.5,0.3,0.0,0.0,0.0,0.0,0.0
287,Jan Bednarek,Southampton,2,1.7857142857142858,3.125,7,4,4.639446029345166,0.3,11.7,0.1,0.0,0.0,0.4,0.0
288,Gabriel Magalhaes,Arsenal,2,1.7857142857142858,3.125,7,4,2.038153885101738,0.6,10.8,0.3,0.8,0.0,0.0,0.0
289,Pablo Mari,Arsenal,2,1.7571428571428573,6.15,7,2,5.771355264018895,0.0,0.0,0.0,0.0,0.0,11.0,1.3
290,Daniel Amartey,Leicester,2,1.7571428571428573,4.1000000000000005,7,3,2.1926403233151044,0.0,0.0,0.0,0.0,11.1,0.4,0.8
291,Anthony Martial,Man Utd,4,1.7285714285714289,2.4200000000000004,7,5,3.1682713625056627,6.4,0.0,0.0,0.3,2.6,1.6,1.2
292,Reiss Nelson,Arsenal,3,1.657142857142857,11.6,7,1,12.049145657619905,0.0,0.0,0.0,0.0,0.0,0.0,11.6
293,Taylor Richards,Brighton,3,1.6428571428571428,11.5,7,1,17.91520220594763,0.0,0.0,0.0,0.0,11.5,0.0,0.0
294,Imran Louza,Watford,3,1.6142857142857143,11.3,7,1,15.124625404059248,0.0,0.0,0.0,0.0,0.0,11.3,0.0
295,Joao Pedro Junqueira de Jesus,Watford,4,1.614285714285714,5.6499999999999995,7,2,4.514640102623195,0.7,10.6,0.0,0.0,0.0,0.0,0.0
296,Pascal Struijk,Leeds,2,1.542857142857143,2.16,7,5,2.5161977595698444,0.0,0.0,0.0,0.1,0.3,10.4,0.0
297,Troy Deeney,Watford,4,1.5142857142857145,5.300000000000001,7,2,7.043055859824507,0.0,0.0,0.0,0.0,0.0,10.3,0.3
298,Trevoh Chalobah,Chelsea,2,1.4714285714285715,2.575,7,4,1.8905640800990469,2.9,0.0,0.0,0.4,0.0,0.0,7.0
299,Jose Diogo Dalot Teixeira,Man Utd,2,1.3285714285714287,4.65,7,2,5.422596856827851,0.0,9.3,0.0,0.0,0.0,0.0,0.0
300,Marvelous Nakamba,Aston Villa,3,1.3,2.275,7,4,1.9291658298911447,0.0,0.0,1.8,0.5,0.3,0.0,6.5
301,Fabian Schar,Newcastle,2,1.157142857142857,4.05,7,2,5.539965196833873,0.0,0.0,0.0,0.0,0.3,7.8,0.0
302,Oleksandr Zinchenko,Man City,2,1.1142857142857143,3.9000000000000004,7,2,4.13067084484463,0.0,0.0,0.0,0.0,7.2,0.0,0.6
303,Shandon Baptiste,Brentford,3,1.0714285714285714,1.5,7,5,1.4463774951215262,0.1,4.4,1.6,1.4,0.0,0.0,0.0
304,Harry Maguire,Man Utd,2,1.0,1.1666666666666667,7,6,1.2256888609006418,0.0,0.3,1.3,2.6,0.7,1.2,0.9
305,Cheikhou Kouyate,Crystal Palace,2,0.8857142857142858,1.0333333333333334,7,6,1.1877187573557089,0.0,0.1,0.8,2.1,1.8,0.8,0.6
306,Nathan Tella,Southampton,3,0.7857142857142857,2.75,7,2,3.26439253112187,5.2,0.0,0.0,0.0,0.0,0.0,0.3
307,Alex Oxlade-Chamberlain,Liverpool,3,0.7571428571428571,2.65,7,2,2.487648796494813,0.0,0.0,0.0,0.0,0.0,0.0,5.3
308,Saul Niguez,Chelsea,3,0.725,2.9,4,1,2.2190017528786923,0.0,0.0,0.0,2.9,,,
309,Jesurun Rak-Sakyi,Crystal Palace,3,0.7142857142857143,5.0,7,1,6.537996259419121,0.0,0.0,0.0,0.0,0.0,0.0,5.0
310,Caglar Soyuncu,Leicester,2,0.6428571428571429,0.6428571428571429,7,7,0.45339545478149107,0.3,1.7,0.8,0.4,0.7,0.3,0.3
311,Davinson Sanchez,Spurs,2,0.6428571428571429,0.9,7,5,1.0231513832987913,0.0,2.5,0.0,0.0,1.6,0.1,0.3
312,Jeremy Ngakia,Watford,2,0.6285714285714284,1.0999999999999999,7,4,1.1626434872539018,0.0,0.6,1.1,2.3,0.4,0.0,0.0
313,Tom Davies,Everton,3,0.6,1.4000000000000001,7,3,1.5883735449576335,0.3,0.8,3.1,0.0,0.0,0.0,0.0
314,Bryan Gil Salvatierra,Spurs,3,0.5857142857142856,1.025,7,4,1.1628959034260995,0.3,2.1,1.7,0.0,0.0,0.0,0.0
315,Angelo Ogbonna,West Ham,2,0.5714285714285714,0.5714285714285714,7,7,0.48720347600578295,0.3,1.0,0.3,0.5,0.8,0.2,0.9
316,Juan Camilo Hernandez Suarez,Watford,4,0.5428571428571428,0.95,7,4,0.9986088796645023,0.0,0.0,0.0,0.7,1.6,1.2,0.3
317,Folarin Balogun,Arsenal,4,0.5285714285714286,1.85,7,2,1.7366001764718846,0.0,0.0,0.0,0.0,0.0,3.3,0.4
318,Craig Cathcart,Watford,2,0.5142857142857142,0.72,7,5,0.7804695021281985,0.0,0.4,0.3,0.0,0.4,1.7,0.8
319,Ben Gibson,Norwich,2,0.5,0.7,7,5,0.6508236483569124,0.5,1.4,0.0,0.0,0.8,0.2,0.6
320,Aaron Lennon,Burnley,3,0.5,0.625,5,4,0.24897290281692977,1.6,0.3,0.0,0.1,0.5,,
321,Christian Pulisic,Chelsea,3,0.4857142857142857,3.4,7,1,2.581661202967656,0.0,0.0,0.0,0.0,0.0,0.0,3.4
322,Carney Chukwuemeka,Aston Villa,3,0.4714285714285714,3.3,7,1,3.4132177950020406,0.0,0.0,0.0,0.0,3.3,0.0,0.0
323,Bali Mumba,Norwich,2,0.4714285714285714,3.3,7,1,5.605903702821069,0.0,0.0,0.0,0.0,0.0,3.3,0.0
324,Bertrand Traore,Aston Villa,3,0.4428571428571429,0.775,7,4,0.6580287535402132,0.1,0.0,0.2,1.2,0.0,0.0,1.6
325,Crysencio Summerville,Leeds,3,0.4428571428571428,1.5499999999999998,7,2,1.2649412136987324,0.0,0.3,2.8,0.0,0.0,0.0,0.0
326,Conor Coady,Wolves,2,0.4428571428571428,0.4428571428571428,7,7,0.49705010718804005,0.0,0.3,1.8,0.5,0.0,0.5,0.0
327,James Tarkowski,Burnley,2,0.42857142857142855,0.42857142857142855,7,7,0.20916768182840798,0.6,0.3,0.9,0.2,0.1,0.3,0.6
328,Nuno Varela Tavares,Arsenal,2,0.38571428571428573,0.675,7,4,0.5589920020050397,0.0,0.5,0.7,0.0,0.0,0.8,0.7
329,Alexandre Lacazette,Arsenal,4,0.3857142857142857,1.3499999999999999,7,2,1.6489053389181227,2.4,0.0,0.0,0.0,0.3,0.0,0.0
330,Ryan Fraser,Newcastle,3,0.37142857142857144,0.65,7,4,0.805497037707667,0.0,0.0,0.7,0.0,0.3,0.3,1.3
331,Armando Broja,Southampton,4,0.34285714285714286,0.6,7,4,0.7994142145879869,0.0,1.8,0.0,0.0,0.6,0.0,0.0
332,Cole Palmer,Man City,3,0.31428571428571433,2.2,7,1,2.1752190012648636,0.0,0.0,0.0,0.0,0.0,2.2,0.0
333,Kurt Zouma,West Ham,2,0.31428571428571433,0.7333333333333334,7,3,0.6743842918469779,0.8,1.2,0.2,0.0,0.0,0.0,0.0
334,Lewis Dobbin,Everton,4,0.3,0.3,2,2,0.25325012011796,0.0,0.6,,,,,
335,Mathias Jorgensen,Brentford,2,0.275,0.3666666666666667,4,3,0.2970767471560679,0.7,0.4,0.0,0.0,,,
336,Dwight Gayle,Newcastle,4,0.2571428571428572,0.9000000000000001,7,2,1.2141304737238257,0.3,1.5,0.0,0.0,0.0,0.0,0.0
337,Jack Cork,Burnley,3,0.2571428571428572,0.9000000000000001,7,2,0.5753822934457536,0.0,0.0,0.0,0.0,0.0,0.7,1.1
338,Jeff Hendrick,Newcastle,3,0.2571428571428572,0.9000000000000001,7,2,1.6848166449317612,1.5,0.0,0.0,0.3,0.0,0.0,0.0
339,Hamza Choudhury,Leicester,3,0.2285714285714286,1.6,7,1,1.0915061179284993,1.6,0.0,0.0,0.0,0.0,0.0,0.0
340,Kortney Hause,Aston Villa,2,0.2,0.46666666666666673,7,3,0.5671308768796297,0.1,1.2,0.0,0.0,0.1,0.0,0.0
341,Yerry Mina,Everton,2,0.2,0.23333333333333336,7,6,0.25775880758244846,0.3,0.4,0.3,0.3,0.0,0.1,0.0
342,Aaron Connolly,Brighton,4,0.2,0.7000000000000001,7,2,0.8616629030286224,0.0,0.3,0.0,0.0,0.0,1.1,0.0
343,Diego Llorente,Leeds,2,0.18571428571428572,0.43333333333333335,7,3,0.3414571442567596,0.3,0.0,0.0,0.0,1.0,0.0,0.0
344,Jean-Philippe Mateta,Crystal Palace,4,0.18571428571428572,1.3,7,1,1.6998790274489715,0.0,0.0,0.0,0.0,0.0,0.0,1.3
345,Ross Barkley,Chelsea,3,0.18571428571428572,1.3,7,1,0.8701044718973334,1.3,0.0,0.0,0.0,0.0,0.0,0.0
346,Emil Krafth,Newcastle,2,0.18571428571428572,0.65,7,2,0.8440508234496333,0.0,0.0,0.0,0.0,0.0,0.0,1.3
347,Marcus Forss,Brentford,4,0.18571428571428572,1.3,7,1,0.8332734219432866,0.0,0.0,0.0,0.0,0.0,0.0,1.3
348,Harry Winks,Spurs,3,0.1285714285714286,0.45000000000000007,7,2,0.5509410764803255,0.0,0.0,0.0,0.9,0.0,0.0,0.0
349,Erik Pieters,Burnley,2,0.1285714285714286,0.9000000000000001,7,1,0.5045778944312858,0.0,0.0,0.0,0.0,0.0,0.9,0.0
350,Yoane Wissa,Brentford,3,0.12857142857142856,0.22499999999999998,7,4,0.1880607693301086,0.0,0.3,0.0,0.0,0.5,0.1,0.0
351,Cristian Romero,Spurs,2,0.1142857142857143,0.26666666666666666,7,3,0.415100638595772,0.3,0.0,0.3,0.0,0.0,0.0,0.2
352,Manuel Lanzini,West Ham,3,0.1142857142857143,0.4,7,2,0.4318801746892103,0.0,0.0,0.3,0.0,0.5,0.0,0.0
353,Andrew Omobamidele,Norwich,2,0.1142857142857143,0.8,7,1,0.5507748091999543,0.0,0.0,0.0,0.8,0.0,0.0,0.0
354,Ibrahima Konate,Liverpool,2,0.1142857142857143,0.8,7,1,1.0187875536861295,0.0,0.0,0.8,0.0,0.0,0.0,0.0
355,Morgan Gibbs-White,Wolves,3,0.09999999999999999,0.35,7,2,0.4190307380217151,0.0,0.0,0.0,0.0,0.3,0.0,0.4
356,Axel Tuanzebe,Aston Villa,2,0.09999999999999999,0.175,7,4,0.17169175889284014,0.0,0.0,0.2,0.3,0.2,0.0,0.0
357,Nathan Ake,Man City,2,0.09999999999999999,0.35,7,2,0.3823959687661991,0.0,0.0,0.4,0.0,0.0,0.0,0.3
358,Jamaal Lascelles,Newcastle,2,0.09999999999999999,0.175,7,4,0.24406512789358473,0.0,0.0,0.0,0.1,0.3,0.3,0.0
359,Mason Holgate,Everton,2,0.08571428571428573,0.30000000000000004,7,2,0.40992412446464543,0.0,0.0,0.0,0.0,0.4,0.0,0.2
360,Fabio Silva,Wolves,4,0.07142857142857142,0.125,7,4,0.16102631359579112,0.0,0.0,0.5,0.0,0.0,0.0,0.0
361,Mads Roerslev Rasmussen,Brentford,2,0.07142857142857142,0.25,7,2,0.27191957026233715,0.0,0.0,0.3,0.2,0.0,0.0,0.0
362,Wesley Moraes,Aston Villa,4,0.07142857142857142,0.5,7,1,0.34583357755819405,0.0,0.0,0.0,0.0,0.0,0.5,0.0
363,Rob Holding,Arsenal,2,0.07142857142857142,0.25,7,2,0.30806063572793374,0.0,0.0,0.0,0.0,0.2,0.3,0.0
364,Charlie Cresswell,Leeds,2,0.06666666666666667,0.4,6,1,0.37903391862975944,0.0,0.4,0.0,0.0,0.0,0.0,
365,Mads Bidstrup,Brentford,3,0.05714285714285715,0.13333333333333333,7,3,0.09097363731548855,0.0,0.0,0.0,0.0,0.0,0.1,0.3
366,Helder Wander Sousa de Azevedo e Costa,Leeds,3,0.05714285714285715,0.4,7,1,0.5935632685141157,0.0,0.0,0.0,0.0,0.0,0.0,0.4
367,Francisco Sierralta,Watford,2,0.05714285714285715,0.13333333333333333,7,3,0.13958215238284305,0.1,0.0,0.0,0.2,0.1,0.0,0.0
368,Christian Kabasele,Watford,2,0.042857142857142864,0.10000000000000002,7,3,0.12255846620117129,0.0,0.0,0.0,0.0,0.0,0.2,0.1
369,Nathan Collins,Burnley,2,0.04285714285714286,0.3,7,1,0.11300772165117252,0.3,0.0,0.0,0.0,0.0,0.0,0.0
370,Dan Gosling,Watford,3,0.04285714285714286,0.3,7,1,0.29994874072774946,0.0,0.0,0.0,0.0,0.0,0.0,0.3
371,Matt Doherty,Spurs,2,0.04285714285714286,0.3,7,1,0.720484991501817,0.0,0.0,0.0,0.0,0.0,0.0,0.3
372,Jonny Evans,Leicester,2,0.04285714285714286,0.3,7,1,0.40145649683826795,0.0,0.0,0.0,0.3,0.0,0.0,0.0
373,Donny van de Beek,Man Utd,3,0.04285714285714286,0.3,7,1,0.27977998739153387,0.0,0.0,0.0,0.3,0.0,0.0,0.0
374,Robin Koch,Leeds,2,0.04285714285714286,0.3,7,1,0.4451724513855867,0.0,0.0,0.0,0.0,0.0,0.0,0.3
375,Mohamed Naser El Sayed Elneny,Arsenal,3,0.04285714285714286,0.3,7,1,0.5072211019592743,0.0,0.0,0.0,0.0,0.3,0.0,0.0
376,Jamal Lewis,Newcastle,2,0.04285714285714286,0.3,7,1,0.610050009451492,0.0,0.0,0.0,0.3,0.0,0.0,0.0
377,Joseph Gomez,Liverpool,2,0.04285714285714286,0.15,7,2,0.3747105724899422,0.3,0.0,0.0,0.0,0.0,0.0,0.0
378,Kiernan Dewsbury-Hall,Leicester,3,0.028571428571428574,0.2,7,1,0.10057400318114701,0.0,0.0,0.0,0.0,0.2,0.0,0.0
379,Joe Rodon,Spurs,2,0.028571428571428574,0.2,7,1,0.24486270065792248,0.0,0.0,0.0,0.2,0.0,0.0,0.0
380,Jonjoe Kenny,Everton,2,0.014285714285714287,0.1,7,1,0.11540328515381026,0.0,0.0,0.1,0.0,0.0,0.0,0.0
381,Emerson Palmieri dos Santos,Chelsea,2,0.014285714285714287,0.1,7,1,0.0759312118519899,0.0,0.0,0.0,0.0,0.0,0.0,0.1
382,Rayan Ait Nouri,Wolves,2,0.014285714285714287,0.1,7,1,0.07753118802760313,0.0,0.0,0.0,0.0,0.0,0.1,0.0
383,Shane Long,Southampton,4,0.014285714285714287,0.1,7,1,0.14814692403804064,0.0,0.1,0.0,0.0,0.0,0.0,0.0
384,Ben Davies,Spurs,2,0.014285714285714287,0.1,7,1,0.12243135032896124,0.0,0.0,0.0,0.1,0.0,0.0,0.0
385,Ben Johnson,West Ham,2,0.014285714285714287,0.1,7,1,0.07348014626000253,0.0,0.0,0.0,0.0,0.0,0.0,0.1
386,Alex McCarthy,Southampton,1,0.0,0.0,7,7,0.0,0.0,0.0,0.0,0.0,0.0,0.0,0.0
387,Angus Gunn,Norwich,1,0.0,0.0,7,0,0.0,0.0,0.0,0.0,0.0,0.0,0.0,0.0
388,Fraser Forster,Southampton,1,0.0,0.0,7,0,0.0,0.0,0.0,0.0,0.0,0.0,0.0,0.0
389,Stuart Armstrong,Southampton,3,0.0,0.0,7,0,0.0,0.0,0.0,0.0,0.0,0.0,0.0,0.0
390,Bernd Leno,Arsenal,1,0.0,0.0,7,3,0.0,0.0,0.0,0.0,0.0,0.0,0.0,0.0
391,Nathaniel Chalobah,Watford,3,0.0,0.0,7,0,0.0,0.0,0.0,0.0,0.0,0.0,0.0,0.0
392,Daniel N'Lundulu,Southampton,4,0.0,0.0,7,0,0.0,0.0,0.0,0.0,0.0,0.0,0.0,0.0
393,Alex Kral,West Ham,3,0.0,0.0,4,0,0.0,0.0,0.0,0.0,0.0,,,
394,Mark Noble,West Ham,3,0.0,0.0,7,2,0.0,0.0,0.0,0.0,0.0,0.0,0.0,0.0
395,Darren Randolph,West Ham,1,0.0,0.0,7,0,0.0,0.0,0.0,0.0,0.0,0.0,0.0,0.0
396,Lukasz Fabianski,West Ham,1,0.0,0.0,7,7,0.0,0.0,0.0,0.0,0.0,0.0,0.0,0.0
397,Winston Reid,West Ham,2,0.0,0.0,7,0,0.0,0.0,0.0,0.0,0.0,0.0,0.0,0.0
398,Ryan Fredericks,West Ham,2,0.0,0.0,7,1,0.0,0.0,0.0,0.0,0.0,0.0,0.0,0.0
399,Arthur Masuaku,West Ham,2,0.0,0.0,7,0,0.0,0.0,0.0,0.0,0.0,0.0,0.0,0.0
400,Issa Diop,West Ham,2,0.0,0.0,7,0,0.0,0.0,0.0,0.0,0.0,0.0,0.0,0.0
401,Alphonse Areola,West Ham,1,0.0,0.0,7,0,0.0,0.0,0.0,0.0,0.0,0.0,0.0,0.0
402,Frederik Alves,West Ham,2,0.0,0.0,7,0,0.0,0.0,0.0,0.0,0.0,0.0,0.0,0.0
403,Conor Coventry,West Ham,3,0.0,0.0,7,0,0.0,0.0,0.0,0.0,0.0,0.0,0.0,0.0
404,Jamal Baptiste,West Ham,2,0.0,0.0,7,0,0.0,0.0,0.0,0.0,0.0,0.0,0.0,0.0
405,Rui Pedro dos Santos Patricio,Wolves,1,0.0,0.0,7,0,0.0,0.0,0.0,0.0,0.0,0.0,0.0,0.0
406,Adedapo Awokoya-Mebude,Watford,4,0.0,0.0,7,0,0.0,0.0,0.0,0.0,0.0,0.0,0.0,0.0
407,Willy Boly,Wolves,2,0.0,0.0,7,0,0.0,0.0,0.0,0.0,0.0,0.0,0.0,0.0
408,Jonathan Castro Otto,Wolves,2,0.0,0.0,7,0,0.0,0.0,0.0,0.0,0.0,0.0,0.0,0.0
409,Pedro Lomba Neto,Wolves,3,0.0,0.0,7,0,0.0,0.0,0.0,0.0,0.0,0.0,0.0,0.0
410,Owen Otasowie,Wolves,3,0.0,0.0,7,0,0.0,0.0,0.0,0.0,0.0,0.0,0.0,0.0
411,Andreas Sondergaard,Wolves,1,0.0,0.0,7,0,0.0,0.0,0.0,0.0,0.0,0.0,0.0,0.0
412,Yerson Mosquera Valdelamar,Wolves,2,0.0,0.0,7,0,0.0,0.0,0.0,0.0,0.0,0.0,0.0,0.0
413,John Ruddy,Wolves,1,0.0,0.0,7,0,0.0,0.0,0.0,0.0,0.0,0.0,0.0,0.0
414,Patrick Cutrone,Wolves,4,0.0,0.0,7,0,0.0,0.0,0.0,0.0,0.0,0.0,0.0,0.0
415,Luke Cundle,Wolves,3,0.0,0.0,7,0,0.0,0.0,0.0,0.0,0.0,0.0,0.0,0.0
416,Chem Campbell,Wolves,3,0.0,0.0,7,0,0.0,0.0,0.0,0.0,0.0,0.0,0.0,0.0
417,Christian Marques,Wolves,2,0.0,0.0,7,0,0.0,0.0,0.0,0.0,0.0,0.0,0.0,0.0
418,Robert Elliot,Watford,1,0.0,0.0,5,0,0.0,0.0,0.0,0.0,0.0,0.0,,
419,Matthew Pollock,Watford,2,0.0,0.0,7,0,0.0,0.0,0.0,0.0,0.0,0.0,0.0,0.0
420,William Smallbone,Southampton,3,0.0,0.0,7,0,0.0,0.0,0.0,0.0,0.0,0.0,0.0,0.0
421,Tobi Omole,Spurs,2,0.0,0.0,4,0,0.0,0.0,0.0,0.0,0.0,,,
422,Michael Obafemi,Southampton,4,0.0,0.0,7,0,0.0,0.0,0.0,0.0,0.0,0.0,0.0,0.0
423,Yan Valery,Southampton,2,0.0,0.0,7,0,0.0,0.0,0.0,0.0,0.0,0.0,0.0,0.0
424,Lyanco Evangelista Silveira Neves Vojnovic,Southampton,2,0.0,0.0,5,0,0.0,0.0,0.0,0.0,0.0,0.0,,
425,Joe Hart,Spurs,1,0.0,0.0,7,0,0.0,0.0,0.0,0.0,0.0,0.0,0.0,0.0
426,Toby Alderweireld,Spurs,2,0.0,0.0,7,0,0.0,0.0,0.0,0.0,0.0,0.0,0.0,0.0
427,Erik Lamela,Spurs,3,0.0,0.0,7,0,0.0,0.0,0.0,0.0,0.0,0.0,0.0,0.0
428,Serge Aurier,Spurs,2,0.0,0.0,7,0,0.0,0.0,0.0,0.0,0.0,0.0,0.0,0.0
429,Ryan Sessegnon,Spurs,2,0.0,0.0,7,0,0.0,0.0,0.0,0.0,0.0,0.0,0.0,0.0
430,Pierluigi Gollini,Spurs,1,0.0,0.0,7,0,0.0,0.0,0.0,0.0,0.0,0.0,0.0,0.0
431,Dane Scarlett,Spurs,4,0.0,0.0,7,0,0.0,0.0,0.0,0.0,0.0,0.0,0.0,0.0
432,Dilan Markanday,Spurs,3,0.0,0.0,4,0,0.0,0.0,0.0,0.0,0.0,,,
433,Ben Foster,Watford,1,0.0,0.0,7,3,0.0,0.0,0.0,0.0,0.0,0.0,0.0,0.0
434,Kwadwo Baah,Watford,3,0.0,0.0,7,0,0.0,0.0,0.0,0.0,0.0,0.0,0.0,0.0
435,Andre Gray,Watford,4,0.0,0.0,7,0,0.0,0.0,0.0,0.0,0.0,0.0,0.0,0.0
436,Stipe Perica,Watford,4,0.0,0.0,7,0,0.0,0.0,0.0,0.0,0.0,0.0,0.0,0.0
437,Daniel Bachmann,Watford,1,0.0,0.0,7,4,0.0,0.0,0.0,0.0,0.0,0.0,0.0,0.0
438,Philip Zinckernagel,Watford,3,0.0,0.0,7,0,0.0,0.0,0.0,0.0,0.0,0.0,0.0,0.0
439,Isaac Success Ajayi,Watford,4,0.0,0.0,7,0,0.0,0.0,0.0,0.0,0.0,0.0,0.0,0.0
440,Ayotomiwa Dele-Bashiru,Watford,3,0.0,0.0,7,0,0.0,0.0,0.0,0.0,0.0,0.0,0.0,0.0
441,Ashley Fletcher,Watford,4,0.0,0.0,7,0,0.0,0.0,0.0,0.0,0.0,0.0,0.0,0.0
442,Domingos Quina,Watford,3,0.0,0.0,7,0,0.0,0.0,0.0,0.0,0.0,0.0,0.0,0.0
443,Marc Navarro,Watford,2,0.0,0.0,7,0,0.0,0.0,0.0,0.0,0.0,0.0,0.0,0.0
444,Ben Wilmot,Watford,2,0.0,0.0,7,0,0.0,0.0,0.0,0.0,0.0,0.0,0.0,0.0
445,Joseph Hungbo,Watford,3,0.0,0.0,7,0,0.0,0.0,0.0,0.0,0.0,0.0,0.0,0.0
446,Josh Martin,Norwich,3,0.0,0.0,7,0,0.0,0.0,0.0,0.0,0.0,0.0,0.0,0.0
447,Sam Greenwood,Leeds,4,0.0,0.0,7,0,0.0,0.0,0.0,0.0,0.0,0.0,0.0,0.0
448,Przemyslaw Placheta,Norwich,3,0.0,0.0,7,0,0.0,0.0,0.0,0.0,0.0,0.0,0.0,0.0
449,Bobby Thomas,Burnley,2,0.0,0.0,7,0,0.0,0.0,0.0,0.0,0.0,0.0,0.0,0.0
450,Wayne Hennessey,Burnley,1,0.0,0.0,7,0,0.0,0.0,0.0,0.0,0.0,0.0,0.0,0.0
451,Bailey Peacock-Farrell,Burnley,1,0.0,0.0,7,0,0.0,0.0,0.0,0.0,0.0,0.0,0.0,0.0
452,Josh Benson,Burnley,3,0.0,0.0,7,0,0.0,0.0,0.0,0.0,0.0,0.0,0.0,0.0
453,Will Norris,Burnley,1,0.0,0.0,7,0,0.0,0.0,0.0,0.0,0.0,0.0,0.0,0.0
454,Nick Pope,Burnley,1,0.0,0.0,7,7,0.0,0.0,0.0,0.0,0.0,0.0,0.0,0.0
455,Kevin Long,Burnley,2,0.0,0.0,7,0,0.0,0.0,0.0,0.0,0.0,0.0,0.0,0.0
456,Dale Stephens,Burnley,3,0.0,0.0,7,0,0.0,0.0,0.0,0.0,0.0,0.0,0.0,0.0
457,Phil Bardsley,Burnley,2,0.0,0.0,7,0,0.0,0.0,0.0,0.0,0.0,0.0,0.0,0.0
458,Jeremy Sarmiento,Brighton,3,0.0,0.0,1,0,0.0,0.0,,,,,,
459,Jurgen Locadia,Brighton,4,0.0,0.0,4,0,0.0,0.0,0.0,0.0,0.0,,,
460,Haydon Roberts,Brighton,2,0.0,0.0,6,0,0.0,0.0,0.0,0.0,0.0,0.0,0.0,
461,Moises Caicedo,Brighton,3,0.0,0.0,7,0,0.0,0.0,0.0,0.0,0.0,0.0,0.0,0.0
462,Michal Karbownik,Brighton,2,0.0,0.0,7,0,0.0,0.0,0.0,0.0,0.0,0.0,0.0,0.0
463,Andi Zeqiri,Brighton,4,0.0,0.0,7,0,0.0,0.0,0.0,0.0,0.0,0.0,0.0,0.0
464,Florin Andone,Brighton,4,0.0,0.0,7,0,0.0,0.0,0.0,0.0,0.0,0.0,0.0,0.0
465,Kjell Scherpen,Brighton,1,0.0,0.0,7,0,0.0,0.0,0.0,0.0,0.0,0.0,0.0,0.0
466,Tariq Lamptey,Brighton,2,0.0,0.0,7,0,0.0,0.0,0.0,0.0,0.0,0.0,0.0,0.0
467,Lewis Richardson,Burnley,4,0.0,0.0,7,0,0.0,0.0,0.0,0.0,0.0,0.0,0.0,0.0
468,Owen Dodgson,Burnley,2,0.0,0.0,6,0,0.0,0.0,0.0,0.0,0.0,0.0,0.0,
469,Alireza Jahanbakhsh,Brighton,3,0.0,0.0,7,0,0.0,0.0,0.0,0.0,0.0,0.0,0.0,0.0
470,Connor Roberts,Burnley,2,0.0,0.0,4,0,0.0,0.0,0.0,0.0,0.0,,,
471,Nathaniel Clyne,Crystal Palace,2,0.0,0.0,7,0,0.0,0.0,0.0,0.0,0.0,0.0,0.0,0.0
472,Will Hughes,Crystal Palace,3,0.0,0.0,7,0,0.0,0.0,0.0,0.0,0.0,0.0,0.0,0.0
473,Nathan Ferguson,Crystal Palace,2,0.0,0.0,7,0,0.0,0.0,0.0,0.0,0.0,0.0,0.0,0.0
474,Eberechi Eze,Crystal Palace,3,0.0,0.0,7,0,0.0,0.0,0.0,0.0,0.0,0.0,0.0,0.0
475,Jarosław Jach,Crystal Palace,2,0.0,0.0,7,0,0.0,0.0,0.0,0.0,0.0,0.0,0.0,0.0
476,Jack Butland,Crystal Palace,1,0.0,0.0,7,0,0.0,0.0,0.0,0.0,0.0,0.0,0.0,0.0
477,Martin Kelly,Crystal Palace,2,0.0,0.0,7,0,0.0,0.0,0.0,0.0,0.0,0.0,0.0,0.0
478,James Tomkins,Crystal Palace,2,0.0,0.0,7,0,0.0,0.0,0.0,0.0,0.0,0.0,0.0,0.0
479,Vicente Guaita,Crystal Palace,1,0.0,0.0,7,7,0.0,0.0,0.0,0.0,0.0,0.0,0.0,0.0
480,Marcus Bettinelli,Chelsea,1,0.0,0.0,3,0,0.0,0.0,0.0,0.0,,,,
481,Malang Sarr,Chelsea,2,0.0,0.0,7,0,0.0,0.0,0.0,0.0,0.0,0.0,0.0,0.0
482,Edouard Mendy,Chelsea,1,0.0,0.0,7,6,0.0,0.0,0.0,0.0,0.0,0.0,0.0,0.0
483,Ethan Ampadu,Chelsea,2,0.0,0.0,7,0,0.0,0.0,0.0,0.0,0.0,0.0,0.0,0.0
484,Tammy Abraham,Chelsea,4,0.0,0.0,7,0,0.0,0.0,0.0,0.0,0.0,0.0,0.0,0.0
485,Kepa Arrizabalaga,Chelsea,1,0.0,0.0,7,1,0.0,0.0,0.0,0.0,0.0,0.0,0.0,0.0
486,Michy Batshuayi,Chelsea,4,0.0,0.0,7,0,0.0,0.0,0.0,0.0,0.0,0.0,0.0,0.0
487,Olivier Giroud,Chelsea,4,0.0,0.0,7,0,0.0,0.0,0.0,0.0,0.0,0.0,0.0,0.0
488,Bernardo Fernandes Da Silva Junior,Brighton,2,0.0,0.0,7,0,0.0,0.0,0.0,0.0,0.0,0.0,0.0,0.0
489,Mathew Ryan,Brighton,1,0.0,0.0,7,0,0.0,0.0,0.0,0.0,0.0,0.0,0.0,0.0
490,Jacob Sørensen,Norwich,2,0.0,0.0,7,0,0.0,0.0,0.0,0.0,0.0,0.0,0.0,0.0
491,Mbwana Ally Samatta,Aston Villa,4,0.0,0.0,7,0,0.0,0.0,0.0,0.0,0.0,0.0,0.0,0.0
492,Mahmoud Ahmed Ibrahim Hassan,Aston Villa,3,0.0,0.0,7,0,0.0,0.0,0.0,0.0,0.0,0.0,0.0,0.0
493,Morgan Sanson,Aston Villa,3,0.0,0.0,7,0,0.0,0.0,0.0,0.0,0.0,0.0,0.0,0.0
494,Bjorn Engels,Aston Villa,2,0.0,0.0,7,0,0.0,0.0,0.0,0.0,0.0,0.0,0.0,0.0
495,Emiliano Martinez,Aston Villa,1,0.0,0.0,7,6,0.0,0.0,0.0,0.0,0.0,0.0,0.0,0.0
496,Conor Hourihane,Aston Villa,3,0.0,0.0,7,0,0.0,0.0,0.0,0.0,0.0,0.0,0.0,0.0
497,Jed Steer,Aston Villa,1,0.0,0.0,7,1,0.0,0.0,0.0,0.0,0.0,0.0,0.0,0.0
498,Arthur Okonkwo,Arsenal,1,0.0,0.0,5,0,0.0,0.0,0.0,0.0,0.0,0.0,,
499,Aaron Ramsdale,Arsenal,1,0.0,0.0,6,4,0.0,0.0,0.0,0.0,0.0,0.0,0.0,
500,Karl Hein,Arsenal,1,0.0,0.0,7,0,0.0,0.0,0.0,0.0,0.0,0.0,0.0,0.0
501,William Saliba,Arsenal,2,0.0,0.0,7,0,0.0,0.0,0.0,0.0,0.0,0.0,0.0,0.0
502,Matteo Guendouzi,Arsenal,3,0.0,0.0,7,0,0.0,0.0,0.0,0.0,0.0,0.0,0.0,0.0
503,Konstantinos Mavropanos,Arsenal,2,0.0,0.0,7,0,0.0,0.0,0.0,0.0,0.0,0.0,0.0,0.0
504,Edward Nketiah,Arsenal,4,0.0,0.0,7,0,0.0,0.0,0.0,0.0,0.0,0.0,0.0,0.0
505,Lucas Torreira,Arsenal,3,0.0,0.0,7,0,0.0,0.0,0.0,0.0,0.0,0.0,0.0,0.0
506,Sead Kolasinac,Arsenal,2,0.0,0.0,7,1,0.0,0.0,0.0,0.0,0.0,0.0,0.0,0.0
507,Hector Bellerin,Arsenal,2,0.0,0.0,7,0,0.0,0.0,0.0,0.0,0.0,0.0,0.0,0.0
508,Willian Borges Da Silva,Arsenal,3,0.0,0.0,7,0,0.0,0.0,0.0,0.0,0.0,0.0,0.0,0.0
509,Frederic Guilbert,Aston Villa,2,0.0,0.0,7,0,0.0,0.0,0.0,0.0,0.0,0.0,0.0,0.0
510,Keinan Davis,Aston Villa,4,0.0,0.0,7,0,0.0,0.0,0.0,0.0,0.0,0.0,0.0,0.0
511,Davy Propper,Brighton,3,0.0,0.0,7,0,0.0,0.0,0.0,0.0,0.0,0.0,0.0,0.0
512,Aaron Ramsey,Aston Villa,3,0.0,0.0,7,0,0.0,0.0,0.0,0.0,0.0,0.0,0.0,0.0
513,Jason Steele,Brighton,1,0.0,0.0,7,0,0.0,0.0,0.0,0.0,0.0,0.0,0.0,0.0
514,Finley Stevens,Brentford,2,0.0,0.0,5,0,0.0,0.0,0.0,0.0,0.0,0.0,,
515,Alvaro Fernandez,Brentford,1,0.0,0.0,6,0,0.0,0.0,0.0,0.0,0.0,0.0,0.0,
516,Dominic Thompson,Brentford,2,0.0,0.0,7,0,0.0,0.0,0.0,0.0,0.0,0.0,0.0,0.0
517,Halil Dervisoglu,Brentford,4,0.0,0.0,7,0,0.0,0.0,0.0,0.0,0.0,0.0,0.0,0.0
518,Patrik Gunnarsson,Brentford,1,0.0,0.0,7,0,0.0,0.0,0.0,0.0,0.0,0.0,0.0,0.0
519,Jan Zamburek,Brentford,3,0.0,0.0,7,0,0.0,0.0,0.0,0.0,0.0,0.0,0.0,0.0
520,Ellery Balcombe,Brentford,1,0.0,0.0,7,0,0.0,0.0,0.0,0.0,0.0,0.0,0.0,0.0
521,Mads Bech Sørensen,Brentford,2,0.0,0.0,7,1,0.0,0.0,0.0,0.0,0.0,0.0,0.0,0.0
522,Charlie Goode,Brentford,2,0.0,0.0,7,0,0.0,0.0,0.0,0.0,0.0,0.0,0.0,0.0
523,Pelenda Joshua Dasilva,Brentford,3,0.0,0.0,7,0,0.0,0.0,0.0,0.0,0.0,0.0,0.0,0.0
524,David Raya Martin,Brentford,1,0.0,0.0,7,7,0.0,0.0,0.0,0.0,0.0,0.0,0.0,0.0
525,Tariqe Fosu-Henry,Brentford,3,0.0,0.0,7,0,0.0,0.0,0.0,0.0,0.0,0.0,0.0,0.0
526,Lamare Bogarde,Aston Villa,2,0.0,0.0,2,0,0.0,0.0,0.0,,,,,
527,Viljami Sinisalo,Aston Villa,1,0.0,0.0,4,0,0.0,0.0,0.0,0.0,0.0,,,
528,Cameron Archer,Aston Villa,4,0.0,0.0,5,2,0.0,0.0,0.0,0.0,0.0,0.0,,
529,Jaden Philogene-Bidace,Aston Villa,3,0.0,0.0,7,1,0.0,0.0,0.0,0.0,0.0,0.0,0.0,0.0
530,Reece Hannam,Crystal Palace,2,0.0,0.0,7,0,0.0,0.0,0.0,0.0,0.0,0.0,0.0,0.0
531,Robert Street,Crystal Palace,4,0.0,0.0,7,0,0.0,0.0,0.0,0.0,0.0,0.0,0.0,0.0
532,Scott Banks,Crystal Palace,3,0.0,0.0,7,0,0.0,0.0,0.0,0.0,0.0,0.0,0.0,0.0
533,Eric Bailly,Man Utd,2,0.0,0.0,7,0,0.0,0.0,0.0,0.0,0.0,0.0,0.0,0.0
534,Dean Henderson,Man Utd,1,0.0,0.0,7,0,0.0,0.0,0.0,0.0,0.0,0.0,0.0,0.0
535,Alex Nicolao Telles,Man Utd,2,0.0,0.0,7,0,0.0,0.0,0.0,0.0,0.0,0.0,0.0,0.0
536,David de Gea,Man Utd,1,0.0,0.0,7,7,0.0,0.0,0.0,0.0,0.0,0.0,0.0,0.0
537,Romeo Lavia,Man City,3,0.0,0.0,3,0,0.0,0.0,0.0,0.0,,,,
538,Joshua Wilson-Esbrand,Man City,2,0.0,0.0,3,0,0.0,0.0,0.0,0.0,,,,
539,Luke Mbete,Man City,2,0.0,0.0,3,0,0.0,0.0,0.0,0.0,,,,
540,Scott Carson,Man City,1,0.0,0.0,4,0,0.0,0.0,0.0,0.0,0.0,,,
541,Tommy Doyle,Man City,3,0.0,0.0,6,0,0.0,0.0,0.0,0.0,0.0,0.0,0.0,
542,Samuel Edozie,Man City,3,0.0,0.0,7,0,0.0,0.0,0.0,0.0,0.0,0.0,0.0,0.0
543,Zack Steffen,Man City,1,0.0,0.0,7,0,0.0,0.0,0.0,0.0,0.0,0.0,0.0,0.0
544,Ederson Santana de Moraes,Man City,1,0.0,0.0,7,7,0.0,0.0,0.0,0.0,0.0,0.0,0.0,0.0
545,John Stones,Man City,2,0.0,0.0,7,0,0.0,0.0,0.0,0.0,0.0,0.0,0.0,0.0
546,Ben Woodburn,Liverpool,3,0.0,0.0,7,0,0.0,0.0,0.0,0.0,0.0,0.0,0.0,0.0
547,Ben Davies,Liverpool,2,0.0,0.0,7,0,0.0,0.0,0.0,0.0,0.0,0.0,0.0,0.0
548,Rhys Williams,Liverpool,2,0.0,0.0,7,0,0.0,0.0,0.0,0.0,0.0,0.0,0.0,0.0
549,Neco Williams,Liverpool,2,0.0,0.0,7,0,0.0,0.0,0.0,0.0,0.0,0.0,0.0,0.0
550,Caoimhin Kelleher,Liverpool,1,0.0,0.0,7,0,0.0,0.0,0.0,0.0,0.0,0.0,0.0,0.0
551,Marcus Rashford,Man Utd,3,0.0,0.0,7,0,0.0,0.0,0.0,0.0,0.0,0.0,0.0,0.0
552,Juan Mata,Man Utd,3,0.0,0.0,7,0,0.0,0.0,0.0,0.0,0.0,0.0,0.0,0.0
553,Remi Matthews,Crystal Palace,1,0.0,0.0,6,0,0.0,0.0,0.0,0.0,0.0,0.0,0.0,
554,Tom Heaton,Man Utd,1,0.0,0.0,7,0,0.0,0.0,0.0,0.0,0.0,0.0,0.0,0.0
555,Christoph Zimmermann,Norwich,2,0.0,0.0,7,0,0.0,0.0,0.0,0.0,0.0,0.0,0.0,0.0
556,Jordan Hugill,Norwich,4,0.0,0.0,7,0,0.0,0.0,0.0,0.0,0.0,0.0,0.0,0.0
557,Sam Byram,Norwich,2,0.0,0.0,7,0,0.0,0.0,0.0,0.0,0.0,0.0,0.0,0.0
558,Onel Hernandez,Norwich,3,0.0,0.0,7,0,0.0,0.0,0.0,0.0,0.0,0.0,0.0,0.0
559,Marco Stiepermann,Norwich,3,0.0,0.0,7,0,0.0,0.0,0.0,0.0,0.0,0.0,0.0,0.0
560,Tim Krul,Norwich,1,0.0,0.0,7,7,0.0,0.0,0.0,0.0,0.0,0.0,0.0,0.0
561,Michael McGovern,Norwich,1,0.0,0.0,7,0,0.0,0.0,0.0,0.0,0.0,0.0,0.0,0.0
562,Elliot Anderson,Newcastle,3,0.0,0.0,2,0,0.0,0.0,0.0,,,,,
563,Joe White,Newcastle,3,0.0,0.0,4,0,0.0,0.0,0.0,0.0,0.0,,,
564,Mark Gillespie,Newcastle,1,0.0,0.0,7,0,0.0,0.0,0.0,0.0,0.0,0.0,0.0,0.0
565,Freddie Woodman,Newcastle,1,0.0,0.0,7,4,0.0,0.0,0.0,0.0,0.0,0.0,0.0,0.0
566,Matthew Longstaff,Newcastle,3,0.0,0.0,7,0,0.0,0.0,0.0,0.0,0.0,0.0,0.0,0.0
567,Paul Dummett,Newcastle,2,0.0,0.0,7,0,0.0,0.0,0.0,0.0,0.0,0.0,0.0,0.0
568,Martin Dubravka,Newcastle,1,0.0,0.0,7,0,0.0,0.0,0.0,0.0,0.0,0.0,0.0,0.0
569,Karl Darlow,Newcastle,1,0.0,0.0,7,3,0.0,0.0,0.0,0.0,0.0,0.0,0.0,0.0
570,Anthony Elanga,Man Utd,3,0.0,0.0,7,0,0.0,0.0,0.0,0.0,0.0,0.0,0.0,0.0
571,Andreas Pereira,Man Utd,3,0.0,0.0,7,0,0.0,0.0,0.0,0.0,0.0,0.0,0.0,0.0
572,Nathaniel Phillips,Liverpool,2,0.0,0.0,7,0,0.0,0.0,0.0,0.0,0.0,0.0,0.0,0.0
573,Takumi Minamino,Liverpool,3,0.0,0.0,7,0,0.0,0.0,0.0,0.0,0.0,0.0,0.0,0.0
574,Divock Origi,Liverpool,4,0.0,0.0,7,1,0.0,0.0,0.0,0.0,0.0,0.0,0.0,0.0
575,Alisson Ramses Becker,Liverpool,1,0.0,0.0,7,7,0.0,0.0,0.0,0.0,0.0,0.0,0.0,0.0
576,Danny Ward,Leicester,1,0.0,0.0,7,0,0.0,0.0,0.0,0.0,0.0,0.0,0.0,0.0
577,Nampalys Mendy,Leicester,3,0.0,0.0,7,0,0.0,0.0,0.0,0.0,0.0,0.0,0.0,0.0
578,Kasper Schmeichel,Leicester,1,0.0,0.0,7,7,0.0,0.0,0.0,0.0,0.0,0.0,0.0,0.0
579,Charlie Whitaker,Everton,3,0.0,0.0,1,0,0.0,0.0,,,,,,
580,Ellis Simms,Everton,4,0.0,0.0,3,0,0.0,0.0,0.0,0.0,,,,
581,Andy Lonergan,Everton,1,0.0,0.0,5,0,0.0,0.0,0.0,0.0,0.0,0.0,,
582,Niels Nkounkou,Everton,2,0.0,0.0,5,0,0.0,0.0,0.0,0.0,0.0,0.0,,
583,Moise Kean,Everton,4,0.0,0.0,6,1,0.0,0.0,0.0,0.0,0.0,0.0,0.0,
584,Nathan Broadhead,Everton,4,0.0,0.0,7,0,0.0,0.0,0.0,0.0,0.0,0.0,0.0,0.0
585,Jarrad Branthwaite,Everton,2,0.0,0.0,7,0,0.0,0.0,0.0,0.0,0.0,0.0,0.0,0.0
586,Jean-Philippe Gbamin,Everton,3,0.0,0.0,7,0,0.0,0.0,0.0,0.0,0.0,0.0,0.0,0.0
587,Asmir Begovic,Everton,1,0.0,0.0,7,1,0.0,0.0,0.0,0.0,0.0,0.0,0.0,0.0
588,Joao Virginia,Everton,1,0.0,0.0,7,0,0.0,0.0,0.0,0.0,0.0,0.0,0.0,0.0
589,Bernard Anicio Caldeira Duarte,Everton,3,0.0,0.0,7,0,0.0,0.0,0.0,0.0,0.0,0.0,0.0,0.0
590,James Rodriguez,Everton,3,0.0,0.0,7,0,0.0,0.0,0.0,0.0,0.0,0.0,0.0,0.0
591,Gylfi Sigurdsson,Everton,3,0.0,0.0,7,0,0.0,0.0,0.0,0.0,0.0,0.0,0.0,0.0
592,Fabian Delph,Everton,3,0.0,0.0,7,1,0.0,0.0,0.0,0.0,0.0,0.0,0.0,0.0
593,Dennis Praet,Leicester,3,0.0,0.0,7,0,0.0,0.0,0.0,0.0,0.0,0.0,0.0,0.0
594,James Justin,Leicester,2,0.0,0.0,7,0,0.0,0.0,0.0,0.0,0.0,0.0,0.0,0.0
595,Wesley Fofana,Leicester,2,0.0,0.0,7,0,0.0,0.0,0.0,0.0,0.0,0.0,0.0,0.0
596,Cody Drameh,Leeds,2,0.0,0.0,6,0,0.0,0.0,0.0,0.0,0.0,0.0,0.0,
597,Xherdan Shaqiri,Liverpool,3,0.0,0.0,7,0,0.0,0.0,0.0,0.0,0.0,0.0,0.0,0.0
598,Adrian San Miguel del Castillo,Liverpool,1,0.0,0.0,7,0,0.0,0.0,0.0,0.0,0.0,0.0,0.0,0.0
599,Leo Fuhr Hjelde,Leeds,2,0.0,0.0,2,0,0.0,0.0,0.0,,,,,
600,Stuart McKinstry,Leeds,3,0.0,0.0,3,0,0.0,0.0,0.0,0.0,,,,
601,Nohan Kenneh,Leeds,3,0.0,0.0,3,0,0.0,0.0,0.0,0.0,,,,
602,Joe Gelhardt,Leeds,4,0.0,0.0,5,0,0.0,0.0,0.0,0.0,0.0,0.0,,
603,Liam McCarron,Leeds,3,0.0,0.0,5,0,0.0,0.0,0.0,0.0,0.0,0.0,,
604,Adam Forshaw,Leeds,3,0.0,0.0,7,0,0.0,0.0,0.0,0.0,0.0,0.0,0.0,0.0
605,Patson Daka,Leicester,4,0.0,0.0,7,1,0.0,0.0,0.0,0.0,0.0,0.0,0.0,0.0
606,Runar Alex Runarsson,Arsenal,1,0.0,0.0,7,0,0.0,0.0,0.0,0.0,0.0,0.0,0.0,0.0
607,Kristoffer Klaesson,Leeds,1,0.0,0.0,7,0,0.0,0.0,0.0,0.0,0.0,0.0,0.0,0.0
608,Illan Meslier,Leeds,1,0.0,0.0,7,7,0.0,0.0,0.0,0.0,0.0,0.0,0.0,0.0
609,Ian Carlo Poveda-Ocampo,Leeds,3,0.0,0.0,7,0,0.0,0.0,0.0,0.0,0.0,0.0,0.0,0.0
610,Francisco Casilla Cortes,Leeds,1,0.0,0.0,7,0,0.0,0.0,0.0,0.0,0.0,0.0,0.0,0.0
611,Pablo Hernandez Dominguez,Leeds,3,0.0,0.0,7,0,0.0,0.0,0.0,0.0,0.0,0.0,0.0,0.0
612,Eldin Jakupovic,Leicester,1,0.0,0.0,5,0,0.0,0.0,0.0,0.0,0.0,0.0,,
613,Louie Moulden,Wolves,1,0.0,0.0,2,0,0.0,0.0,0.0,,,,,
