,Name,Team,Position,xA per fixture adj,xA per game adj,Team games,Played,GW5,GW4,GW3,GW2,GW1
1,Trent Alexander-Arnold,Liverpool,2,49.625743708721146,49.625743708721146,4,4,26.904435476401282,57.19083341909214,51.88458473839702,80.26136280313783,9.166193874257587
2,Ashley Westwood,Burnley,3,45.94780352249819,61.26373802999759,4,3,93.02176610655644,92.93434345789173,2.8188526120865665,0.0,88.03801802001448
3,Allan Saint-Maximin,Newcastle,4,41.250378928453856,41.250378928453856,4,4,47.137976761789446,54.85719835900291,3.8450031058217364,0.0,106.29931424899078
4,Conor Gallagher,Crystal Palace,3,39.1117564086958,52.14900854492773,4,3,40.731995046930244,46.14711070437666,95.01518419945447,15.284730730952058,0.0
5,Michail Antonio,West Ham,4,38.488625448050115,38.488625448050115,4,4,24.820164859879185,0.0,97.01483397168116,33.71378787778856,23.225879942730753
6,Wilfried Zaha,Crystal Palace,3,36.40010625730708,36.40010625730708,4,4,28.431009316371295,61.49784103934773,4.602613737991414,79.49997025188917,0.0
7,Kelechi Iheanacho,Leicester,4,35.37292237444375,35.37292237444375,4,4,29.843399189763474,141.491689497775,0.0,0.0,0.0
8,Steven Bergwijn,Spurs,3,33.46766190514826,44.62354920686435,4,3,30.508195072141444,0.0,0.0,89.55954980673987,44.311097813853195
9,Gabriel Fernando de Jesus,Man City,4,29.804875777749736,29.804875777749736,4,4,29.659637948937753,0.0,17.637422373717865,93.60860860546704,7.973472131814037
10,Dwight McNeil,Burnley,3,29.56037328669631,29.56037328669631,4,4,44.88394306842905,63.02315789814365,32.83805322066132,12.294586887904863,10.085695140075414
11,Pierre Lees-Melou,Norwich,3,29.132522547679475,29.132522547679475,4,4,38.35244342432232,0.7071652029818796,1.377577360183779,0.0,114.44534762755224
12,Che Adams,Southampton,4,27.348041900473753,36.464055867298335,4,3,20.023705375128223,0.0,4.486856237924325,53.147273492287,51.75803787168368
13,Joao Filipe Iria Santos Moutinho,Wolves,3,27.22693500257614,27.22693500257614,4,4,13.809092020074333,53.164955220647236,10.374750480004868,5.806711920917704,39.56132238873475
14,Mohamed Salah,Liverpool,3,27.00724232596888,27.00724232596888,4,4,14.641888549206154,22.342100248264618,15.595462739776753,8.452844893634325,61.63856142219982
15,Kieran Tierney,Arsenal,2,26.632423081015887,26.632423081015887,4,4,33.86081435898729,5.173356180422367,33.98463811731245,0.0,67.37169802632873
16,Nicolas Pepe,Arsenal,3,26.26161088981775,35.01548118642366,4,3,44.51914512387197,66.4246645793965,0.0,0.0,38.62177897987449
17,Mason Mount,Chelsea,3,25.969588969826884,34.62611862643585,4,3,40.5179118788095,0.0,26.133859963476862,77.74449591583067,0.0
18,Bruno Miguel Borges Fernandes,Man Utd,3,25.905031350179602,25.905031350179602,4,4,25.898966280946784,25.34094795582574,18.86218612194257,52.32880528908804,7.088186033862052
19,Richarlison de Andrade,Everton,4,25.622275783970032,25.622275783970032,4,4,28.81168353116035,0.0,9.219816760057117,2.9869423926320318,90.28234398319098
20,John McGinn,Aston Villa,3,24.794667437607984,33.05955658347731,4,3,26.722884484556534,95.10081149282496,0.0,4.0778582576069695,0.0
21,Andros Townsend,Everton,3,24.018820819533715,24.018820819533715,4,4,27.008633818429136,29.53600861796474,7.2641940721764495,0.0,59.27508058799368
22,Christian Benteke,Crystal Palace,4,23.814467209784077,23.814467209784077,4,4,18.600751720879185,10.20274843259413,72.19676198805269,12.858358418489484,0.0
23,Ivan Toney,Brentford,4,22.893093847719122,22.893093847719122,4,4,19.47925762332543,80.32273256851946,4.727663092756114,0.0,6.5219797296009165
24,Jack Grealish,Man City,3,22.380550052519624,22.380550052519624,4,4,22.27149063145428,16.027478220223028,60.16620779395375,2.7993801471034363,10.529134048798278
25,Diogo Jota,Liverpool,3,21.788493500541662,21.788493500541662,4,4,11.812560854585092,69.30182870421696,0.0,17.852145297949686,0.0
26,Daniel James,Leeds,3,21.3429697431431,28.457292990857468,4,3,50.84729146212419,0.0,84.0890750837742,0.0,1.2828038887982034
27,Luke Shaw,Man Utd,2,21.20095860795007,21.20095860795007,4,4,21.19599488951171,32.26846655859709,3.7119180326618912,41.023794145914536,7.799655694626764
28,Adama Traore,Wolves,3,21.010194589591098,21.010194589591098,4,4,10.656054764147337,6.534559176723312,59.09979730055849,12.345544575965869,6.060877305116723
29,Ismaila Sarr,Watford,3,20.712929045471228,20.712929045471228,4,4,27.962349265212424,7.027393769255551,8.645549438163046,18.091379124303355,49.08739385016296
30,Ilkay Gundogan,Man City,3,20.671341306240688,20.671341306240688,4,4,20.570610783076045,37.48616184168,38.333188070613794,6.866015312668954,0.0
31,Raul Jimenez,Wolves,4,20.534465919776494,20.534465919776494,4,4,10.414772336381015,27.447979092610012,30.108287580112375,10.805429323672534,13.776167682711064
32,Ken Sema,Watford,3,20.313346542459836,27.084462056613116,4,3,36.563886547615006,0.0,0.0,6.612752962526423,74.64063320731292
33,Matt Ritchie,Newcastle,2,19.52706682545157,19.52706682545157,4,4,22.31413252810443,13.056682999148238,3.832706422737703,28.570085981797185,32.64879189812315
34,Paul Pogba,Man Utd,3,19.101812776752013,19.101812776752013,4,4,19.097340525188322,21.169329944837592,3.0648375569598927,8.910765473574225,43.262318131636334
35,Jack Harrison,Leeds,3,18.871354661918474,18.871354661918474,4,4,33.719204110101536,34.1250820921155,9.59411460908047,22.35573613117173,9.410485815306187
36,Riyad Mahrez,Man City,3,18.801136961792096,25.068182615722794,4,3,24.94602648118564,0.0,71.7202683586547,2.389103145838899,1.0951763426747765
37,Raphael Dias Belloli,Leeds,3,18.742734785012324,18.742734785012324,4,4,33.489387016431714,44.96917425268672,9.543925634803893,3.633026033332223,16.82481321922646
38,Mateo Kovacic,Chelsea,3,17.874042989997633,17.874042989997633,4,4,20.915393567497937,57.54262431200526,0.0,5.690495298338755,8.263052349646522
39,Johann Berg Gudmundsson,Burnley,3,17.59972744763785,17.59972744763785,4,4,26.723111955259416,65.05920995799829,0.0,5.339699832553109,0.0
40,Jarrod Bowen,West Ham,3,17.01385952795938,17.01385952795938,4,4,10.971729789538944,4.137179274607566,38.284948476760185,24.45601670739584,1.1772936530739304
41,Pascal Groß,Brighton,3,17.000137305726092,22.66684974096812,4,3,25.244319299616638,0.0,27.214608064013767,13.99757303266289,26.788368126227706
42,Marcos Alonso,Chelsea,2,16.989228174871315,16.989228174871315,4,4,19.88002344429324,0.0,21.307215402993513,16.714729232982414,29.93496806350932
43,Vladimir Coufal,West Ham,2,16.989040694519105,16.989040694519105,4,4,10.955724865215288,0.0,6.540725207055887,40.995756799951245,20.41968077106928
44,Matthew Lowton,Burnley,2,16.727682109389633,16.727682109389633,4,4,25.39901388195676,13.537413414351605,46.06616815574668,4.291889485279656,3.015257382180586
45,Ruben Santos Gato Alves Dias,Man City,2,16.674073458210966,16.674073458210966,4,4,16.592821442783013,19.177409625906936,8.237136746448622,39.28174746048831,0.0
46,Ruben Diogo da Silva Neves,Wolves,3,16.48100591389013,16.48100591389013,4,4,8.358918373543123,2.9366680817987203,2.3654324292101445,52.99023226807409,7.631690876477562
47,Pablo Fornals,West Ham,3,15.907710027647525,15.907710027647525,4,4,10.258407018517403,0.0,3.200587856940661,32.24100476625086,28.189247487398575
48,Joao Pedro Cavaco Cancelo,Man City,2,15.66081515279813,15.66081515279813,4,4,15.584500699848245,4.598261812901239,0.0,0.0,58.044998798291275
49,Said Benrahma,West Ham,3,15.467750870621618,15.467750870621618,4,4,9.974690500146657,14.888617808717138,13.830467414350473,13.375227971886765,19.776690287532098
50,Pontus Jansson,Brentford,2,15.461595913029118,15.461595913029118,4,4,13.155950526436026,0.0,58.85698213298817,2.9894015191283,0.0
51,Romelu Lukaku,Chelsea,4,15.272269741951796,20.363026322602394,4,3,23.82788885541366,0.0,31.483232353276442,29.605846614530744,0.0
52,Pablo Mari,Arsenal,2,14.755247404756561,29.510494809513123,4,2,37.52003275657882,0.0,0.0,59.020989619026246,0.0
53,Abdoulaye Doucoure,Everton,3,14.589143259864395,14.589143259864395,4,4,16.405169553945257,40.59183940605718,12.167947538010576,5.596786095389819,0.0
54,Reece James,Chelsea,2,14.479928083340978,19.30657077778797,4,3,22.591672543372553,0.0,3.692584689003389,54.22712764436052,0.0
55,Tino Livramento,Southampton,2,14.40306182159304,14.40306182159304,4,4,7.909231695588249,14.905428220260958,42.7068190661112,0.0,0.0
56,Jacob Murphy,Newcastle,3,14.190444999438391,14.190444999438391,4,4,16.21582356329763,0.0,44.928223923055015,0.0,11.83355607469855
57,Patrick Bamford,Leeds,4,13.956370618590142,13.956370618590142,4,4,24.937145104591224,0.0,0.0,52.14605214755835,3.679430326802221
58,Jay Rodriguez,Burnley,4,13.869271378241692,18.49236183765559,4,3,28.078472077200413,0.0,0.0,55.47708551296677,0.0
59,Francisco Machado Mota de Castro Trincao,Wolves,3,13.642018105983748,13.642018105983748,4,4,6.919026447421473,41.68934183141321,0.0,9.16613933495695,3.7125912575648363
60,Todd Cantwell,Norwich,3,13.530528962958972,13.530528962958972,4,4,17.81269870138222,0.0,0.0,0.0,54.122115851835886
61,Ashley Barnes,Burnley,4,12.772404581075724,12.772404581075724,4,4,19.393391095028857,12.21499370852046,6.17599339315273,27.224141482012307,5.4744897406174005
62,Alex Iwobi,Everton,3,12.767569003220352,12.767569003220352,4,4,14.35684951190702,0.0,21.307017820080727,26.308252349021846,3.4550058437788382
63,James Maddison,Leicester,3,12.538720436745322,12.538720436745322,4,4,10.578657747344812,27.280589243034854,0.0,9.610188333492921,13.26410417045351
64,Sergi Canos,Brentford,3,12.42415780323503,12.42415780323503,4,4,10.571457585064515,0.0,0.0,18.894373317081165,30.802257895858958
65,Sadio Mane,Liverpool,3,12.370457777418494,12.370457777418494,4,4,6.70660343227487,23.39756978181876,0.0,14.642543732956275,11.441717594898943
66,Nikola Vlasic,West Ham,3,12.318770040216899,12.318770040216899,1,1,7.944006825648118,12.318770040216899,,,
67,Jakub Moder,Brighton,3,12.217591181536536,12.217591181536536,4,4,13.6068653731551,0.0,0.0,0.0,48.87036472614614
68,Saman Ghoddos,Brentford,3,12.204211468535817,24.408422937071634,4,2,20.7686196428044,0.0,48.81684587414327,0.0,0.0
69,Mason Greenwood,Man Utd,3,11.618173747134708,11.618173747134708,4,4,11.615453618091717,2.360156716117057,22.932617336384375,7.320958244513382,13.858962691524017
70,Jamie Vardy,Leicester,4,11.605883789310301,11.605883789310301,4,4,9.791642861960133,10.224452273082933,4.225141824193851,0.0,31.97394105996442
71,Bryan Mbeumo,Brentford,3,11.539165834297625,11.539165834297625,4,4,9.818436317070924,2.068155031993592,0.0,40.08678881927245,4.0017194859244585
72,Rico Henry,Brentford,2,11.502736044775594,11.502736044775594,4,4,9.787438966516932,3.1472473572364668,13.949592462949818,28.914104358916088,0.0
73,Thiago Alcantara do Nascimento,Liverpool,3,11.447783270237707,15.263711026983609,4,3,8.275171267282111,39.1685571507069,6.622575930243923,0.0,0.0
74,Tyler Roberts,Leeds,3,11.313654688260813,11.313654688260813,4,4,20.215158821348297,0.0,0.0,0.0,45.25461875304325
75,Ricardo Domingos Barbosa Pereira,Leicester,2,11.228718223873248,14.971624298497664,4,3,12.631248154436786,0.0,26.085593540643735,0.0,18.829279354849255
76,Leandro Trossard,Brighton,3,11.136245365337388,11.136245365337388,4,4,12.40255867110388,41.47466741923147,3.0703140421180795,0.0,0.0
77,Konstantinos Tsimikas,Liverpool,2,11.000129951326464,14.666839935101953,4,3,7.951579546954158,0.0,13.738505395201894,30.262014410103962,0.0
78,Emile Smith Rowe,Arsenal,3,10.396141428613866,10.396141428613866,4,4,13.217791482705872,11.294569883211606,0.0,0.0,30.289995831243857
79,Harry Kane,Spurs,4,10.293100656444292,13.724134208592389,4,3,9.382905911203911,0.0,15.089925605674969,26.082477020102196,0.0
80,Bernardo Mota Veiga de Carvalho e Silva,Man City,3,10.185313858488728,13.58041847798497,4,3,13.514241705137183,40.74125543395491,0.0,0.0,0.0
81,Andrew Robertson,Liverpool,2,9.549484838361305,19.09896967672261,4,2,10.354444264838806,16.232384412085814,21.965554941359404,0.0,0.0
82,Max Aarons,Norwich,2,9.535734694478721,9.535734694478721,4,4,12.553623696018512,7.333662648330116,22.774952563896615,0.0,8.034323565688153
83,Federico Fernandez,Newcastle,2,9.52508342076148,12.700111227681973,4,3,14.51277693620578,0.0,0.0,38.10033368304592,0.0
84,Rodrigo Moreno,Leeds,4,9.523605197832875,12.698140263777168,4,3,22.688947934248233,12.632518961460764,25.461901829870737,0.0,0.0
85,Demarai Gray,Everton,3,9.32070969973394,9.32070969973394,4,4,10.480932311350731,0.0,20.001871899482083,7.449134929215342,9.831831970238333
86,Marc Albrighton,Leicester,3,9.27213911393872,18.54427822787744,4,2,15.645421997714962,37.08855645575488,0.0,0.0,0.0
87,James Ward-Prowse,Southampton,3,9.07661062304373,9.07661062304373,4,4,4.9842885712442415,14.536975952158299,3.0597594317902868,8.245520512395078,10.46418659583125
88,Bukayo Saka,Arsenal,3,8.691248570558,8.691248570558,4,4,11.050168191615121,18.91002934646097,0.0,4.8400305880355035,11.014934347735528
89,Declan Rice,West Ham,3,8.61653875976048,8.61653875976048,4,4,5.556548462024348,2.098234831793339,14.58583205917517,13.28269855935588,4.499389588717533
90,Emmanuel Dennis,Watford,4,8.282347408476223,8.282347408476223,4,4,11.18112703728283,0.0,0.0,4.404219440205931,28.725170193698965
91,Alexis Mac Allister,Brighton,3,8.152886742298174,8.152886742298174,4,4,9.079959433630405,23.063555333535206,0.0,9.547991635657487,0.0
92,Adam Armstrong,Southampton,4,8.106127140409487,8.106127140409487,4,4,4.4513616966689975,14.89491280130542,6.860612944775294,10.668982815557237,0.0
93,Daniel Castelo Podence,Wolves,3,8.038906234373254,16.077812468746508,4,2,8.154424721012926,32.155624937493016,0.0,0.0,0.0
94,Lucas Rodrigues Moura da Silva,Spurs,3,7.816287254380277,7.816287254380277,4,4,5.343833481085911,0.0,0.0,0.0,31.265149017521107
95,Nathan Redmond,Southampton,3,7.670720368414461,10.227627157885948,4,3,5.616352542938931,3.543103126510304,27.13977834714754,0.0,0.0
96,Moussa Sissoko,Watford,3,7.57501442815253,15.15002885630506,4,2,20.45246219537808,15.006497499213229,15.29356021339689,0.0,0.0
97,Harvey Elliott,Liverpool,3,7.348638138359517,7.348638138359517,4,4,3.984040255263114,3.828501683533582,6.580461541402879,18.985589328501607,0.0
98,Pierre-Emile Højbjerg,Spurs,3,7.202620860619593,7.202620860619593,4,4,4.924282495500287,8.344056619758417,5.715522354392213,0.0,14.750904468327741
99,Yves Bissouma,Brighton,3,7.0613840164627435,7.0613840164627435,4,4,7.864340869856635,0.0,0.0,28.245536065850974,0.0
100,Youri Tielemans,Leicester,3,6.922603989401072,6.922603989401072,4,4,5.840457062083327,0.0,5.792643726200092,0.0,21.897772231404193
101,Joel Ward,Crystal Palace,2,6.848005741398772,6.848005741398772,4,4,5.348767766115758,0.0,0.0,27.39202296559509,0.0
102,Anwar El Ghazi,Aston Villa,3,6.762090883463263,9.016121177951018,4,3,7.287961171795195,0.0,27.048363533853053,0.0,0.0
103,Vitaly Janelt,Brentford,3,6.7173932847871685,6.7173932847871685,4,4,5.715690296032325,6.123747159907663,13.108381006732627,7.637444972508386,0.0
104,Lucas Digne,Everton,2,6.641163858627094,6.641163858627094,4,4,7.467842161509043,5.329497545252096,0.0,5.866487843491578,15.3686700457647
105,Marc Cucurella,Brighton,2,6.606858743118602,6.606858743118602,1,1,7.35813108503124,6.606858743118602,,,
106,Allan Marques Loureiro,Everton,3,6.203784289316987,6.203784289316987,4,4,6.976018490567138,0.0,21.10527795817463,3.70985919909332,0.0
107,Heung-Min Son,Spurs,3,6.178313199359151,8.237750932478868,4,3,5.6319794563790655,0.0,8.908907859008265,0.0,15.804344938428336
108,Gabriel Teodoro Martinelli Silva,Arsenal,3,6.060401208140256,12.120802416280512,4,2,15.41054823480161,0.0,0.0,5.511646596175302,18.729958236385723
109,Grant Hanley,Norwich,2,5.962890722175867,5.962890722175867,4,4,7.850038687634436,3.9439263936574127,0.0,0.0,19.907636495046056
110,Jordan Ayew,Crystal Palace,4,5.958748335051024,5.958748335051024,4,4,4.654196013335511,4.849063243498159,0.0,0.0,18.98593009670594
111,Ayoze Perez,Leicester,3,5.949050713962215,11.89810142792443,4,2,10.038180808334396,0.0,0.0,8.699478469266692,15.096724386582169
112,Benjamin Mendy,Man City,2,5.597101631512837,22.388406526051348,4,1,22.279308820741292,0.0,0.0,0.0,22.388406526051348
113,Robert Sanchez,Brighton,1,5.460469477190936,5.460469477190936,4,4,6.081384779238899,0.0,0.0,0.0,21.841877908763745
114,Victor Lindelof,Man Utd,2,5.4526834832355044,10.905366966471009,4,2,10.902813724795028,0.0,0.0,0.0,21.810733932942018
115,Jorge Luiz Frello Filho,Chelsea,3,5.432795824685728,5.432795824685728,4,4,6.3572110075347075,2.74219099331056,0.0,6.113835912070379,12.875156393361975
116,Joel Veltman,Brighton,2,5.316244561329245,10.63248912265849,4,2,11.841519815476028,0.0,21.26497824531698,0.0,0.0
117,Japhet Tanganga,Spurs,2,5.290526959151265,5.290526959151265,4,4,3.6170235531014545,0.0,21.16210783660506,0.0,0.0
118,Emiliano Buendia Stati,Aston Villa,3,5.2325899885301475,6.97678665137353,4,3,5.639514954995821,0.0,17.80579101734149,3.124568936779098,0.0
119,Virgil van Dijk,Liverpool,2,5.207841444203192,5.207841444203192,4,4,2.8234142933815587,6.565398847874196,0.0,10.195438045139054,4.070528883799516
120,Aaron Cresswell,West Ham,2,4.95648362090879,4.95648362090879,4,4,3.1962882322803106,2.183745416221772,15.714598130367428,0.0,1.9275909370459592
121,Michael Keane,Everton,2,4.954802259136559,4.954802259136559,4,4,5.571565767746241,6.590710268605944,0.0,0.0,13.228498767940293
122,Cedric Soares,Arsenal,2,4.865580896361665,6.487441195148887,4,3,8.24821839550785,7.060584394319291,0.0,12.40173919112737,0.0
123,Sergio Reguilon,Spurs,2,4.86209976209318,4.86209976209318,4,4,3.324116764323474,4.827640865065576,3.848415284314229,0.0,10.772342898992918
124,Joshua King,Watford,4,4.610927923869722,6.147903898492963,4,3,8.2996391133879,0.0,6.018183210862041,12.425528484616846,0.0
125,N'Golo Kante,Chelsea,3,4.46260539042422,8.92521078084844,4,2,10.443876422294842,0.0,17.85042156169688,0.0,0.0
126,Douglas Luiz Soares de Paulo,Aston Villa,3,4.355365563811559,5.807154085082079,4,3,4.6940710595382775,0.0,17.421462255246237,0.0,0.0
127,Nelson Cabral Semedo,Wolves,2,4.3377370652830365,5.783649420377382,4,3,2.9333800168944486,0.0,2.640629894967989,14.710318366164158,0.0
128,Jacob Ramsey,Aston Villa,3,4.27267294811244,5.6968972641499205,4,3,4.60494765336177,10.134165137637169,0.0,0.0,6.95652665481259
129,Mohamed Elyounoussi,Southampton,3,4.142736386314359,8.285472772628719,4,2,4.549846739390057,9.57890422365785,6.9920413215995865,0.0,0.0
130,Marc Guehi,Crystal Palace,2,4.1001505637716225,4.1001505637716225,4,4,3.2025021590071616,0.0,0.0,0.0,16.40060225508649
131,Chris Wood,Burnley,4,4.078034610201946,4.078034610201946,4,4,6.192014948531249,0.0,4.543518479994343,0.0,11.768619960813439
132,Jonjo Shelvey,Newcastle,3,3.976439092552939,15.905756370211757,4,1,18.175958467148774,0.0,0.0,0.0,15.905756370211757
133,Miguel Almiron,Newcastle,3,3.9749627645811723,3.9749627645811723,4,4,4.54230257498458,1.0959334221882995,0.0,12.23855278527045,2.5653648508659392
134,Neal Maupay,Brighton,4,3.95062611820514,3.95062611820514,4,4,4.39985566150914,0.0,12.777092286962205,3.025412185858355,0.0
135,Naby Keita,Liverpool,3,3.9348109571827443,5.246414609576992,4,3,2.844326609477238,0.0,0.0,0.0,15.739243828730977
136,Danny Ings,Aston Villa,4,3.897999460364751,3.897999460364751,4,4,3.150852584400709,0.0,15.591997841459005,0.0,0.0
137,Josh Brownhill,Burnley,3,3.8700840906228056,3.8700840906228056,4,4,5.876266592063741,0.0,0.0,12.884134634781985,2.5962017277092375
138,Kalvin Phillips,Leeds,3,3.7834234985695816,5.044564664759442,4,3,9.013592750756835,0.0,2.135568104461514,12.998125889816812,0.0
139,Reiss Nelson,Arsenal,3,3.7431463683421726,14.97258547336869,4,1,19.036342868448767,0.0,0.0,0.0,14.97258547336869
140,Granit Xhaka,Arsenal,3,3.5938591055786246,4.7918121407714995,4,3,6.092373226732927,0.0,0.0,5.4233028357934145,8.952133586521084
141,Seamus Coleman,Everton,2,3.4593043954260168,3.4593043954260168,4,4,3.8899114317285406,0.0,0.0,6.605920607658648,7.231296974045419
142,Rodrigo Hernandez,Man City,3,3.449516891693878,4.5993558555918375,4,3,4.576943399878852,0.0,6.692598230446072,7.105469336329439,0.0
143,Calum Chambers,Arsenal,2,3.4325060269568013,6.865012053913603,4,2,8.728266970776572,0.0,0.0,0.0,13.730024107827205
144,Raheem Sterling,Man City,3,3.4094402409107296,3.4094402409107296,4,4,3.3928261908557467,7.536899589490354,6.100861374152564,0.0,0.0
145,Cesar Azpilicueta,Chelsea,2,3.4093376842068133,3.4093376842068133,4,4,3.989452163094352,13.637350736827253,0.0,0.0,0.0
146,Mohammed Salisu,Southampton,2,3.2589789009730783,3.2589789009730783,4,4,1.7896208138318392,10.003229808544019,3.0326857953482955,0.0,0.0
147,Milot Rashica,Norwich,3,3.2500004561649094,3.2500004561649094,4,4,4.278567309785363,0.0,1.9018668802810614,0.0,11.098134944378575
148,Romain Perraud,Southampton,2,3.247134515906355,4.32951268787514,4,3,2.377488856296952,2.27408119212173,0.0,0.0,10.714456871503689
149,Stuart Dallas,Leeds,3,3.201884703713555,3.201884703713555,4,4,5.721105124445452,0.0,0.0,9.42325021280145,3.3842886020527696
150,Raphael Varane,Man Utd,2,3.1350150127732768,4.702522519159915,3,2,4.701421531314657,0.0,9.40504503831983,0.0,
151,Mathias Jensen,Brentford,3,3.107002817756165,6.21400563551233,4,2,5.287368210347881,0.0,12.42801127102466,0.0,0.0
152,Moussa Djenepo,Southampton,3,3.074242425413206,3.074242425413206,4,4,1.6881754679791334,6.7171983070553045,0.7513356052000462,4.828435789397473,0.0
153,Giovani Lo Celso,Spurs,3,3.0101628910821328,6.0203257821642655,4,2,4.115971871906963,0.0,0.0,12.040651564328531,0.0
154,Jordan Henderson,Liverpool,3,2.898943983170857,3.8652586442278096,4,3,2.0955373969529836,7.590041527207062,0.0,4.005734405476367,0.0
155,Aaron Wan-Bissaka,Man Utd,2,2.8240993279252056,2.8240993279252056,4,4,2.8234381298084124,0.7461855773705606,0.0,10.550211734330261,0.0
156,Pierre-Emerick Aubameyang,Arsenal,4,2.818937285935385,3.758583047913847,4,3,4.778712115345112,11.27574914374154,0.0,0.0,0.0
157,Steven Alzate,Brighton,3,2.781629163143156,11.126516652572624,4,1,12.391723696936118,0.0,0.0,0.0,11.126516652572624
158,Jeffrey Schlupp,Crystal Palace,3,2.7751013716720134,3.7001351622293512,4,3,2.890062367553056,0.0,0.0,11.100405486688054,0.0
159,Oghenekaro Peter Etebo,Watford,3,2.7284947465726623,2.7284947465726623,4,4,3.683454083411905,0.0,6.358143319972936,0.0,4.555835666317713
160,Charlie Taylor,Burnley,2,2.7112701602449256,2.7112701602449256,4,4,4.116744208041906,9.795329637126427,0.0,0.0,1.0497510038532758
161,Mateusz Klich,Leeds,3,2.686905967636169,5.373811935272338,4,2,9.601889463738516,0.0,0.0,10.747623870544675,0.0
162,Leon Bailey,Aston Villa,3,2.6805651837178384,5.361130367435677,4,2,4.3335386896034,7.814545987244506,0.0,0.0,2.907714747626847
163,Dominic Calvert-Lewin,Everton,4,2.6237655976301513,3.498354130173535,4,3,3.9338219964655394,0.0,4.0473341568064045,6.4477282337142,0.0
164,Thiago Emiliano da Silva,Chelsea,2,2.5849947794438926,5.169989558887785,4,2,6.049687047552938,10.33997911777557,0.0,0.0,0.0
165,Jack Stephens,Southampton,2,2.417382109945175,2.417382109945175,4,4,1.3274701894053011,0.0,9.6695284397807,0.0,0.0
166,Frank Onyeka,Brentford,3,2.3293067311393463,3.105742308185795,4,3,2.642611563785641,0.0,0.0,5.694684263210058,3.6225426613473273
167,James McArthur,Crystal Palace,3,2.283183097425701,2.283183097425701,4,4,1.7833244621603455,0.0,0.0,0.0,9.132732389702804
168,Ainsley Maitland-Niles,Arsenal,3,2.277748249366991,4.555496498733982,4,2,5.7919183991411725,9.110992997467964,0.0,0.0,0.0
169,Hakim Ziyech,Chelsea,3,2.2393160599247746,4.478632119849549,4,2,5.240691962255559,8.957264239699098,0.0,0.0,0.0
170,Adam Masina,Watford,2,2.1194886437167213,2.8259848582889617,4,3,3.8150652402758727,0.0,5.98984154281403,2.4881130320528553,0.0
171,Roberto Firmino,Liverpool,4,2.0831836154600927,2.77757815394679,4,3,1.505854958308472,0.0,0.0,2.507518412106542,5.825216049733828
172,Albert Sambi Lokonga,Arsenal,3,2.0388548955388717,2.7184731940518287,4,3,3.4563027135629674,0.0,0.0,0.0,8.155419582155487
173,Liam Cooper,Leeds,2,2.0223147552508256,2.0223147552508256,4,4,3.613457816294376,0.0,0.0,5.159105185999721,2.930153835003582
174,Solomon March,Brighton,3,1.950182749455195,2.60024366594026,4,3,2.8959199054979936,0.0,0.0,2.082318881943452,5.718412115877328
175,Joelinton Cassio Apolinario de Lira,Newcastle,4,1.942799227313307,1.942799227313307,4,4,2.2200917230058943,0.0,7.771196909253228,0.0,0.0
176,Kai Havertz,Chelsea,3,1.7868555297485629,1.7868555297485629,4,4,2.0908972118879388,7.1474221189942515,0.0,0.0,0.0
177,Ezri Konsa Ngoyo,Aston Villa,2,1.7100496169570343,1.7100496169570343,4,4,1.3822768088680872,0.0,0.0,6.840198467828137,0.0
178,Matthew Cash,Aston Villa,2,1.651628485613591,1.651628485613591,4,4,1.3350535153430858,0.0,0.0,0.0,6.606513942454364
179,Kieran Dowell,Norwich,3,1.6480112823273274,3.296022564654655,4,2,4.339154590177311,0.0,0.0,0.0,6.59204512930931
180,Dimitris Giannoulis,Norwich,2,1.6446503541306405,3.289300708261281,4,2,4.33030538679606,0.0,0.0,0.0,6.578601416522562
181,Romain Saiss,Wolves,2,1.636972878595159,1.636972878595159,4,4,0.8302480287534268,0.0,0.0,4.332168753802207,2.2157227605784287
182,Ki-Jana Hoever,Wolves,2,1.6064002389886056,6.4256009559544225,4,1,3.258968182671192,0.0,0.0,0.0,6.4256009559544225
183,Lukas Rupp,Norwich,3,1.6033472908581023,1.6033472908581023,4,4,2.11077795139556,0.0,6.413389163432409,0.0,0.0
184,Ben White,Arsenal,2,1.573839271389061,3.147678542778122,4,2,4.002000061149226,6.295357085556244,0.0,0.0,0.0
185,Andre Filipe Tavares Gomes,Everton,3,1.5458946718136215,3.091789343627243,4,2,3.476648868533867,6.183578687254486,0.0,0.0,0.0
186,Christos Tzolis,Norwich,3,1.5294858995902705,6.117943598361082,4,1,8.054163018163637,6.117943598361082,0.0,0.0,0.0
187,Tom Cleverley,Watford,3,1.503174391965672,2.004232522620896,4,3,2.705703750695596,0.0,0.0,0.0,6.012697567862688
188,Nemanja Matic,Man Utd,3,1.494578783082255,1.99277171077634,4,3,1.9923051489633983,5.97831513232902,0.0,0.0,0.0
189,Frederico Rodrigues de Paula Santos,Man Utd,3,1.490051519112975,1.9867353588173,4,3,1.9862702102777896,0.0,0.0,5.9602060764519,0.0
190,Sean Longstaff,Newcastle,3,1.4546898730079525,1.4546898730079525,4,4,1.6623153340819379,0.0,5.81875949203181,0.0,0.0
191,Tyrick Mitchell,Crystal Palace,2,1.3318773378014641,1.3318773378014641,4,4,1.0402886390392267,2.093353885796035,3.234155465409821,0.0,0.0
192,Joel Matip,Liverpool,2,1.3175991572049965,1.3175991572049965,4,4,0.7143320957939164,5.270396628819986,0.0,0.0,0.0
193,Hugo Lloris,Spurs,1,1.2736382157945343,1.2736382157945343,4,4,0.8707600320777853,0.0,0.0,5.094552863178137,0.0
194,Ashley Young,Aston Villa,2,1.2340113109914002,1.6453484146552002,4,3,1.3299771734885864,0.0,0.0,0.0,4.936045243965601
195,Fernando Luiz Rosa,Man City,3,1.2095478771105779,2.4190957542211557,4,2,2.4073076086287606,0.0,0.0,0.0,4.8381915084423115
196,Adam Idah,Norwich,4,1.1862212412547115,1.5816283216729488,4,3,2.0821853180063665,4.744884965018846,0.0,0.0,0.0
197,Ollie Watkins,Aston Villa,4,1.1555566874762129,2.3111133749524257,4,2,1.868132005752123,4.6222267499048515,0.0,0.0,0.0
198,Tyrone Mings,Aston Villa,2,1.118380312431463,1.4911737499086175,4,3,1.205353851755128,0.0,0.0,4.473521249725852,0.0
199,Kristoffer Ajer,Brentford,2,1.1121675647294462,1.1121675647294462,4,4,0.9463202596284199,0.0,0.0,0.0,4.448670258917785
200,Fernando Marcal,Wolves,2,1.0947472563167555,1.0947472563167555,4,4,0.555239346616562,0.0,0.0,2.674747740414783,1.7042412848522392
201,Cristiano Ronaldo dos Santos Aveiro,Man Utd,4,1.094532546738925,1.094532546738925,1,1,1.0942762870346305,1.094532546738925,,,
202,Kyle Walker-Peters,Southampton,2,1.081814603400483,2.163629206800966,4,2,1.1881254772006478,0.0,4.327258413601932,0.0,0.0
203,Troy Deeney,Watford,4,1.0415766699112006,2.083153339822401,4,2,2.8122464540496144,0.0,0.0,4.166306679644802,0.0
204,Enock Mwepu,Brighton,3,0.9870280611885244,1.9740561223770487,4,2,2.1985279665298947,0.0,0.0,0.0,3.9481122447540975
205,Callum Wilson,Newcastle,4,0.9803217650913102,1.3070956867884136,4,3,1.4936552756553516,0.0,0.0,3.9212870603652408,0.0
206,Ciaran Clark,Newcastle,2,0.9730352650283445,1.946070530056689,4,2,2.223829933337629,2.4295054280143096,0.0,0.0,1.462635632099068
207,Joshua Sargent,Norwich,4,0.96321782285859,1.28429043047812,4,3,1.6907453171862068,0.0,3.85287129143436,0.0,0.0
208,Timo Werner,Chelsea,4,0.9499276376403155,1.2665701835204206,4,3,1.4820829223702787,0.0,0.0,0.0,3.799710550561262
209,Martin Ødegaard,Arsenal,3,0.9397344858546783,1.4096017287820175,3,2,1.792186250316011,2.819203457564035,0.0,0.0,
210,Jadon Sancho,Man Utd,3,0.9245855032858539,0.9245855032858539,4,4,0.9243690327858463,2.34258225562008,0.0,1.3557597575233356,0.0
211,Craig Dawson,West Ham,2,0.9192700403480895,0.9192700403480895,4,4,0.5928097895567555,0.0,0.0,3.677080161392358,0.0
212,James Milner,Liverpool,3,0.8416714965415838,3.366685986166335,4,1,1.8252378526711817,0.0,0.0,0.0,3.366685986166335
213,Callum Hudson-Odoi,Chelsea,3,0.7835947368141405,3.134378947256562,4,1,3.6677079331316707,3.134378947256562,0.0,0.0,0.0
214,Imran Louza,Watford,3,0.7398664152385948,2.959465660954379,4,1,3.995263647567157,0.0,0.0,2.959465660954379,0.0
215,Ethan Pinnock,Brentford,2,0.7187163762538868,0.7187163762538868,4,4,0.6115408229345639,0.0,0.0,0.0,2.8748655050155474
216,Matt Targett,Aston Villa,2,0.6516924334393421,0.8689232445857895,4,3,0.7023728655397999,1.1908571505982763,0.0,0.0,1.415912583159092
217,Harvey Barnes,Leicester,3,0.6252556308670559,0.6252556308670559,4,4,0.5275151764416913,0.0,0.0,2.5010225234682237,0.0
218,Pascal Struijk,Leeds,2,0.616297053669753,0.616297053669753,4,4,1.1011952516095624,0.0,0.0,2.465188214679012,0.0
219,Daniel Amartey,Leicester,2,0.5637393506960997,0.7516524675947996,4,3,0.634153559746846,0.0,2.254957402784399,0.0,0.0
220,Danny Rose,Watford,2,0.5482104881189095,2.192841952475638,4,1,2.960325525372317,2.192841952475638,0.0,0.0,0.0
221,Jordan Pickford,Everton,1,0.5218181833553946,0.5218181833553946,4,4,0.5867730285319382,0.0,2.0872727334215786,0.0,0.0
222,Joseph Willock,Newcastle,3,0.45889172471599465,0.6118556329546595,4,3,0.6991847676796057,0.0,0.0,1.8355668988639786,0.0
223,Joachim Andersen,Crystal Palace,2,0.38795346308505585,0.38795346308505585,4,4,0.3030185803667963,0.0,1.5518138523402234,0.0,0.0
224,Teemu Pukki,Norwich,4,0.38547886571188106,0.38547886571188106,4,4,0.5074760129093068,0.0,1.5419154628475242,0.0,0.0
225,Luke Ayling,Leeds,2,0.3726747189981912,0.3726747189981912,4,4,0.6658925732519325,0.0,0.0,1.4906988759927648,0.0
226,Luke Thomas,Leicester,2,0.3464455358480928,0.4619273811307904,4,3,0.3897185278004606,0.0,1.3857821433923712,0.0,0.0
227,Aymeric Laporte,Man City,2,0.34298635370279473,0.457315138270393,4,3,0.45508666202172404,1.371945414811179,0.0,0.0,0.0
228,Ferran Torres,Man City,3,0.29832759723684094,0.29832759723684094,4,4,0.2968738601764865,0.0,1.1933103889473637,0.0,0.0
229,Max Kilman,Wolves,2,0.28382411761280807,0.28382411761280807,4,4,0.14395132457108478,0.0,0.0,1.1352964704512323,0.0
230,Taylor Richards,Brighton,3,0.26205910219200057,1.0482364087680023,4,1,1.167432391656764,0.0,1.0482364087680023,0.0,0.0
231,Scott McTominay,Man Utd,3,0.25270956497855745,0.5054191299571149,4,2,0.505300797654276,0.0,0.0,0.0,1.0108382599142298
232,Oriol Romeu Vidal,Southampton,3,0.24706611159443773,0.24706611159443773,4,4,0.13567275798253417,0.0,0.9882644463777509,0.0,0.0
233,Ben Mee,Burnley,2,0.1923246591169121,0.1923246591169121,4,4,0.29202232890419827,0.0,0.7692986364676484,0.0,0.0
234,Brandon Williams,Norwich,2,0.17565861908732824,0.3513172381746565,4,2,0.46250284296633737,0.702634476349313,0.0,0.0,0.0
235,Kevin De Bruyne,Man City,3,0.15756695259580974,0.630267810383239,4,1,0.6271965434860798,0.0,0.0,0.0,0.630267810383239
236,Tom Heaton,Man Utd,1,0.0,0.0,4,0,0.0,0.0,0.0,0.0,0.0
237,Przemyslaw Placheta,Norwich,3,0.0,0.0,4,0,0.0,0.0,0.0,0.0,0.0
238,Jamaal Lascelles,Newcastle,2,0.0,0.0,4,3,0.0,0.0,0.0,0.0,0.0
239,Ryan Fraser,Newcastle,3,0.0,0.0,4,3,0.0,0.0,0.0,0.0,0.0
240,Jeff Hendrick,Newcastle,3,0.0,0.0,4,1,0.0,0.0,0.0,0.0,0.0
241,Josh Martin,Norwich,3,0.0,0.0,4,0,0.0,0.0,0.0,0.0,0.0
242,Karl Darlow,Newcastle,1,0.0,0.0,4,0,0.0,0.0,0.0,0.0,0.0
243,Martin Dubravka,Newcastle,1,0.0,0.0,4,0,0.0,0.0,0.0,0.0,0.0
244,Dwight Gayle,Newcastle,4,0.0,0.0,4,0,0.0,0.0,0.0,0.0,0.0
245,Eric Bailly,Man Utd,2,0.0,0.0,4,0,0.0,0.0,0.0,0.0,0.0
246,Anthony Elanga,Man Utd,3,0.0,0.0,4,0,0.0,0.0,0.0,0.0,0.0
247,Juan Mata,Man Utd,3,0.0,0.0,4,0,0.0,0.0,0.0,0.0,0.0
248,Andreas Pereira,Man Utd,3,0.0,0.0,4,0,0.0,0.0,0.0,0.0,0.0
249,Jose Diogo Dalot Teixeira,Man Utd,2,0.0,0.0,4,1,0.0,0.0,0.0,0.0,0.0
250,Jacob Sørensen,Norwich,2,0.0,0.0,4,0,0.0,0.0,0.0,0.0,0.0
251,Sam Byram,Norwich,2,0.0,0.0,4,0,0.0,0.0,0.0,0.0,0.0
252,Paul Dummett,Newcastle,2,0.0,0.0,4,0,0.0,0.0,0.0,0.0,0.0
253,Freddie Woodman,Newcastle,1,0.0,0.0,4,4,0.0,0.0,0.0,0.0,0.0
254,Kenny McLean,Norwich,3,0.0,0.0,4,3,0.0,0.0,0.0,0.0,0.0
255,Marco Stiepermann,Norwich,3,0.0,0.0,4,0,0.0,0.0,0.0,0.0,0.0
256,Tim Krul,Norwich,1,0.0,0.0,4,4,0.0,0.0,0.0,0.0,0.0
257,Michael McGovern,Norwich,1,0.0,0.0,4,0,0.0,0.0,0.0,0.0,0.0
258,Billy Gilmour,Norwich,3,0.0,0.0,4,3,0.0,0.0,0.0,0.0,0.0
259,Joe White,Newcastle,3,0.0,0.0,1,0,0.0,0.0,,,
260,Mark Gillespie,Newcastle,1,0.0,0.0,4,0,0.0,0.0,0.0,0.0,0.0
261,Matthew Longstaff,Newcastle,3,0.0,0.0,4,0,0.0,0.0,0.0,0.0,0.0
262,Onel Hernandez,Norwich,3,0.0,0.0,4,0,0.0,0.0,0.0,0.0,0.0
263,Jamal Lewis,Newcastle,2,0.0,0.0,4,1,0.0,0.0,0.0,0.0,0.0
264,Andrew Omobamidele,Norwich,2,0.0,0.0,4,1,0.0,0.0,0.0,0.0,0.0
265,Isaac Hayden,Newcastle,3,0.0,0.0,4,3,0.0,0.0,0.0,0.0,0.0
266,Fabian Schar,Newcastle,2,0.0,0.0,4,2,0.0,0.0,0.0,0.0,0.0
267,Jordan Hugill,Norwich,4,0.0,0.0,4,0,0.0,0.0,0.0,0.0,0.0
268,Emil Krafth,Newcastle,2,0.0,0.0,4,1,0.0,0.0,0.0,0.0,0.0
269,Javier Manquillo,Newcastle,2,0.0,0.0,4,1,0.0,0.0,0.0,0.0,0.0
270,Christoph Zimmermann,Norwich,2,0.0,0.0,4,0,0.0,0.0,0.0,0.0,0.0
271,Bernd Leno,Arsenal,1,0.0,0.0,4,3,0.0,0.0,0.0,0.0,0.0
272,Angus Gunn,Norwich,1,0.0,0.0,4,0,0.0,0.0,0.0,0.0,0.0
273,Ben Gibson,Norwich,2,0.0,0.0,4,3,0.0,0.0,0.0,0.0,0.0
274,Arthur Masuaku,West Ham,2,0.0,0.0,4,0,0.0,0.0,0.0,0.0,0.0
275,Manuel Lanzini,West Ham,3,0.0,0.0,4,1,0.0,0.0,0.0,0.0,0.0
276,Ryan Fredericks,West Ham,2,0.0,0.0,4,1,0.0,0.0,0.0,0.0,0.0
277,Andriy Yarmolenko,West Ham,3,0.0,0.0,4,4,0.0,0.0,0.0,0.0,0.0
278,Winston Reid,West Ham,2,0.0,0.0,4,0,0.0,0.0,0.0,0.0,0.0
279,Angelo Ogbonna,West Ham,2,0.0,0.0,4,4,0.0,0.0,0.0,0.0,0.0
280,Lukasz Fabianski,West Ham,1,0.0,0.0,4,4,0.0,0.0,0.0,0.0,0.0
281,Darren Randolph,West Ham,1,0.0,0.0,4,0,0.0,0.0,0.0,0.0,0.0
282,Mark Noble,West Ham,3,0.0,0.0,4,1,0.0,0.0,0.0,0.0,0.0
283,Kurt Zouma,West Ham,2,0.0,0.0,4,0,0.0,0.0,0.0,0.0,0.0
284,Robert Elliot,Watford,1,0.0,0.0,2,0,0.0,0.0,0.0,,
285,Ozan Tufan,Watford,3,0.0,0.0,3,0,0.0,0.0,0.0,0.0,
286,Juraj Kucka,Watford,3,0.0,0.0,4,3,0.0,0.0,0.0,0.0,0.0
287,Juan Camilo Hernandez Suarez,Watford,4,0.0,0.0,4,4,0.0,0.0,0.0,0.0,0.0
288,Adedapo Awokoya-Mebude,Watford,4,0.0,0.0,4,0,0.0,0.0,0.0,0.0,0.0
289,Matthew Pollock,Watford,2,0.0,0.0,4,0,0.0,0.0,0.0,0.0,0.0
290,Kwadwo Baah,Watford,3,0.0,0.0,4,0,0.0,0.0,0.0,0.0,0.0
291,Joao Pedro Junqueira de Jesus,Watford,4,0.0,0.0,4,0,0.0,0.0,0.0,0.0,0.0
292,Joseph Hungbo,Watford,3,0.0,0.0,4,0,0.0,0.0,0.0,0.0,0.0
293,Ben Wilmot,Watford,2,0.0,0.0,4,0,0.0,0.0,0.0,0.0,0.0
294,Jeremy Ngakia,Watford,2,0.0,0.0,4,2,0.0,0.0,0.0,0.0,0.0
295,Marc Navarro,Watford,2,0.0,0.0,4,0,0.0,0.0,0.0,0.0,0.0
296,Domingos Quina,Watford,3,0.0,0.0,4,0,0.0,0.0,0.0,0.0,0.0
297,Tomas Soucek,West Ham,3,0.0,0.0,4,4,0.0,0.0,0.0,0.0,0.0
298,Issa Diop,West Ham,2,0.0,0.0,4,0,0.0,0.0,0.0,0.0,0.0
299,Ben Johnson,West Ham,2,0.0,0.0,4,1,0.0,0.0,0.0,0.0,0.0
300,Owen Otasowie,Wolves,3,0.0,0.0,4,0,0.0,0.0,0.0,0.0,0.0
301,Christian Marques,Wolves,2,0.0,0.0,4,0,0.0,0.0,0.0,0.0,0.0
302,Chem Campbell,Wolves,3,0.0,0.0,4,0,0.0,0.0,0.0,0.0,0.0
303,Luke Cundle,Wolves,3,0.0,0.0,4,0,0.0,0.0,0.0,0.0,0.0
304,Patrick Cutrone,Wolves,4,0.0,0.0,4,0,0.0,0.0,0.0,0.0,0.0
305,Jose Malheiro de Sa,Wolves,1,0.0,0.0,4,4,0.0,0.0,0.0,0.0,0.0
306,Rayan Ait Nouri,Wolves,2,0.0,0.0,4,1,0.0,0.0,0.0,0.0,0.0
307,John Ruddy,Wolves,1,0.0,0.0,4,0,0.0,0.0,0.0,0.0,0.0
308,Yerson Mosquera Valdelamar,Wolves,2,0.0,0.0,4,0,0.0,0.0,0.0,0.0,0.0
309,Fabio Silva,Wolves,4,0.0,0.0,4,3,0.0,0.0,0.0,0.0,0.0
310,Andreas Sondergaard,Wolves,1,0.0,0.0,4,0,0.0,0.0,0.0,0.0,0.0
311,Pedro Lomba Neto,Wolves,3,0.0,0.0,4,0,0.0,0.0,0.0,0.0,0.0
312,Alphonse Areola,West Ham,1,0.0,0.0,4,0,0.0,0.0,0.0,0.0,0.0
313,Morgan Gibbs-White,Wolves,3,0.0,0.0,4,2,0.0,0.0,0.0,0.0,0.0
314,Leander Dendoncker,Wolves,3,0.0,0.0,4,2,0.0,0.0,0.0,0.0,0.0
315,Jonathan Castro Otto,Wolves,2,0.0,0.0,4,0,0.0,0.0,0.0,0.0,0.0
316,Conor Coady,Wolves,2,0.0,0.0,4,4,0.0,0.0,0.0,0.0,0.0
317,Willy Boly,Wolves,2,0.0,0.0,4,0,0.0,0.0,0.0,0.0,0.0
318,Rui Pedro dos Santos Patricio,Wolves,1,0.0,0.0,4,0,0.0,0.0,0.0,0.0,0.0
319,Alex Kral,West Ham,3,0.0,0.0,1,0,0.0,0.0,,,
320,Jamal Baptiste,West Ham,2,0.0,0.0,4,0,0.0,0.0,0.0,0.0,0.0
321,Conor Coventry,West Ham,3,0.0,0.0,4,0,0.0,0.0,0.0,0.0,0.0
322,Frederik Alves,West Ham,2,0.0,0.0,4,0,0.0,0.0,0.0,0.0,0.0
323,Francisco Sierralta,Watford,2,0.0,0.0,4,2,0.0,0.0,0.0,0.0,0.0
324,Ashley Fletcher,Watford,4,0.0,0.0,4,0,0.0,0.0,0.0,0.0,0.0
325,Ayotomiwa Dele-Bashiru,Watford,3,0.0,0.0,4,0,0.0,0.0,0.0,0.0,0.0
326,Michael Obafemi,Southampton,4,0.0,0.0,4,0,0.0,0.0,0.0,0.0,0.0
327,Matt Doherty,Spurs,2,0.0,0.0,4,1,0.0,0.0,0.0,0.0,0.0
328,Serge Aurier,Spurs,2,0.0,0.0,4,0,0.0,0.0,0.0,0.0,0.0
329,Erik Lamela,Spurs,3,0.0,0.0,4,0,0.0,0.0,0.0,0.0,0.0
330,Toby Alderweireld,Spurs,2,0.0,0.0,4,0,0.0,0.0,0.0,0.0,0.0
331,Joe Hart,Spurs,1,0.0,0.0,4,0,0.0,0.0,0.0,0.0,0.0
332,Lyanco Evangelista Silveira Neves Vojnovic,Southampton,2,0.0,0.0,2,0,0.0,0.0,0.0,,
333,Yan Valery,Southampton,2,0.0,0.0,4,0,0.0,0.0,0.0,0.0,0.0
334,Shane Long,Southampton,4,0.0,0.0,4,0,0.0,0.0,0.0,0.0,0.0
335,Armando Broja,Southampton,4,0.0,0.0,4,2,0.0,0.0,0.0,0.0,0.0
336,Ibrahima Diallo,Southampton,3,0.0,0.0,4,4,0.0,0.0,0.0,0.0,0.0
337,William Smallbone,Southampton,3,0.0,0.0,4,0,0.0,0.0,0.0,0.0,0.0
338,Bamidele Alli,Spurs,3,0.0,0.0,4,4,0.0,0.0,0.0,0.0,0.0
339,Nathan Tella,Southampton,3,0.0,0.0,4,1,0.0,0.0,0.0,0.0,0.0
340,Daniel N'Lundulu,Southampton,4,0.0,0.0,4,0,0.0,0.0,0.0,0.0,0.0
341,Jan Bednarek,Southampton,2,0.0,0.0,4,1,0.0,0.0,0.0,0.0,0.0
342,Stuart Armstrong,Southampton,3,0.0,0.0,4,0,0.0,0.0,0.0,0.0,0.0
343,Alex McCarthy,Southampton,1,0.0,0.0,4,4,0.0,0.0,0.0,0.0,0.0
344,Fraser Forster,Southampton,1,0.0,0.0,4,0,0.0,0.0,0.0,0.0,0.0
345,Theo Walcott,Southampton,3,0.0,0.0,4,2,0.0,0.0,0.0,0.0,0.0
346,Mathias Normann,Norwich,3,0.0,0.0,1,0,0.0,0.0,,,
347,Ozan Kabak,Norwich,2,0.0,0.0,1,0,0.0,0.0,,,
348,Bali Mumba,Norwich,2,0.0,0.0,4,1,0.0,0.0,0.0,0.0,0.0
349,Eric Dier,Spurs,2,0.0,0.0,4,4,0.0,0.0,0.0,0.0,0.0
350,Ben Davies,Spurs,2,0.0,0.0,4,1,0.0,0.0,0.0,0.0,0.0
351,Isaac Success Ajayi,Watford,4,0.0,0.0,4,0,0.0,0.0,0.0,0.0,0.0
352,Ben Foster,Watford,1,0.0,0.0,4,0,0.0,0.0,0.0,0.0,0.0
353,Philip Zinckernagel,Watford,3,0.0,0.0,4,0,0.0,0.0,0.0,0.0,0.0
354,Daniel Bachmann,Watford,1,0.0,0.0,4,4,0.0,0.0,0.0,0.0,0.0
355,Stipe Perica,Watford,4,0.0,0.0,4,0,0.0,0.0,0.0,0.0,0.0
356,William Troost-Ekong,Watford,2,0.0,0.0,4,4,0.0,0.0,0.0,0.0,0.0
357,Nathaniel Chalobah,Watford,3,0.0,0.0,4,0,0.0,0.0,0.0,0.0,0.0
358,Christian Kabasele,Watford,2,0.0,0.0,4,2,0.0,0.0,0.0,0.0,0.0
359,Andre Gray,Watford,4,0.0,0.0,4,0,0.0,0.0,0.0,0.0,0.0
360,Francisco Femenia Far,Watford,2,0.0,0.0,4,0,0.0,0.0,0.0,0.0,0.0
361,Craig Cathcart,Watford,2,0.0,0.0,4,3,0.0,0.0,0.0,0.0,0.0
362,Dan Gosling,Watford,3,0.0,0.0,4,1,0.0,0.0,0.0,0.0,0.0
363,Tobi Omole,Spurs,2,0.0,0.0,1,0,0.0,0.0,,,
364,Harry Winks,Spurs,3,0.0,0.0,4,2,0.0,0.0,0.0,0.0,0.0
365,Dilan Markanday,Spurs,3,0.0,0.0,1,0,0.0,0.0,,,
366,Emerson Aparecido Leite de Souza Junior,Spurs,2,0.0,0.0,1,1,0.0,0.0,,,
367,Dane Scarlett,Spurs,4,0.0,0.0,4,0,0.0,0.0,0.0,0.0,0.0
368,Cristian Romero,Spurs,2,0.0,0.0,4,1,0.0,0.0,0.0,0.0,0.0
369,Bryan Gil Salvatierra,Spurs,3,0.0,0.0,4,1,0.0,0.0,0.0,0.0,0.0
370,Pierluigi Gollini,Spurs,1,0.0,0.0,4,0,0.0,0.0,0.0,0.0,0.0
371,Tanguy Ndombele,Spurs,3,0.0,0.0,4,0,0.0,0.0,0.0,0.0,0.0
372,Joe Rodon,Spurs,2,0.0,0.0,4,1,0.0,0.0,0.0,0.0,0.0
373,Oliver Skipp,Spurs,3,0.0,0.0,4,4,0.0,0.0,0.0,0.0,0.0
374,Ryan Sessegnon,Spurs,2,0.0,0.0,4,0,0.0,0.0,0.0,0.0,0.0
375,Davinson Sanchez,Spurs,2,0.0,0.0,4,3,0.0,0.0,0.0,0.0,0.0
376,Kristoffer Klaesson,Leeds,1,0.0,0.0,4,0,0.0,0.0,0.0,0.0,0.0
377,Donny van de Beek,Man Utd,3,0.0,0.0,4,1,0.0,0.0,0.0,0.0,0.0
378,Aaron Connolly,Brighton,4,0.0,0.0,4,1,0.0,0.0,0.0,0.0,0.0
379,Erik Pieters,Burnley,2,0.0,0.0,4,1,0.0,0.0,0.0,0.0,0.0
380,Phil Bardsley,Burnley,2,0.0,0.0,4,0,0.0,0.0,0.0,0.0,0.0
381,James Tarkowski,Burnley,2,0.0,0.0,4,4,0.0,0.0,0.0,0.0,0.0
382,Jurgen Locadia,Brighton,4,0.0,0.0,1,0,0.0,0.0,,,
383,Haydon Roberts,Brighton,2,0.0,0.0,3,0,0.0,0.0,0.0,0.0,
384,Moises Caicedo,Brighton,3,0.0,0.0,4,0,0.0,0.0,0.0,0.0,0.0
385,Michal Karbownik,Brighton,2,0.0,0.0,4,0,0.0,0.0,0.0,0.0,0.0
386,Andi Zeqiri,Brighton,4,0.0,0.0,4,0,0.0,0.0,0.0,0.0,0.0
387,Florin Andone,Brighton,4,0.0,0.0,4,0,0.0,0.0,0.0,0.0,0.0
388,Kjell Scherpen,Brighton,1,0.0,0.0,4,0,0.0,0.0,0.0,0.0,0.0
389,Danny Welbeck,Brighton,4,0.0,0.0,4,2,0.0,0.0,0.0,0.0,0.0
390,Tariq Lamptey,Brighton,2,0.0,0.0,4,0,0.0,0.0,0.0,0.0,0.0
391,Dale Stephens,Burnley,3,0.0,0.0,4,0,0.0,0.0,0.0,0.0,0.0
392,Bernardo Fernandes Da Silva Junior,Brighton,2,0.0,0.0,4,0,0.0,0.0,0.0,0.0,0.0
393,Alireza Jahanbakhsh,Brighton,3,0.0,0.0,4,0,0.0,0.0,0.0,0.0,0.0
394,Mathew Ryan,Brighton,1,0.0,0.0,4,0,0.0,0.0,0.0,0.0,0.0
395,Adam Webster,Brighton,2,0.0,0.0,4,4,0.0,0.0,0.0,0.0,0.0
396,Lewis Dunk,Brighton,2,0.0,0.0,4,4,0.0,0.0,0.0,0.0,0.0
397,Dan Burn,Brighton,2,0.0,0.0,4,0,0.0,0.0,0.0,0.0,0.0
398,Davy Propper,Brighton,3,0.0,0.0,4,0,0.0,0.0,0.0,0.0,0.0
399,Shane Duffy,Brighton,2,0.0,0.0,4,4,0.0,0.0,0.0,0.0,0.0
400,Jason Steele,Brighton,1,0.0,0.0,4,0,0.0,0.0,0.0,0.0,0.0
401,Adam Lallana,Brighton,3,0.0,0.0,4,4,0.0,0.0,0.0,0.0,0.0
402,Mathias Jorgensen,Brentford,2,0.0,0.0,1,0,0.0,0.0,,,
403,Jack Cork,Burnley,3,0.0,0.0,4,2,0.0,0.0,0.0,0.0,0.0
404,Kevin Long,Burnley,2,0.0,0.0,4,0,0.0,0.0,0.0,0.0,0.0
405,Alvaro Fernandez,Brentford,1,0.0,0.0,3,0,0.0,0.0,0.0,0.0,
406,Olivier Giroud,Chelsea,4,0.0,0.0,4,0,0.0,0.0,0.0,0.0,0.0
407,Edouard Mendy,Chelsea,1,0.0,0.0,4,4,0.0,0.0,0.0,0.0,0.0
408,Ethan Ampadu,Chelsea,2,0.0,0.0,4,0,0.0,0.0,0.0,0.0,0.0
409,Christian Pulisic,Chelsea,3,0.0,0.0,4,1,0.0,0.0,0.0,0.0,0.0
410,Tammy Abraham,Chelsea,4,0.0,0.0,4,0,0.0,0.0,0.0,0.0,0.0
411,Benjamin Chilwell,Chelsea,2,0.0,0.0,4,0,0.0,0.0,0.0,0.0,0.0
412,Andreas Christensen,Chelsea,2,0.0,0.0,4,3,0.0,0.0,0.0,0.0,0.0
413,Ruben Loftus-Cheek,Chelsea,3,0.0,0.0,4,0,0.0,0.0,0.0,0.0,0.0
414,Kepa Arrizabalaga,Chelsea,1,0.0,0.0,4,0,0.0,0.0,0.0,0.0,0.0
415,Antonio Rudiger,Chelsea,2,0.0,0.0,4,4,0.0,0.0,0.0,0.0,0.0
416,Michy Batshuayi,Chelsea,4,0.0,0.0,4,0,0.0,0.0,0.0,0.0,0.0
417,Ross Barkley,Chelsea,3,0.0,0.0,4,0,0.0,0.0,0.0,0.0,0.0
418,Connor Roberts,Burnley,2,0.0,0.0,1,0,0.0,0.0,,,
419,Matej Vydra,Burnley,4,0.0,0.0,4,3,0.0,0.0,0.0,0.0,0.0
420,Maxwel Cornet,Burnley,3,0.0,0.0,1,0,0.0,0.0,,,
421,Aaron Lennon,Burnley,3,0.0,0.0,2,2,0.0,0.0,0.0,,
422,Owen Dodgson,Burnley,2,0.0,0.0,3,0,0.0,0.0,0.0,0.0,
423,Bobby Thomas,Burnley,2,0.0,0.0,4,0,0.0,0.0,0.0,0.0,0.0
424,Lewis Richardson,Burnley,4,0.0,0.0,4,0,0.0,0.0,0.0,0.0,0.0
425,Wayne Hennessey,Burnley,1,0.0,0.0,4,0,0.0,0.0,0.0,0.0,0.0
426,Nathan Collins,Burnley,2,0.0,0.0,4,0,0.0,0.0,0.0,0.0,0.0
427,Bailey Peacock-Farrell,Burnley,1,0.0,0.0,4,0,0.0,0.0,0.0,0.0,0.0
428,Josh Benson,Burnley,3,0.0,0.0,4,0,0.0,0.0,0.0,0.0,0.0
429,Will Norris,Burnley,1,0.0,0.0,4,0,0.0,0.0,0.0,0.0,0.0
430,Nick Pope,Burnley,1,0.0,0.0,4,4,0.0,0.0,0.0,0.0,0.0
431,Finley Stevens,Brentford,2,0.0,0.0,2,0,0.0,0.0,0.0,,
432,Yoane Wissa,Brentford,3,0.0,0.0,4,2,0.0,0.0,0.0,0.0,0.0
433,Trevoh Chalobah,Chelsea,2,0.0,0.0,4,3,0.0,0.0,0.0,0.0,0.0
434,William Saliba,Arsenal,2,0.0,0.0,4,0,0.0,0.0,0.0,0.0,0.0
435,Bertrand Traore,Aston Villa,3,0.0,0.0,4,2,0.0,0.0,0.0,0.0,0.0
436,Bjorn Engels,Aston Villa,2,0.0,0.0,4,0,0.0,0.0,0.0,0.0,0.0
437,Emiliano Martinez,Aston Villa,1,0.0,0.0,4,3,0.0,0.0,0.0,0.0,0.0
438,Conor Hourihane,Aston Villa,3,0.0,0.0,4,0,0.0,0.0,0.0,0.0,0.0
439,Jed Steer,Aston Villa,1,0.0,0.0,4,1,0.0,0.0,0.0,0.0,0.0
440,Takehiro Tomiyasu,Arsenal,2,0.0,0.0,1,1,0.0,0.0,,,
441,Arthur Okonkwo,Arsenal,1,0.0,0.0,2,0,0.0,0.0,0.0,,
442,Aaron Ramsdale,Arsenal,1,0.0,0.0,3,1,0.0,0.0,0.0,0.0,
443,Karl Hein,Arsenal,1,0.0,0.0,4,0,0.0,0.0,0.0,0.0,0.0
444,Folarin Balogun,Arsenal,4,0.0,0.0,4,2,0.0,0.0,0.0,0.0,0.0
445,Nuno Varela Tavares,Arsenal,2,0.0,0.0,4,2,0.0,0.0,0.0,0.0,0.0
446,Matteo Guendouzi,Arsenal,3,0.0,0.0,4,0,0.0,0.0,0.0,0.0,0.0
447,Kortney Hause,Aston Villa,2,0.0,0.0,4,1,0.0,0.0,0.0,0.0,0.0
448,Konstantinos Mavropanos,Arsenal,2,0.0,0.0,4,0,0.0,0.0,0.0,0.0,0.0
449,Gabriel Magalhaes,Arsenal,2,0.0,0.0,4,1,0.0,0.0,0.0,0.0,0.0
450,Edward Nketiah,Arsenal,4,0.0,0.0,4,0,0.0,0.0,0.0,0.0,0.0
451,Lucas Torreira,Arsenal,3,0.0,0.0,4,0,0.0,0.0,0.0,0.0,0.0
452,Thomas Partey,Arsenal,3,0.0,0.0,4,1,0.0,0.0,0.0,0.0,0.0
453,Rob Holding,Arsenal,2,0.0,0.0,4,2,0.0,0.0,0.0,0.0,0.0
454,Mohamed Naser El Sayed Elneny,Arsenal,3,0.0,0.0,4,1,0.0,0.0,0.0,0.0,0.0
455,Sead Kolasinac,Arsenal,2,0.0,0.0,4,1,0.0,0.0,0.0,0.0,0.0
456,Hector Bellerin,Arsenal,2,0.0,0.0,4,0,0.0,0.0,0.0,0.0,0.0
457,Alexandre Lacazette,Arsenal,4,0.0,0.0,4,1,0.0,0.0,0.0,0.0,0.0
458,Willian Borges Da Silva,Arsenal,3,0.0,0.0,4,0,0.0,0.0,0.0,0.0,0.0
459,Morgan Sanson,Aston Villa,3,0.0,0.0,4,0,0.0,0.0,0.0,0.0,0.0
460,Mahmoud Ahmed Ibrahim Hassan,Aston Villa,3,0.0,0.0,4,0,0.0,0.0,0.0,0.0,0.0
461,Shandon Baptiste,Brentford,3,0.0,0.0,4,2,0.0,0.0,0.0,0.0,0.0
462,David Raya Martin,Brentford,1,0.0,0.0,4,4,0.0,0.0,0.0,0.0,0.0
463,Dominic Thompson,Brentford,2,0.0,0.0,4,0,0.0,0.0,0.0,0.0,0.0
464,Mads Bidstrup,Brentford,3,0.0,0.0,4,2,0.0,0.0,0.0,0.0,0.0
465,Halil Dervisoglu,Brentford,4,0.0,0.0,4,0,0.0,0.0,0.0,0.0,0.0
466,Patrik Gunnarsson,Brentford,1,0.0,0.0,4,0,0.0,0.0,0.0,0.0,0.0
467,Jan Zamburek,Brentford,3,0.0,0.0,4,0,0.0,0.0,0.0,0.0,0.0
468,Ellery Balcombe,Brentford,1,0.0,0.0,4,0,0.0,0.0,0.0,0.0,0.0
469,Mads Bech Sørensen,Brentford,2,0.0,0.0,4,1,0.0,0.0,0.0,0.0,0.0
470,Mads Roerslev Rasmussen,Brentford,2,0.0,0.0,4,1,0.0,0.0,0.0,0.0,0.0
471,Marcus Forss,Brentford,4,0.0,0.0,4,1,0.0,0.0,0.0,0.0,0.0
472,Charlie Goode,Brentford,2,0.0,0.0,4,0,0.0,0.0,0.0,0.0,0.0
473,Pelenda Joshua Dasilva,Brentford,3,0.0,0.0,4,0,0.0,0.0,0.0,0.0,0.0
474,Tariqe Fosu-Henry,Brentford,3,0.0,0.0,4,0,0.0,0.0,0.0,0.0,0.0
475,Marvelous Nakamba,Aston Villa,3,0.0,0.0,4,3,0.0,0.0,0.0,0.0,0.0
476,Christian Nørgaard,Brentford,3,0.0,0.0,4,4,0.0,0.0,0.0,0.0,0.0
477,Viljami Sinisalo,Aston Villa,1,0.0,0.0,1,0,0.0,0.0,,,
478,Cameron Archer,Aston Villa,4,0.0,0.0,2,0,0.0,0.0,0.0,,
479,Carney Chukwuemeka,Aston Villa,3,0.0,0.0,4,1,0.0,0.0,0.0,0.0,0.0
480,Jaden Philogene-Bidace,Aston Villa,3,0.0,0.0,4,1,0.0,0.0,0.0,0.0,0.0
481,Aaron Ramsey,Aston Villa,3,0.0,0.0,4,0,0.0,0.0,0.0,0.0,0.0
482,Axel Tuanzebe,Aston Villa,2,0.0,0.0,4,3,0.0,0.0,0.0,0.0,0.0
483,Keinan Davis,Aston Villa,4,0.0,0.0,4,0,0.0,0.0,0.0,0.0,0.0
484,Mbwana Ally Samatta,Aston Villa,4,0.0,0.0,4,0,0.0,0.0,0.0,0.0,0.0
485,Wesley Moraes,Aston Villa,4,0.0,0.0,4,1,0.0,0.0,0.0,0.0,0.0
486,Frederic Guilbert,Aston Villa,2,0.0,0.0,4,0,0.0,0.0,0.0,0.0,0.0
487,Malang Sarr,Chelsea,2,0.0,0.0,4,0,0.0,0.0,0.0,0.0,0.0
488,Emerson Palmieri dos Santos,Chelsea,2,0.0,0.0,4,1,0.0,0.0,0.0,0.0,0.0
489,Marcus Rashford,Man Utd,3,0.0,0.0,4,0,0.0,0.0,0.0,0.0,0.0
490,Crysencio Summerville,Leeds,3,0.0,0.0,4,0,0.0,0.0,0.0,0.0,0.0
491,Divock Origi,Liverpool,4,0.0,0.0,4,0,0.0,0.0,0.0,0.0,0.0
492,Fabio Henrique Tavares,Liverpool,3,0.0,0.0,4,3,0.0,0.0,0.0,0.0,0.0
493,Alisson Ramses Becker,Liverpool,1,0.0,0.0,4,4,0.0,0.0,0.0,0.0,0.0
494,Alex Oxlade-Chamberlain,Liverpool,3,0.0,0.0,4,2,0.0,0.0,0.0,0.0,0.0
495,Xherdan Shaqiri,Liverpool,3,0.0,0.0,4,0,0.0,0.0,0.0,0.0,0.0
496,Adrian San Miguel del Castillo,Liverpool,1,0.0,0.0,4,0,0.0,0.0,0.0,0.0,0.0
497,Joe Gelhardt,Leeds,4,0.0,0.0,2,0,0.0,0.0,0.0,,
498,Liam McCarron,Leeds,3,0.0,0.0,2,0,0.0,0.0,0.0,,
499,Charlie Cresswell,Leeds,2,0.0,0.0,3,0,0.0,0.0,0.0,0.0,
500,Cody Drameh,Leeds,2,0.0,0.0,3,0,0.0,0.0,0.0,0.0,
501,Adam Forshaw,Leeds,3,0.0,0.0,4,0,0.0,0.0,0.0,0.0,0.0
502,Sam Greenwood,Leeds,4,0.0,0.0,4,0,0.0,0.0,0.0,0.0,0.0
503,Joseph Gomez,Liverpool,2,0.0,0.0,4,1,0.0,0.0,0.0,0.0,0.0
504,Runar Alex Runarsson,Arsenal,1,0.0,0.0,4,0,0.0,0.0,0.0,0.0,0.0
505,Hector Junior Firpo Adames,Leeds,2,0.0,0.0,4,3,0.0,0.0,0.0,0.0,0.0
506,Illan Meslier,Leeds,1,0.0,0.0,4,4,0.0,0.0,0.0,0.0,0.0
507,Jamie Shackleton,Leeds,3,0.0,0.0,4,2,0.0,0.0,0.0,0.0,0.0
508,Ian Carlo Poveda-Ocampo,Leeds,3,0.0,0.0,4,0,0.0,0.0,0.0,0.0,0.0
509,Robin Koch,Leeds,2,0.0,0.0,4,1,0.0,0.0,0.0,0.0,0.0
510,Helder Wander Sousa de Azevedo e Costa,Leeds,3,0.0,0.0,4,1,0.0,0.0,0.0,0.0,0.0
511,Diego Llorente,Leeds,2,0.0,0.0,4,2,0.0,0.0,0.0,0.0,0.0
512,Francisco Casilla Cortes,Leeds,1,0.0,0.0,4,0,0.0,0.0,0.0,0.0,0.0
513,Pablo Hernandez Dominguez,Leeds,3,0.0,0.0,4,0,0.0,0.0,0.0,0.0,0.0
514,Ademola Lookman,Leicester,3,0.0,0.0,1,1,0.0,0.0,,,
515,Takumi Minamino,Liverpool,3,0.0,0.0,4,0,0.0,0.0,0.0,0.0,0.0
516,Nathaniel Phillips,Liverpool,2,0.0,0.0,4,0,0.0,0.0,0.0,0.0,0.0
517,Kiernan Dewsbury-Hall,Leicester,3,0.0,0.0,4,1,0.0,0.0,0.0,0.0,0.0
518,Phil Foden,Man City,3,0.0,0.0,4,0,0.0,0.0,0.0,0.0,0.0
519,Dean Henderson,Man Utd,1,0.0,0.0,4,0,0.0,0.0,0.0,0.0,0.0
520,Alex Nicolao Telles,Man Utd,2,0.0,0.0,4,0,0.0,0.0,0.0,0.0,0.0
521,Anthony Martial,Man Utd,4,0.0,0.0,4,4,0.0,0.0,0.0,0.0,0.0
522,Jesse Lingard,Man Utd,3,0.0,0.0,4,2,0.0,0.0,0.0,0.0,0.0
523,Harry Maguire,Man Utd,2,0.0,0.0,4,4,0.0,0.0,0.0,0.0,0.0
524,David de Gea,Man Utd,1,0.0,0.0,4,4,0.0,0.0,0.0,0.0,0.0
525,Edinson Cavani,Man Utd,4,0.0,0.0,4,1,0.0,0.0,0.0,0.0,0.0
526,Scott Carson,Man City,1,0.0,0.0,1,0,0.0,0.0,,,
527,Tommy Doyle,Man City,3,0.0,0.0,3,0,0.0,0.0,0.0,0.0,
528,Samuel Edozie,Man City,3,0.0,0.0,4,0,0.0,0.0,0.0,0.0,0.0
529,Cole Palmer,Man City,3,0.0,0.0,4,1,0.0,0.0,0.0,0.0,0.0
530,Oleksandr Zinchenko,Man City,2,0.0,0.0,4,2,0.0,0.0,0.0,0.0,0.0
531,Caoimhin Kelleher,Liverpool,1,0.0,0.0,4,0,0.0,0.0,0.0,0.0,0.0
532,Zack Steffen,Man City,1,0.0,0.0,4,0,0.0,0.0,0.0,0.0,0.0
533,Nathan Ake,Man City,2,0.0,0.0,4,1,0.0,0.0,0.0,0.0,0.0
534,Ederson Santana de Moraes,Man City,1,0.0,0.0,4,4,0.0,0.0,0.0,0.0,0.0
535,John Stones,Man City,2,0.0,0.0,4,0,0.0,0.0,0.0,0.0,0.0
536,Kyle Walker,Man City,2,0.0,0.0,4,3,0.0,0.0,0.0,0.0,0.0
537,Ben Woodburn,Liverpool,3,0.0,0.0,4,0,0.0,0.0,0.0,0.0,0.0
538,Ben Davies,Liverpool,2,0.0,0.0,4,0,0.0,0.0,0.0,0.0,0.0
539,Rhys Williams,Liverpool,2,0.0,0.0,4,0,0.0,0.0,0.0,0.0,0.0
540,Neco Williams,Liverpool,2,0.0,0.0,4,0,0.0,0.0,0.0,0.0,0.0
541,Curtis Jones,Liverpool,3,0.0,0.0,4,0,0.0,0.0,0.0,0.0,0.0
542,Ibrahima Konate,Liverpool,2,0.0,0.0,4,0,0.0,0.0,0.0,0.0,0.0
543,Eldin Jakupovic,Leicester,1,0.0,0.0,2,0,0.0,0.0,0.0,,
544,Ryan Bertrand,Leicester,2,0.0,0.0,4,1,0.0,0.0,0.0,0.0,0.0
545,Saul Niguez,Chelsea,3,0.0,0.0,1,1,0.0,0.0,,,
546,Michael Olise,Crystal Palace,3,0.0,0.0,4,1,0.0,0.0,0.0,0.0,0.0
547,Bernard Anicio Caldeira Duarte,Everton,3,0.0,0.0,4,0,0.0,0.0,0.0,0.0,0.0
548,James Rodriguez,Everton,3,0.0,0.0,4,0,0.0,0.0,0.0,0.0,0.0
549,Gylfi Sigurdsson,Everton,3,0.0,0.0,4,0,0.0,0.0,0.0,0.0,0.0
550,Fabian Delph,Everton,3,0.0,0.0,4,1,0.0,0.0,0.0,0.0,0.0
551,Odsonne Edouard,Crystal Palace,4,0.0,0.0,1,1,0.0,0.0,,,
552,Remi Matthews,Crystal Palace,1,0.0,0.0,3,0,0.0,0.0,0.0,0.0,
553,Scott Banks,Crystal Palace,3,0.0,0.0,4,0,0.0,0.0,0.0,0.0,0.0
554,Robert Street,Crystal Palace,4,0.0,0.0,4,0,0.0,0.0,0.0,0.0,0.0
555,Jesurun Rak-Sakyi,Crystal Palace,3,0.0,0.0,4,1,0.0,0.0,0.0,0.0,0.0
556,Reece Hannam,Crystal Palace,2,0.0,0.0,4,0,0.0,0.0,0.0,0.0,0.0
557,Nathaniel Clyne,Crystal Palace,2,0.0,0.0,4,0,0.0,0.0,0.0,0.0,0.0
558,Will Hughes,Crystal Palace,3,0.0,0.0,4,0,0.0,0.0,0.0,0.0,0.0
559,Tom Davies,Everton,3,0.0,0.0,4,0,0.0,0.0,0.0,0.0,0.0
560,Nathan Ferguson,Crystal Palace,2,0.0,0.0,4,0,0.0,0.0,0.0,0.0,0.0
561,Eberechi Eze,Crystal Palace,3,0.0,0.0,4,0,0.0,0.0,0.0,0.0,0.0
562,Jean-Philippe Mateta,Crystal Palace,4,0.0,0.0,4,1,0.0,0.0,0.0,0.0,0.0
563,Jarosław Jach,Crystal Palace,2,0.0,0.0,4,0,0.0,0.0,0.0,0.0,0.0
564,Jairo Riedewald,Crystal Palace,3,0.0,0.0,4,1,0.0,0.0,0.0,0.0,0.0
565,Jack Butland,Crystal Palace,1,0.0,0.0,4,0,0.0,0.0,0.0,0.0,0.0
566,Luka Milivojevic,Crystal Palace,3,0.0,0.0,4,1,0.0,0.0,0.0,0.0,0.0
567,Martin Kelly,Crystal Palace,2,0.0,0.0,4,0,0.0,0.0,0.0,0.0,0.0
568,Cheikhou Kouyate,Crystal Palace,2,0.0,0.0,4,4,0.0,0.0,0.0,0.0,0.0
569,James Tomkins,Crystal Palace,2,0.0,0.0,4,0,0.0,0.0,0.0,0.0,0.0
570,Vicente Guaita,Crystal Palace,1,0.0,0.0,4,4,0.0,0.0,0.0,0.0,0.0
571,Yerry Mina,Everton,2,0.0,0.0,4,3,0.0,0.0,0.0,0.0,0.0
572,Mason Holgate,Everton,2,0.0,0.0,4,2,0.0,0.0,0.0,0.0,0.0
573,Boubakary Soumare,Leicester,3,0.0,0.0,4,2,0.0,0.0,0.0,0.0,0.0
574,Jonny Evans,Leicester,2,0.0,0.0,4,1,0.0,0.0,0.0,0.0,0.0
575,Patson Daka,Leicester,4,0.0,0.0,4,1,0.0,0.0,0.0,0.0,0.0
576,Jannik Vestergaard,Leicester,2,0.0,0.0,4,2,0.0,0.0,0.0,0.0,0.0
577,Wesley Fofana,Leicester,2,0.0,0.0,4,0,0.0,0.0,0.0,0.0,0.0
578,James Justin,Leicester,2,0.0,0.0,4,0,0.0,0.0,0.0,0.0,0.0
579,Caglar Soyuncu,Leicester,2,0.0,0.0,4,4,0.0,0.0,0.0,0.0,0.0
580,Wilfred Ndidi,Leicester,3,0.0,0.0,4,4,0.0,0.0,0.0,0.0,0.0
581,Hamza Choudhury,Leicester,3,0.0,0.0,4,0,0.0,0.0,0.0,0.0,0.0
582,Timothy Castagne,Leicester,2,0.0,0.0,4,2,0.0,0.0,0.0,0.0,0.0
583,Dennis Praet,Leicester,3,0.0,0.0,4,0,0.0,0.0,0.0,0.0,0.0
584,Danny Ward,Leicester,1,0.0,0.0,4,0,0.0,0.0,0.0,0.0,0.0
585,Nampalys Mendy,Leicester,3,0.0,0.0,4,0,0.0,0.0,0.0,0.0,0.0
586,Kasper Schmeichel,Leicester,1,0.0,0.0,4,4,0.0,0.0,0.0,0.0,0.0
587,Ben Godfrey,Everton,2,0.0,0.0,4,1,0.0,0.0,0.0,0.0,0.0
588,Salomon Rondon,Everton,4,0.0,0.0,1,1,0.0,0.0,,,
589,Andy Lonergan,Everton,1,0.0,0.0,2,0,0.0,0.0,0.0,,
590,Niels Nkounkou,Everton,2,0.0,0.0,2,0,0.0,0.0,0.0,,
591,Moise Kean,Everton,4,0.0,0.0,3,1,0.0,0.0,0.0,0.0,
592,Nathan Broadhead,Everton,4,0.0,0.0,4,0,0.0,0.0,0.0,0.0,0.0
593,Jarrad Branthwaite,Everton,2,0.0,0.0,4,0,0.0,0.0,0.0,0.0,0.0
594,Jean-Philippe Gbamin,Everton,3,0.0,0.0,4,0,0.0,0.0,0.0,0.0,0.0
595,Anthony Gordon,Everton,3,0.0,0.0,4,1,0.0,0.0,0.0,0.0,0.0
596,Jonjoe Kenny,Everton,2,0.0,0.0,4,0,0.0,0.0,0.0,0.0,0.0
597,Asmir Begovic,Everton,1,0.0,0.0,4,0,0.0,0.0,0.0,0.0,0.0
598,Joao Virginia,Everton,1,0.0,0.0,4,0,0.0,0.0,0.0,0.0,0.0
599,Hee-Chan Hwang,Wolves,4,0.0,0.0,1,1,0.0,0.0,,,
