,Name,Team,Position,xA per fixture,xA per game,Team games,Played,GW10,GW9,GW8,GW7,GW6,GW5,GW4,GW3,GW2,GW1
1,Trent Alexander-Arnold,Liverpool,2,38.59939750076996,49.62779678670423,9,7,44.13972278804489,89.77416753768921,1.263571623712778,0.0,5.158761143684386,0.0,94.89991664886476,37.492308020591736,105.88721036911012,12.918642163276672
2,Bruno Miguel Borges Fernandes,Man Utd,3,37.09863242175844,37.09863242175844,9,9,40.43305523836279,14.818552136421205,40.97841382026672,19.07967031002045,40.948265790939324,85.78508496284483,49.836859107017524,11.459939926862715,59.21908617019653,11.761819571256638
3,Ivan Toney,Brentford,4,36.48302343984445,36.48302343984445,9,9,50.34494593006923,16.645599901676178,0.0,25.11914968490601,124.16073083877563,83.11439752578734,63.95070552825928,3.5269666463136677,0.0,11.829660832881927
4,Mohamed Salah,Liverpool,3,34.89392983416716,34.89392983416716,9,9,38.639071732143705,50.71887373924256,35.884931683540344,63.397610187530525,2.6988144963979717,14.978450536727905,37.0734840631485,11.269433796405792,11.151669174432756,86.87210083007812
5,Mason Mount,Chelsea,3,31.104109850194725,39.99099837882179,9,7,53.860109538905085,44.136175513267524,0.0,79.86506819725038,0.0,0.0,0.0,14.921657741069795,141.01408720016482,0.0
6,Allan Saint-Maximin,Newcastle,4,29.399913508031105,29.399913508031105,9,9,19.310415657717257,0.0,7.971297949552536,0.0,117.85993576049805,14.502710103988647,34.11267101764679,4.351285472512245,0.0,85.80132126808168
7,Michail Antonio,West Ham,4,27.33137955268224,30.74780199676752,9,8,36.97174701433028,20.116139948368076,16.745978593826294,21.989905834197998,39.03642892837525,0.0,0.0,57.12941288948059,45.287296175956726,45.67725360393524
8,Bernardo Mota Veiga de Carvalho e Silva,Man City,3,26.151739930113155,29.4207074213773,9,8,22.171527890521688,110.3569507598877,25.698313117027286,36.450588703155525,3.24891209602356,4.883692041039467,54.72720265388489,0.0,0.0,0.0
9,Diogo Jota,Liverpool,3,25.991279052363502,29.24018893390894,9,8,28.034987291614197,51.58858299255371,0.0,0.0,40.922969579696655,2.861618995666504,114.99636173248292,0.0,23.55197817087173,0.0
10,Jack Grealish,Man City,3,24.630349005262058,27.709142630919814,9,8,18.222660940090257,59.906446933746345,0.0,0.0,2.9296729713678364,10.6624998152256,21.529504656791687,109.13033485412598,3.945387899875641,13.569293916225432
11,Gabriel Fernando de Jesus,Man City,4,23.575949668884277,26.522943377494812,9,8,15.751151696241573,19.4394513964653,0.0,18.54735165834427,0.0,0.0,0.0,31.99101090431213,131.93001747131348,10.275715589523317
12,Said Benrahma,West Ham,3,22.94743342532052,22.94743342532052,9,9,24.226965345029548,0.0,4.431480169296265,10.776961594820023,72.93140888214111,36.53295338153839,16.84904396533966,8.144388347864151,17.966771125793453,38.89389336109162
13,Youri Tielemans,Leicester,3,22.558988341026836,22.558988341026836,9,9,26.127225711494514,21.460188925266266,20.362423360347744,5.0760429352521905,57.94961452484131,76.7143487930298,0.0,8.164031058549881,0.0,13.304245471954346
14,Romelu Lukaku,Chelsea,4,22.517044635282623,28.950485959649086,9,7,43.22695030573268,0.0,5.144058167934418,42.2721266746521,5.8520521968603125,77.70966291427612,0.0,17.97599047422409,53.699511289596565,0.0
15,Mateo Kovacic,Chelsea,3,20.987954383922947,20.987954383922947,9,9,26.641711344646406,84.78752970695496,0.0,43.676045536994934,0.0,2.312243916094303,42.928379774093635,0.0,10.321502387523653,4.865888133645059
16,Raul Jimenez,Wolves,4,20.914510761698086,20.914510761698086,9,9,22.97720251025348,4.040484502911569,0.0,47.9157418012619,7.915866374969482,45.35357356071472,31.85153007507324,18.72268617153168,13.925366103649141,18.50534826517105
17,Demarai Gray,Everton,3,20.852240671714146,20.852240671714146,9,9,16.33710917973641,79.55603599548341,11.222510784864426,7.196009159088135,39.982733130455024,10.300768911838533,0.0,15.924929082393644,12.360762059688568,11.1264169216156
18,Pablo Fornals,West Ham,3,20.41272905965646,20.41272905965646,9,9,20.549040436649115,62.64172792434693,0.0,0.0,3.099551610648632,17.341139912605286,0.0,1.88473965972662,43.30892562866211,55.43847680091858
19,Nathan Redmond,Southampton,3,20.358056616452004,22.902813693508506,9,8,28.39765286511466,22.061966359615326,86.04592084884644,0.0,9.552430361509325,9.327780455350878,2.8598766773939133,53.37453484535217,0.0,0.0
20,Ashley Westwood,Burnley,3,20.20711994005574,22.73300993256271,9,8,13.39229631918008,5.7312604039907455,5.865743011236192,9.384067356586458,8.48763883113861,12.775449454784393,64.84904289245604,4.677478224039079,0.0,70.09339928627014
21,Andros Townsend,Everton,3,20.023537427186966,20.023537427186966,9,9,18.034600446699844,0.0,34.77372229099274,15.963466465473175,1.7562516033649445,15.888586640357973,38.966265320777886,5.783547461032867,0.0,67.0799970626831
22,Ilkay Gundogan,Man City,3,19.53655390275849,29.304830854137737,9,6,19.352096595319804,36.230936646461494,0.0,0.0,0.0,10.037263482809069,50.35467743873596,69.52928900718689,9.676818549633024,0.0
23,Jordan Henderson,Liverpool,3,19.398070582085186,21.822829404845834,9,8,23.50942026227562,80.98467588424683,0.0,0.0,39.289948344230645,36.428749561309814,12.594576179981232,0.0,5.284685268998147,0.0
24,Conor Gallagher,Crystal Palace,3,19.097361548079384,21.484531741589308,9,8,11.492839445732962,13.495133817195892,0.0,11.167373508214949,0.0,4.8638299107551575,59.47152972221375,76.6931414604187,6.1852455139160165,0.0
25,Luke Shaw,Man Utd,2,18.97612681819333,18.97612681819333,9,9,18.540998459975324,5.828621983528137,0.0,8.351992815732956,8.307822048664093,23.21268618106842,63.46088647842407,2.2552188485860825,46.42551243305206,12.942400574684145
26,Dwight McNeil,Burnley,3,18.877586556805504,18.877586556805504,9,9,12.692720181554192,10.823400318622587,33.770418167114265,0.0,0.0,11.787477135658266,43.97719204425812,54.49000000953674,7.019843906164169,8.029947429895401
27,Matt Ritchie,Newcastle,2,18.54041251871321,18.54041251871321,9,9,12.091899707402243,3.598533570766449,2.2141560912132263,16.160422563552856,75.28052330017091,9.486371278762816,8.119232207536697,4.337369650602342,21.314069628715515,26.353034377098087
28,Kevin De Bruyne,Man City,3,18.422335096531445,27.633502644797165,9,6,20.578033329658666,53.81180047988892,44.37832832336426,3.624071925878525,41.576880216598504,21.597684919834137,0.0,0.0,0.0,0.8122500032186508
29,Rodrigo Moreno,Leeds,4,17.82577774590916,20.053999964147806,9,8,25.345433667033664,53.66048216819763,0.0,25.54283142089844,10.165657103061676,30.25885820388794,7.212793081998825,33.59137773513794,0.0,0.0
30,Vladimir Coufal,West Ham,2,17.790008822662962,22.872868486280954,9,7,29.049212506324462,0.0,0.0,44.73271369934082,15.042279660701752,1.2559260241687298,0.0,3.8516562432050714,55.06907105445862,40.15843272209168
31,Paul Pogba,Man Utd,3,17.769861242009533,17.769861242009533,9,9,16.56961573911076,0.0,1.7887838184833529,10.464946180582047,10.471335798501967,11.837244033813475,41.63273274898529,1.8620776012539864,10.08407101035118,71.7875599861145
32,Abdoulaye Doucoure,Everton,3,17.13232538766331,19.273866061121225,9,8,16.039993678716737,0.0,6.971561163663863,66.37876033782959,0.0,8.313769847154617,53.55200171470642,9.6877783536911,9.287057071924211,0.0
33,Riyad Mahrez,Man City,3,16.854093523903025,21.669548816446746,9,7,13.06800727889492,0.0,13.175305724143982,0.0,0.0,3.6457322537899017,0.0,130.0872564315796,3.367152065038681,1.4113952405750751
34,Harry Kane,Spurs,4,16.528159214390648,18.59417911618948,9,8,16.188807920534845,0.0,74.83238577842712,40.563493967056274,0.0,0.0,0.0,17.51084178686142,15.84671139717102,0.0
35,John McGinn,Aston Villa,3,16.00339064995448,18.003814481198788,9,8,20.301067339143252,0.0,62.572991847991936,4.717014729976653,0.0,0.0,68.72077584266664,0.0,8.019733428955076,0.0
36,Wilfried Zaha,Crystal Palace,3,15.954471089773708,17.94877997599542,9,8,9.609972232838329,8.756636828184128,0.0,19.69281136989593,0.0,0.0,79.25459742546082,3.7150789052247997,32.17111527919769,0.0
37,Raphael Dias Belloli,Leeds,3,15.914279760585892,17.903564730659127,9,8,24.502304631712924,8.227258175611496,0.0,9.405600279569628,53.21087837219238,21.12007886171341,25.67606270313263,12.591110169887545,2.535104379057884,10.462424904108046
38,Matthew Lowton,Burnley,2,15.844973114629587,15.844973114629587,9,9,8.302059780440342,35.276496410369866,6.003642827272415,0.0,3.544222190976143,7.042720168828964,9.44632813334465,76.44014358520508,2.4505414068698883,2.4006633087992673
39,Jarrod Bowen,West Ham,3,15.706316526565287,15.706316526565287,9,9,19.5053449121836,3.9058394730091095,56.97803497314453,0.0,0.0,18.079289793968197,4.6819332987070075,22.544971108436584,32.85145163536072,2.3153284564614296
40,Bukayo Saka,Arsenal,3,15.64026971658071,15.64026971658071,9,9,14.13106250928059,40.03841578960419,3.9985422044992447,4.2111512273550025,57.90807008743286,0.0,26.65140032768249,0.0,3.4974534064531326,4.457394406199455
41,Cesar Azpilicueta,Chelsea,2,15.561098770962822,17.506236117333174,9,8,25.356097001727083,0.0,0.0,72.91399240493773,4.7130852937698355,52.24897265434265,10.173838585615158,0.0,0.0,0.0
42,Christian Benteke,Crystal Palace,4,15.107301850285795,15.107301850285795,9,9,8.289882025803035,16.885629296302795,0.0,0.0,40.425229072570794,2.0279610529541965,13.14866840839386,58.27485918998718,5.2033696323633185,0.0
43,Joao Filipe Iria Santos Moutinho,Wolves,3,14.85094219032261,14.85094219032261,9,9,14.29928214994261,0.0,2.582240104675293,2.304862253367901,0.0,0.0,61.69434785842896,6.451486051082611,7.483329623937608,53.14221382141113
44,Matt Targett,Aston Villa,2,14.793492553548681,16.642679122742265,9,8,13.724989986203127,44.890767335891724,5.079533532261848,71.06347680091858,0.0,9.604059159755707,0.8605250157415867,0.0,0.0,1.643071137368679
45,Kelechi Iheanacho,Leicester,4,14.622409890095392,14.622409890095392,9,9,23.706755806325866,6.363178789615631,3.3310022205114365,16.548189520835873,51.42980813980103,5.298992618918419,48.63051772117615,0.0,0.0,0.0
46,Matthew Cash,Aston Villa,2,14.59017801615927,14.59017801615927,9,9,11.656251417778833,65.79427123069763,7.161541283130647,0.0,50.68937540054321,0.0,0.0,0.0,0.0,7.6664142310619345
47,Joshua King,Watford,4,14.123598941498333,18.15891292478357,9,7,13.2765737914636,2.051280811429024,0.0,0.0,37.94713616371155,69.46525573730469,0.0,7.755860686302185,9.892857074737547,0.0
48,Nicolas Pepe,Arsenal,3,13.773575259579552,20.660362889369328,9,6,17.751556848706254,0.0,0.0,0.0,0.0,14.715634286403654,93.61753463745116,0.0,0.0,15.629008412361145
49,Michael Olise,Crystal Palace,3,13.70461525188552,24.668307453393936,9,5,9.375073712981603,99.29518699645996,11.738334596157074,12.308015674352644,0.0,0.0,0.0,0.0,0.0,0.0
50,Michael Keane,Everton,2,13.637724435991709,13.637724435991709,9,9,9.914436600373575,23.54556769132614,0.0,0.0,75.52862763404845,0.0,8.6949922144413,0.0,0.0,14.970332384109495
51,Emmanuel Dennis,Watford,4,13.603225640124744,13.603225640124744,9,9,13.66769329110198,89.90615010261536,0.0,4.010483995079993,3.576114028692245,0.0,0.0,0.0,3.506515920162201,21.429766714572906
52,James Milner,Liverpool,3,13.32300951083501,23.981417119503018,9,5,19.30927760768014,0.0,107.31537342071532,2.8604544699192047,0.0,4.986320808529853,0.0,0.0,0.0,4.744936898350716
53,Tino Livramento,Southampton,2,13.292020673139227,13.292020673139227,9,9,14.610427133795591,18.204417824745175,1.386950816959143,0.0,4.01613749563694,0.0,12.031172960996628,83.98950695991515,0.0,0.0
54,Ruben Loftus-Cheek,Chelsea,3,13.169781366984049,29.63200807571411,9,4,37.90359766589833,55.177998542785645,0.0,63.3500337600708,0.0,0.0,0.0,0.0,0.0,0.0
55,Richarlison de Andrade,Everton,4,13.136133468813368,23.645040243864063,9,5,20.766076983271518,3.7581689655780792,0.0,0.0,0.0,0.0,0.0,7.340559363365173,4.956398904323578,102.17007398605348
56,Phil Foden,Man City,3,12.915983630551231,23.248770534992218,9,5,19.655498113437478,52.042371034622185,0.0,8.258016407489778,55.94346523284912,0.0,0.0,0.0,0.0,0.0
57,Pascal Groß,Brighton,3,12.885243735379643,16.56674194548811,9,7,13.533725646892576,7.785716652870178,5.8288101106882095,18.80809366703033,12.96977996826172,0.0,0.0,18.990194797515873,16.243240237236027,35.34135818481445
58,Daniel Castelo Podence,Wolves,3,12.703669257462025,19.055503886193037,9,6,17.812715756944733,0.0,74.08319115638733,0.0,2.935396321117878,0.0,37.314435839653015,0.0,0.0,0.0
59,Sadio Mane,Liverpool,3,12.42441005176968,12.42441005176968,9,9,13.10885405794453,0.0,0.0,0.0,37.551474571228034,0.0,38.824883103370674,0.0,19.31761503219605,16.125717759132385
60,Ismaila Sarr,Watford,3,12.223385274410248,12.223385274410248,9,9,11.822519118112636,43.574652075767524,0.0,0.0,0.0,0.0,4.269574582576752,11.14184707403183,14.403848350048065,36.62054538726807
61,Joao Pedro Cavaco Cancelo,Man City,2,12.154243182804851,12.154243182804851,9,9,8.505050481882876,0.0,2.162791788578033,15.349842607975006,10.893979668617249,0.0,6.176785752177239,0.0,0.0,74.80478882789613
62,Patson Daka,Leicester,4,12.09518445862664,36.28555337587992,9,3,49.17120906939908,53.55176329612732,55.30489683151245,0.0,0.0,0.0,0.0,0.0,0.0,0.0
63,Max Aarons,Norwich,2,11.97889977031284,11.97889977031284,9,9,12.89468217661267,0.0,48.74383807182312,7.264668494462968,0.0,3.31902839243412,13.301903009414673,30.593299865722656,0.0,4.5873600989580146
64,Lucas Digne,Everton,2,11.929607474141651,11.929607474141651,9,9,9.711584467716332,34.80376303195953,8.059566468000412,10.238908976316454,1.5315115451812744,18.574723601341244,7.031099498271942,0.0,9.734588116407394,17.3923060297966
65,Emile Smith Rowe,Arsenal,3,11.912204159630669,11.912204159630669,9,9,11.379920994300395,58.5874080657959,1.6012717038393018,3.5810124129056935,15.264414250850676,0.0,15.91833084821701,0.0,0.0,12.257400155067446
66,Reece James,Chelsea,2,11.658979145189127,17.48846871778369,9,6,22.87902723176846,4.464510455727577,0.0,0.0,0.0,0.0,0.0,2.1083561703562737,98.35794568061829,0.0
67,Christian Nørgaard,Brentford,3,11.504709461910856,11.504709461910856,9,9,15.30924471486099,52.62444019317627,9.5656119287014,0.0,40.493103861808784,0.8592291735112667,0.0,0.0,0.0,0.0
68,Douglas Luiz Soares de Paulo,Aston Villa,3,11.478939849055475,12.91380733018741,9,8,11.423522909288796,0.0,1.2316378764808178,9.909168630838394,63.70861530303955,21.411123871803287,0.0,7.0499129593372345,0.0,0.0
69,Aaron Cresswell,West Ham,2,11.469927430152893,11.469927430152893,9,9,13.789593307664687,50.45674443244934,0.0,17.927944660186764,8.131355047225952,11.19721233844757,2.471285313367844,9.2539019882679,0.0,3.7909030914306636
70,Naby Keita,Liverpool,3,11.423825058672161,17.135737588008244,9,6,14.00928718593518,80.63186407089232,0.0,0.0,0.0,0.0,0.0,0.0,0.0,22.182561457157135
71,Mason Greenwood,Man Utd,3,11.16887086795436,11.16887086795436,9,9,13.364077329072204,35.96905171871185,0.0,0.0,9.961438924074171,4.732885956764222,4.641610011458396,13.932977616786955,8.284929394721985,22.99694418907165
72,Ruben Santos Gato Alves Dias,Man City,2,11.092700229750738,11.092700229750738,9,9,6.47914783784604,0.0,0.0,0.0,0.0,3.7700235843658447,25.760766863822933,14.940637350082396,55.36287426948547,0.0
73,Che Adams,Southampton,4,10.790435845653215,16.185653768479824,9,6,23.806452999226046,0.0,0.0,0.0,14.594373106956482,4.529638960957527,0.0,8.824090659618376,33.049362897872925,36.11645698547363
74,Ayoze Perez,Leicester,3,10.767285774151484,24.22639299184084,9,4,24.826623452252836,0.0,80.71144819259644,0.0,0.0,0.0,0.0,0.0,7.0219337940216064,9.172189980745317
75,Heung-Min Son,Spurs,3,9.906979298426045,11.145351710729301,9,8,11.42340282302428,14.530107378959654,23.362067341804504,12.391292303800585,20.436015725135807,2.6732100173830986,0.0,10.338187217712402,0.0,5.4319337010383615
76,Ruben Diogo da Silva Neves,Wolves,3,9.862820038364994,9.862820038364994,9,9,9.780397908827455,0.0,0.0,3.005381301045418,0.0,2.3391898721456528,3.407805413007736,1.4709321781992912,68.29051971435547,10.251551866531374
77,Ethan Pinnock,Brentford,2,9.847024290098084,9.847024290098084,9,9,13.927988171562102,7.9445354640483865,67.69585013389586,7.768360525369643,0.0,0.0,0.0,0.0,0.0,5.214472487568855
78,Marcos Alonso,Chelsea,2,9.712084548340904,14.568126822511354,9,6,22.270375152298207,0.0,0.0,0.0,0.0,27.29766368865967,0.0,12.165787070989607,30.31741678714752,17.627893388271332
79,Hee-Chan Hwang,Wolves,4,9.69362755616506,9.69362755616506,6,6,7.4814972243464295,0.0,0.0,58.161765336990356,0.0,0.0,0.0,,,
80,Scott McTominay,Man Utd,3,9.588173321551746,12.327651413423675,9,7,17.503499763777864,72.77077436447144,0.0,2.5609463453292847,4.351051151752472,4.933448135852814,0.0,0.0,0.0,1.6773398965597153
81,Solomon March,Brighton,3,9.438307107322746,12.13496628084353,9,7,7.502278656926582,0.0,65.14739990234375,5.654579773545265,0.0,4.182206839323044,0.0,0.0,2.4163907393813133,7.54418671131134
82,Virgil van Dijk,Liverpool,2,9.185496096809706,9.185496096809706,9,9,9.51973009020322,0.0,4.408062994480133,0.0,0.0,48.17951619625092,10.894329845905304,0.0,13.450637459754946,5.7369183748960495
83,Declan Rice,West Ham,3,9.168505296111107,9.168505296111107,9,9,10.243398104661194,0.0,14.603565633296967,0.0,30.258047580718994,0.0,2.374515309929848,8.589202165603638,17.842477560043335,8.848739415407179
84,Marc Cucurella,Brighton,2,9.103816002607346,9.103816002607346,6,6,7.14070635675087,3.4413140267133717,17.994208633899692,17.504951357841488,0.0,13.008835911750793,2.6735860854387283,,,
85,Alex Iwobi,Everton,3,9.09063033759594,10.226959129795432,9,8,8.281124372620312,0.0,0.0,0.0,17.2869473695755,0.0,0.0,16.964049637317654,43.65473985671997,3.909936174750328
86,Jakub Moder,Brighton,3,9.067834210064678,9.067834210064678,9,9,7.617750749079573,10.967637598514557,0.0,6.1691757291555405,0.0,0.0,0.0,0.0,0.0,64.473694562912
87,Craig Cathcart,Watford,2,8.753806352615355,11.254893881934027,9,7,11.984413544307658,78.7842571735382,0.0,0.0,0.0,0.0,0.0,0.0,0.0,0.0
88,Kyle Walker-Peters,Southampton,2,8.688965108659533,15.640137195587158,9,5,29.021093870210276,0.0,0.0,61.78960800170898,0.0,7.900860905647278,0.0,8.510217070579529,0.0,0.0
89,Adama Traore,Wolves,3,8.617835119366646,8.617835119366646,9,9,8.740049456392327,3.6487549543380737,0.0,0.0,0.0,5.526266619563104,7.58291557431221,36.75090968608856,15.91017097234726,8.141498267650602
90,Eric Dier,Spurs,2,8.430198973251713,8.430198973251713,9,9,7.928150812016009,0.0,0.0,45.29052376747131,29.249539971351624,1.3317270204424858,0.0,0.0,0.0,0.0
91,Thiago Alcantara do Nascimento,Liverpool,3,8.298498350712988,18.671621289104223,9,4,16.266707292384623,0.0,0.0,0.0,0.0,4.906391352415085,64.99455571174622,4.7855380922555915,0.0,0.0
92,Ricardo Domingos Barbosa Pereira,Leicester,2,8.252406927446525,10.610237478145534,9,7,10.680635375655404,2.739901654422283,0.0,0.0,15.550249814987184,7.777073234319688,0.0,36.76449060440064,0.0,11.439947038888931
93,Pierre Lees-Melou,Norwich,3,8.246738898257414,9.277581260539591,9,8,13.077579029305964,0.0,3.034489788115025,0.0,2.708118036389351,0.0,1.2826664373278618,1.8504818901419642,0.0,65.34489393234253
94,Sergi Canos,Brentford,3,8.051566407084465,8.051566407084465,9,9,8.449464115203865,5.468132719397545,0.0,0.0,0.0,0.0,0.0,0.0,11.126385629177094,55.86957931518555
95,Pierre-Emerick Aubameyang,Arsenal,4,8.001374950011572,9.001546818763018,9,8,8.103568912249337,17.931318283081055,11.649570614099504,0.0,0.0,26.539680361747738,15.891805291175842,0.0,0.0,0.0
96,Leander Dendoncker,Wolves,3,7.90812869866689,11.862193048000336,9,6,11.418378912442599,0.0,66.71194434165955,4.461213946342467,0.0,0.0,0.0,0.0,0.0,0.0
97,Konstantinos Tsimikas,Liverpool,2,7.860080732239617,14.148145318031311,9,5,14.315887732975238,0.0,0.0,0.0,0.0,20.889078080654144,0.0,9.927578270435331,39.92407023906708,0.0
98,Steven Bergwijn,Spurs,3,7.7380680375629005,17.410653084516525,9,4,27.111084462948867,0.0,0.0,0.0,0.0,0.0,0.0,0.0,54.41294312477112,15.229669213294985
99,Miguel Almiron,Newcastle,3,7.724474013472597,8.690033265156671,9,8,5.261644826686774,1.1708162724971771,0.0,0.0,2.5800656527280807,53.88690829277039,0.6815006490796804,0.0,9.13029685616493,2.070678398013115
100,Tyrick Mitchell,Crystal Palace,2,7.722714791695277,7.722714791695277,9,9,3.096773190176446,47.01176285743714,7.892382889986037,5.7511843740940085,3.54081429541111,0.0,2.6977844536304474,2.6105042546987534,0.0,0.0
101,Francisco Machado Mota de Castro Trincao,Wolves,3,7.573006364206473,11.35950954630971,9,6,10.515169207194214,0.0,0.0,0.0,0.0,2.9795585200190544,48.3776718378067,0.0,11.812750995159151,4.987075924873351
102,Roberto Firmino,Liverpool,4,7.516103486220042,9.663561625140053,9,7,7.359900513089167,5.804598331451416,50.32227635383606,0.0,0.0,0.0,0.0,0.0,3.3081188797950745,8.209937810897827
103,Sergio Reguilon,Spurs,2,7.377217689322101,7.377217689322101,9,9,7.865611456687619,14.388589560985565,6.75811842083931,0.0,34.23711657524109,0.0,2.842867188155651,4.465826600790023,0.0,3.702440857887268
104,Emiliano Buendia Stati,Aston Villa,3,7.3765786157713995,9.484172505991799,9,7,9.69455400146562,14.836561679840088,33.81549119949341,0.0,4.386772215366364,0.0,0.0,7.2054386138916025,6.144943833351135,0.0
105,Tom Cleverley,Watford,3,7.131987230645286,10.697980845967928,9,6,7.625323257491467,0.0,0.0,0.0,0.0,59.70224738121033,0.0,0.0,0.0,4.485637694597244
106,Ademola Lookman,Leicester,3,7.057057817776997,10.585586726665495,6,4,10.468802485287032,0.0,0.0,0.0,36.067387461662285,6.274959444999695,0.0,,,
107,Jamie Vardy,Leicester,4,7.039563399222162,7.039563399222162,9,9,8.357973728400093,0.0,17.469008266925808,0.0,9.151011705398561,7.840953767299652,3.5141315311193466,5.95482662320137,0.0,19.426138699054718
108,Daniel James,Leeds,3,6.916301490532028,7.780839176848532,9,8,11.726507608948076,2.933695912361145,0.0,0.0,0.0,6.095097213983536,0.0,51.0892927646637,0.0,2.128627523779869
109,Tyler Roberts,Leeds,3,6.912072292632527,6.912072292632527,9,9,8.316344896073137,9.589726477861404,8.982097357511519,0.0,6.163039430975914,9.332431852817537,0.0,0.0,0.0,28.14135551452637
110,Victor Lindelof,Man Utd,2,6.809774703449673,10.214662055174509,9,6,10.002427120767798,0.0,25.09621381759644,0.0,0.0,0.0,0.0,0.0,0.0,36.191758513450615
111,Ken Sema,Watford,3,6.772094758020507,12.189770564436913,9,5,10.494114338532682,0.0,0.0,0.0,0.0,0.0,0.0,0.0,5.26488833129406,55.6839644908905
112,Aaron Wan-Bissaka,Man Utd,2,6.722533744242456,6.722533744242456,9,9,7.482822239543402,0.0,0.0,35.65622866153717,11.439698934555054,0.0,1.467488333582878,0.0,11.939387768507006,0.0
113,Ben White,Arsenal,2,6.720643904474047,8.640827877180916,9,7,9.852009429991464,0.0,45.1459139585495,6.467336416244508,0.0,0.0,8.872544765472412,0.0,0.0,0.0
114,Jacob Murphy,Newcastle,3,6.710634215010537,7.549463491886854,9,8,5.237320937077478,0.0,0.0,0.0,0.0,0.0,0.0,50.84404945373535,0.0,9.551658481359484
115,Francisco Femenia Far,Watford,2,6.70964519182841,15.096701681613922,9,4,10.608826279625728,0.0,0.0,0.0,0.0,60.38680672645569,0.0,0.0,0.0,0.0
116,Neco Williams,Liverpool,2,6.624245643615723,59.618210792541504,9,1,44.91888408460958,0.0,59.618210792541504,0.0,0.0,0.0,0.0,0.0,0.0,0.0
117,Leandro Trossard,Brighton,3,6.621782812807295,6.621782812807295,9,9,7.538872262262802,13.32586407661438,0.0,13.231098651885985,0.0,14.113153517246245,16.78348183631897,2.142447233200073,0.0,0.0
118,Robert Sanchez,Brighton,1,6.517086757553949,6.517086757553949,9,9,5.488826245645592,0.0,0.0,0.0,29.83822822570801,0.0,0.0,0.0,0.0,28.81555259227753
119,N'Golo Kante,Chelsea,3,6.445011889768971,11.601021401584148,9,5,17.512660929151956,0.0,2.7699565514922138,0.0,0.0,45.04308998584747,0.0,10.192060470581056,0.0,0.0
120,Harvey Barnes,Leicester,3,6.294845251573458,8.09337246630873,9,7,10.35970818553496,0.0,0.0,34.552440047264106,4.503186792135238,15.579237043857574,0.0,0.0,2.0187433809041977,0.0
121,Kenny McLean,Norwich,3,6.28799663649665,7.073996216058731,9,8,8.405245101492996,0.0,0.0,0.0,56.59196972846985,0.0,0.0,0.0,0.0,0.0
122,Giovani Lo Celso,Spurs,3,6.182867081628905,11.12916074693203,9,5,14.992107456572194,0.0,0.0,5.2529510110616675,0.0,43.077415227890015,0.0,0.0,7.315437495708466,0.0
123,Jack Harrison,Leeds,3,6.166901832653417,7.928873784840107,9,7,11.36875770369839,1.908819563686848,0.0,0.0,0.0,0.0,19.48440819978714,12.657323479652405,15.599702298641205,5.851862952113152
124,Adam Armstrong,Southampton,4,6.126282860835393,6.892068218439817,9,8,10.052737088155892,0.0,0.0,0.0,22.986960411071774,0.0,12.022685259580612,13.492447137832642,6.634452939033508,0.0
125,Nuno Varela Tavares,Arsenal,2,6.118067767884996,11.012521982192993,9,5,9.774846663815495,55.062609910964966,0.0,0.0,0.0,0.0,0.0,0.0,0.0,0.0
126,Nathan Collins,Burnley,2,6.11088950600889,18.33266851802667,9,3,22.034099830642337,1.9320499151945116,53.0659556388855,0.0,0.0,0.0,0.0,0.0,0.0,0.0
127,James McArthur,Crystal Palace,3,6.089804052478738,6.089804052478738,9,9,2.709139161396905,32.047316431999214,5.4112646728754035,4.62997630238533,2.9204418882727623,3.1998354941606517,0.0,0.0,0.0,6.59940168261528
128,Johann Berg Gudmundsson,Burnley,3,5.680164342953099,5.680164342953099,9,9,3.456739703718745,0.0,0.0,2.6747317984700203,0.0,0.0,45.397937297821045,0.0,3.0488099902868266,0.0
129,Andrew Robertson,Liverpool,2,5.665385764506128,8.498078646759192,9,6,8.34229804918824,0.0,6.330821663141251,0.0,1.8498312681913376,0.0,26.935294270515442,15.872524678707125,0.0,0.0
130,Mathias Normann,Norwich,3,5.6089552740255995,6.730746328830719,6,5,5.915126913309244,0.0,0.0,5.0956301391124725,4.043424874544144,24.51467663049698,0.0,,,
131,Vitaly Janelt,Brentford,3,5.587463660372628,8.381195490558943,9,6,11.11685277694704,0.0,0.0,0.0,6.6710591316223145,24.46386069059372,4.875555634498597,9.779212623834608,4.497484862804413,0.0
132,Tanguy Ndombele,Spurs,3,5.523170013394621,9.941706024110317,9,5,11.641981685303168,32.18165934085846,0.0,15.583695471286775,0.0,1.943175308406353,0.0,0.0,0.0,0.0
133,Kieran Tierney,Arsenal,2,5.338797904551029,6.006147642619908,9,8,9.642118530785007,0.0,1.8142947927117348,0.0,0.0,0.0,7.2912201285362235,11.680477857589722,0.0,27.263188362121586
134,Joao Pedro Junqueira de Jesus,Watford,4,5.178691022511986,11.652054800651968,9,4,12.75927643702795,36.81415319442749,8.367607742547987,0.0,1.426458265632391,0.0,0.0,0.0,0.0,0.0
135,Kyle Walker,Man City,2,5.157793644401762,6.631448971373694,9,7,4.654100134351822,0.0,0.0,0.0,7.358867675065994,39.061275124549866,0.0,0.0,0.0,0.0
136,Pierre-Emile Højbjerg,Spurs,3,5.115328149663077,5.115328149663077,9,9,5.100448357311714,0.0,29.42201793193817,0.0,0.0,0.0,4.913589358329774,6.632478535175324,0.0,5.069867521524428
137,Pontus Jansson,Brentford,2,5.0743671754995985,5.0743671754995985,9,9,5.167406677549055,0.0,0.0,0.0,0.0,0.0,0.0,43.90892684459686,1.7603777348995209,0.0
138,Mateusz Klich,Leeds,3,5.054080113768578,6.498103003416743,9,7,7.8536036015912964,0.0,1.1069390922784803,16.337531805038452,13.51863294839859,7.0239879190921775,0.0,0.0,7.499629259109497,0.0
139,Javier Manquillo,Newcastle,2,4.981303380595313,7.47195507089297,9,6,4.724511599722719,0.0,43.05696785449982,1.7747625708580017,0.0,0.0,0.0,0.0,0.0,0.0
140,Bryan Mbeumo,Brentford,3,4.918539399902026,4.918539399902026,9,9,6.628211588400394,0.0,0.0,0.0,9.140430390834807,2.6154145598411556,1.6466069966554642,0.0,23.60602617263794,7.258376479148865
141,Moussa Sissoko,Watford,3,4.865743747601907,6.255956246916737,9,7,6.137104048235034,0.0,8.215129375457764,2.1166302263736725,1.3418438844382763,3.291328251361847,9.117371588945387,19.70939040184021,0.0,0.0
142,Raheem Sterling,Man City,3,4.859534319904116,5.46697610989213,9,8,3.958199195853504,0.0,5.112224817276001,10.936771333217619,0.0,6.4967624843120575,10.124219954013824,11.065830290317537,0.0,0.0
143,Jordan Ayew,Crystal Palace,4,4.7925098281767635,5.391573556698859,9,8,3.1981243527458902,0.0,6.361278891563416,2.5635048747062683,2.256469614803791,11.982744932174684,6.249171495437622,0.0,0.0,13.71941864490509
144,Jadon Sancho,Man Utd,3,4.741550733645757,6.096279514687402,9,7,6.651280174645867,0.0,22.42470234632492,14.107930660247805,0.0,0.0,4.607047140598297,0.0,1.5342764556407928,0.0
145,Pablo Mari,Arsenal,2,4.73879377047221,21.324571967124946,9,2,28.07917291072044,0.0,0.0,0.0,0.0,0.0,0.0,0.0,42.649143934249885,0.0
146,Rico Henry,Brentford,2,4.726142043040858,4.726142043040858,9,9,6.101422986394905,0.0,5.687623098492622,6.9083914160728455,0.0,0.0,2.5057500228285794,10.406779497861864,17.026734352111813,0.0
147,Jorge Luiz Frello Filho,Chelsea,3,4.6705212030145855,5.254336353391409,9,8,7.128261297432268,12.062129378318787,0.0,0.0,0.0,9.255616366863249,2.0457498729228973,0.0,11.08936369419098,7.581831514835358
148,Danny Rose,Watford,2,4.596057430737549,8.272903375327587,9,5,5.874125357479887,0.0,0.0,0.0,10.572074353694916,29.460155963897705,1.3322865590453148,0.0,0.0,0.0
149,Patrick Bamford,Leeds,4,4.4349394842154455,7.982891071587803,9,5,11.101856596625035,0.0,0.0,0.0,0.0,1.2392091564834118,0.0,0.0,36.38721108436585,2.2880351170897484
150,Jose Malheiro de Sa,Wolves,1,4.389100439018673,4.389100439018673,9,9,4.4572933870439355,6.217397749423982,0.0,0.0,33.28450620174408,0.0,0.0,0.0,0.0,0.0
151,Josh Brownhill,Burnley,3,4.350993244184388,4.350993244184388,9,9,2.2410946521979245,7.220667600631714,0.0,15.484772622585295,2.4215037003159523,4.6085141599178305,0.0,0.0,7.356458157300949,2.0670229569077487
152,Joel Veltman,Brighton,2,4.330014189084371,5.567161100251334,9,7,4.756107669711678,0.0,0.0,8.972030878067018,8.625943213701246,6.533575803041457,0.0,14.838577806949615,0.0,0.0
153,Ashley Barnes,Burnley,4,4.297170042991638,4.834316298365593,9,8,3.003424325301188,0.0,0.0,0.0,0.0,0.0,8.523551374673842,10.248167812824251,15.54417610168457,4.358635097742082
154,Joelinton Cassio Apolinario de Lira,Newcastle,4,4.223104690512021,4.223104690512021,9,9,2.5206545440947132,0.0,5.192461237311363,0.0,12.534837424755096,11.486191302537918,0.0,8.794452250003816,0.0,0.0
155,Mohamed Elyounoussi,Southampton,3,4.157203870515029,5.344976404947894,9,7,9.348338272317788,3.168543428182602,2.0118409767746925,0.0,0.0,10.751751810312273,7.731777429580688,13.750921189785005,0.0,0.0
156,James Ward-Prowse,Southampton,3,4.112107430895169,5.286995268293789,9,7,8.216340024361617,0.0,0.0,0.0,4.488858953118324,2.3395679891109467,11.733770370483398,6.0174860060215,5.127435177564621,7.301848381757736
157,Saman Ghoddos,Brentford,3,4.046523239877489,9.10467728972435,9,4,9.135446553284819,0.0,0.0,0.0,0.0,0.0,0.0,36.4187091588974,0.0,0.0
158,Harvey Elliott,Liverpool,3,4.01725098490715,9.038814716041088,9,4,8.103042991993389,0.0,0.0,0.0,0.0,0.0,6.352844834327698,4.755105823278426,25.04730820655823,0.0
159,Seamus Coleman,Everton,2,4.006695995728175,6.010043993592262,9,6,4.65809183848082,16.915231943130493,0.0,0.0,0.0,0.0,0.0,0.0,10.961569845676422,8.183462172746657
160,Nelson Cabral Semedo,Wolves,2,3.978272837897142,4.4755569426342845,9,8,4.262767597495893,10.175652801990507,5.028995871543883,0.0,0.0,0.0,0.0,1.6420623287558556,18.957744538784027,0.0
161,Hector Junior Firpo Adames,Leeds,2,3.9231789194875293,5.884768379231294,9,6,5.659846167265745,0.0,0.0,9.645768254995346,2.3206617683172226,23.342180252075195,0.0,0.0,0.0,0.0
162,Fabio Henrique Tavares,Liverpool,3,3.888311651017931,5.8324674765268965,9,6,9.074088753842585,0.0,0.0,0.0,34.99480485916138,0.0,0.0,0.0,0.0,0.0
163,Oriol Romeu Vidal,Southampton,3,3.8812998682260513,3.8812998682260513,9,9,6.859316093266223,9.262826293706896,0.0,2.242557890713215,15.855339169502258,5.627401918172836,0.0,1.9435735419392584,0.0,0.0
164,Mohammed Salisu,Southampton,2,3.829530171222157,3.829530171222157,9,9,5.436417692285321,0.0,9.3794509768486,0.0,11.04779988527298,0.0,8.074279129505157,5.964241549372673,0.0,0.0
165,Stuart Dallas,Leeds,3,3.7672274849481053,3.7672274849481053,9,9,5.052455062689044,6.517256796360017,0.0,5.0155822187662125,9.87791270017624,3.8143038749694815,0.0,0.0,6.575489044189452,2.1045027300715446
166,Fabio Silva,Wolves,4,3.7414136860105733,6.7345446348190325,9,5,6.568501174925142,0.0,33.67272317409516,0.0,0.0,0.0,0.0,0.0,0.0,0.0
167,Tomas Soucek,West Ham,3,3.691168212228351,3.691168212228351,9,9,5.482354941981226,9.083201736211775,9.180648624897005,14.95666354894638,0.0,0.0,0.0,0.0,0.0,0.0
168,Juan Camilo Hernandez Suarez,Watford,4,3.6657956428825855,5.498693464323878,9,6,5.889658156673695,32.112133502960205,0.8800272829830647,0.0,0.0,0.0,0.0,0.0,0.0,0.0
169,Yves Bissouma,Brighton,3,3.64189346631368,6.555408239364624,9,5,4.052587740563312,0.0,0.0,0.0,0.0,0.0,0.0,0.0,32.77704119682312,0.0
170,Anthony Gordon,Everton,3,3.579878475930956,5.369817713896434,9,6,4.14517145645448,13.23101669549942,0.0,18.987889587879177,0.0,0.0,0.0,0.0,0.0,0.0
171,Joshua Sargent,Norwich,4,3.5754486090607114,4.0223796851933,9,8,3.8926472520855993,0.0,7.5511910021305075,11.51726096868515,0.0,7.935073226690293,0.0,5.175512284040451,0.0,0.0
172,Jay Rodriguez,Burnley,4,3.519529766506619,4.525109699794224,9,7,3.3785627565025065,0.0,0.0,0.0,0.0,0.0,0.0,0.0,31.67576789855957,0.0
173,James Maddison,Leicester,3,3.5144452626506486,3.5144452626506486,9,9,6.0501609216006,4.39927540719509,0.0,0.0,2.0386381074786186,0.0,9.37630459666252,0.0,7.757028937339783,8.058760315179825
174,Charlie Taylor,Burnley,2,3.4875443826119104,3.9234874304383993,9,8,1.7996551712180822,0.0,0.0,21.299195289611816,0.0,2.4177979677915573,6.835123896598816,0.0,0.0,0.8357822895050049
175,Neal Maupay,Brighton,4,3.4842291639910803,3.4842291639910803,9,9,2.4038434868295817,0.0,16.0841703414917,2.847324684262276,0.0,0.0,0.0,8.915780484676361,3.5107869654893875,0.0
176,Odsonne Edouard,Crystal Palace,4,3.468681530406078,3.468681530406078,6,6,1.764804879234327,0.0,7.928705960512161,9.971774369478227,0.0,2.9116088524460797,0.0,,,
177,Salomon Rondon,Everton,4,3.4449091802040734,3.4449091802040734,6,6,2.5923534575384557,0.0,0.0,11.040203273296356,9.629251807928084,0.0,0.0,,,
178,Todd Cantwell,Norwich,3,3.4335689412222967,6.180424094200134,9,5,8.968075955437616,0.0,0.0,0.0,0.0,0.0,0.0,0.0,0.0,30.90212047100067
179,Ozan Tufan,Watford,3,3.3116105943918233,8.830961585044863,8,3,5.916264731747046,0.0,0.0,0.0,26.492884755134586,0.0,0.0,0.0,0.0,
180,Teemu Pukki,Norwich,4,3.2973218605750136,3.2973218605750136,9,9,4.345054076428077,23.65046888589859,0.0,0.9830916300415992,1.0905397124588492,1.8805613741278648,0.0,2.07123514264822,0.0,0.0
181,Lucas Rodrigues Moura da Silva,Spurs,3,3.2173016832934485,3.6194643937051296,9,8,5.288827735293912,0.0,2.1262120455503464,14.492516219615936,1.5911940485239031,0.0,0.0,0.0,0.0,10.745792835950851
182,Benjamin Mendy,Man City,2,3.2058652904298572,28.852787613868713,9,1,17.795108320451263,0.0,0.0,0.0,0.0,0.0,0.0,0.0,0.0,28.852787613868713
183,Federico Fernandez,Newcastle,2,3.1582107146581015,5.6847792863845825,9,5,3.5690102810076367,0.0,0.0,0.0,0.0,0.0,0.0,0.0,28.423896431922913,0.0
184,Antonio Rudiger,Chelsea,2,3.0558534173501863,3.4378350945189595,9,8,5.6717537459389415,2.0352935418486595,0.0,9.619707614183426,4.0558721870183945,11.791807413101196,0.0,0.0,0.0,0.0
185,Mathias Jensen,Brentford,3,2.991683450010088,5.385030210018158,9,5,6.128873875511642,13.458119332790375,2.5681119412183757,1.6272816807031631,0.0,0.0,0.0,9.271638095378878,0.0,0.0
186,Benjamin Chilwell,Chelsea,2,2.776174433529377,8.328523300588131,9,3,11.600647340276538,2.4350287392735486,0.0,22.550541162490845,0.0,0.0,0.0,0.0,0.0,0.0
187,Chris Wood,Burnley,4,2.7717945993774467,2.7717945993774467,9,9,1.3969919165468447,0.0,0.0,1.4598567970097065,0.0,6.577137857675552,0.0,7.539311796426772,0.0,9.369844943284988
188,Moussa Djenepo,Southampton,3,2.7601944282650948,3.5488214077694074,9,7,4.44965992268776,0.0,14.939692616462708,0.0,0.0,0.0,5.421902239322662,1.4776166528463364,3.0025383457541466,0.0
189,Japhet Tanganga,Spurs,2,2.7285777860217624,4.911440014839172,9,5,4.0219248121439835,0.0,0.0,0.0,0.0,0.0,0.0,24.557200074195862,0.0,0.0
190,Luka Milivojevic,Crystal Palace,3,2.71723833349016,4.891029000282288,9,5,2.5039287782969657,0.0,0.0,24.45514500141144,0.0,0.0,0.0,0.0,0.0,0.0
191,Allan Marques Loureiro,Everton,3,2.7134142919547033,2.7134142919547033,9,9,2.503612554551729,1.4613238163292408,0.0,0.0,0.0,0.0,0.0,16.803430020809177,6.155974790453911,0.0
192,Christos Tzolis,Norwich,3,2.645338988966412,7.936016966899236,9,3,7.465230533897636,0.0,0.0,0.0,4.921406507492065,7.78983011841774,11.096814274787905,0.0,0.0,0.0
193,Martin Ødegaard,Arsenal,3,2.5982570368796587,2.969436613576753,8,7,2.5070851605149227,0.0,0.0,0.0,7.6985277235507965,9.114202111959457,3.973326459527016,0.0,0.0,
194,Grant Hanley,Norwich,2,2.563000635968314,2.563000635968314,9,9,2.9746579085359417,0.0,0.0,0.0,0.0,4.5467860996723175,7.153550535440445,0.0,0.0,11.366669088602064
195,Jacob Ramsey,Aston Villa,3,2.512348277701272,2.826391812413931,9,8,2.628951853110926,3.2079555094242096,0.0,0.0,0.0,4.007551819086076,7.323046773672104,0.0,0.0,8.072580397129059
196,Dimitris Giannoulis,Norwich,2,2.4754352453682156,3.713152868052324,9,6,3.885298884267717,0.0,4.1331030428409585,14.389628171920776,0.0,0.0,0.0,0.0,0.0,3.756185993552208
197,Callum Hudson-Odoi,Chelsea,3,2.4699185664455094,7.409755699336529,9,3,9.198784078696722,12.448389083147047,0.0,7.442545145750046,0.0,0.0,2.338332869112492,0.0,0.0,0.0
198,Rodrigo Hernandez,Man City,3,2.4614923530154758,3.164775882448469,9,7,1.7856643537678865,0.0,0.0,0.0,0.0,0.0,0.0,12.139131128787994,10.014300048351286,0.0
199,Milot Rashica,Norwich,3,2.4420366001625857,2.4420366001625857,9,9,2.9753460777296388,0.0,11.912518739700316,0.0,1.1743520386517048,0.0,0.0,2.5547532364726067,0.0,6.336705386638641
200,Billy Gilmour,Norwich,3,2.3344889283180232,5.252600088715552,9,4,4.306391600997606,0.0,0.0,0.0,0.0,21.01040035486221,0.0,0.0,0.0,0.0
201,Nikola Vlasic,West Ham,3,2.3234695196151733,4.646939039230347,6,3,5.1344504894675405,0.0,0.0,0.0,0.0,0.0,13.94081711769104,,,
202,Ezri Konsa Ngoyo,Aston Villa,2,2.318146245347129,2.318146245347129,9,9,1.6154733731975084,0.0,0.0,7.411017268896103,0.0,0.0,0.0,0.0,13.452298939228056,0.0
203,Hugo Lloris,Spurs,1,2.2924921992752285,2.2924921992752285,9,9,2.294860688846221,0.0,0.0,17.537175118923187,0.0,0.0,0.0,0.0,3.095254674553871,0.0
204,Alexis Mac Allister,Brighton,3,2.268098874224557,2.9161271240030016,9,7,2.680517589661683,0.0,0.0,0.0,0.0,0.0,9.333088994026184,0.0,11.079800873994827,0.0
205,Cristiano Ronaldo dos Santos Aveiro,Man Utd,4,2.263082657009363,2.263082657009363,6,6,2.4089815621401334,0.0,4.4393204152584085,5.113643780350684,1.872965693473816,0.0,2.1525660529732704,,,
206,Ibrahima Diallo,Southampton,3,2.16366954975658,2.7818608496870314,9,7,4.082309702006091,10.886478424072266,0.0,8.586547523736954,0.0,0.0,0.0,0.0,0.0,0.0
207,Curtis Jones,Liverpool,3,2.120029036369589,4.770065331831574,9,4,9.448730083271023,2.9807323589921,0.0,16.099528968334198,0.0,0.0,0.0,0.0,0.0,0.0
208,Jack Stephens,Southampton,2,2.1129566762182446,3.8033220171928406,9,5,3.6903112688677076,0.0,0.0,0.0,0.0,0.0,0.0,19.016610085964203,0.0,0.0
209,Cedric Soares,Arsenal,2,2.101406455039978,6.304219365119934,9,3,6.377178706359674,0.0,0.0,0.0,0.0,0.0,9.951040148735046,0.0,8.961617946624756,0.0
210,Ben Godfrey,Everton,2,2.0797486727436385,3.1196230091154575,9,6,2.5136621230830385,0.0,0.0,2.405400387942791,2.8946138918399815,13.417723774909973,0.0,0.0,0.0,0.0
211,Nemanja Matic,Man Utd,3,2.070249751624134,3.726449552923441,9,5,3.505293354799194,0.0,1.4056035317480564,0.0,0.0,5.469371005892754,11.757273226976395,0.0,0.0,0.0
212,Thomas Partey,Arsenal,3,2.0609902011023626,3.091485301653544,9,6,3.174992651206745,0.0,5.055159330368042,5.58524876832962,5.0495266914367685,2.8589770197868347,0.0,0.0,0.0,0.0
213,Frederico Rodrigues de Paula Santos,Man Utd,3,2.0210187468263836,2.5984526744910648,9,7,3.046030818839796,1.7298270016908646,0.0,7.726234942674638,0.0,1.988103613257408,0.0,0.0,6.745003163814545,0.0
214,Thiago Emiliano da Silva,Chelsea,2,2.0143376663327217,3.0215064994990826,9,6,3.9513372508712283,2.9866009950637817,0.0,1.6146371141076088,0.0,5.813892185688019,7.713908702135086,0.0,0.0,0.0
215,Albert Sambi Lokonga,Arsenal,3,2.003376413550642,2.253798465244472,9,8,2.35272335490218,11.550234258174894,1.5723804011940956,0.0,0.0,1.6075335443019867,0.0,0.0,0.0,3.3002395182847977
216,Emerson Aparecido Leite de Souza Junior,Spurs,2,1.9829186610877514,1.9829186610877514,6,6,2.147733822528368,0.0,0.0,5.862865969538689,2.253297902643681,3.7813480943441387,0.0,,,
217,Alexandre Lacazette,Arsenal,4,1.8929474469688203,4.259131755679846,9,4,4.835081072692113,4.745875671505927,12.290651351213455,0.0,0.0,0.0,0.0,0.0,0.0,0.0
218,Joseph Willock,Newcastle,3,1.8107363540265295,2.0370783982798457,9,8,1.1451210077187373,0.0,0.0,0.0,11.170579493045807,3.7566643208265305,0.0,0.0,1.3693833723664284,0.0
219,Danny Ings,Aston Villa,4,1.8091492354869843,1.8091492354869843,9,9,2.141998806479709,0.0,0.0,0.0,0.0,9.9727563560009,0.0,6.309586763381957,0.0,0.0
220,Tyrone Mings,Aston Villa,2,1.7845181955231562,2.0075829699635506,9,8,1.6263649553314932,0.0,0.0,0.0,0.0,7.262798398733139,0.0,0.0,8.797865360975266,0.0
221,Joel Matip,Liverpool,2,1.772666722536087,2.279142928974969,9,7,3.275278447967241,0.0,0.0,7.208539545536041,0.0,0.0,8.745460957288742,0.0,0.0,0.0
222,Frank Onyeka,Brentford,3,1.6687246660391486,1.8773152492940421,9,8,2.107220909281654,5.094456300139426,0.0,0.0,0.0,0.0,0.0,0.0,3.3534456044435497,6.5706200897693625
223,Steven Alzate,Brighton,3,1.6309989823235407,7.339495420455933,9,2,5.074928418481848,0.0,0.0,0.0,0.0,0.0,0.0,0.0,0.0,14.678990840911865
224,Maxwel Cornet,Burnley,3,1.6248746464649837,2.4373119696974754,6,4,1.1893497205924468,3.703664615750313,0.0,0.0,0.0,6.045583263039589,0.0,,,
225,Sean Longstaff,Newcastle,3,1.6226817336347368,1.6226817336347368,9,9,0.9978004162532675,0.0,0.0,0.0,2.935850247740745,5.083353444933892,0.0,6.584931910037994,0.0,0.0
226,Leon Bailey,Aston Villa,3,1.5896492534213595,3.576710820198059,9,4,3.319906583162719,5.285768955945969,0.0,0.0,0.0,0.0,5.64686730504036,0.0,0.0,3.374207019805908
227,Romain Perraud,Southampton,2,1.5849113464355469,2.3773670196533203,9,6,3.4078445707626757,4.952152818441392,0.0,0.0,0.0,0.0,1.8355637788772583,0.0,0.0,7.476485520601273
228,Dominic Calvert-Lewin,Everton,4,1.5468273725774553,4.640482117732366,9,3,3.8479429713572406,0.0,0.0,0.0,0.0,0.0,0.0,3.2223738729953766,10.699072480201721,0.0
229,Adam Lallana,Brighton,3,1.5432694719897375,1.5432694719897375,9,9,0.9856419888029281,0.0,7.254042476415634,6.635382771492004,0.0,0.0,0.0,0.0,0.0,0.0
230,Ainsley Maitland-Niles,Arsenal,3,1.4267603556315107,2.140140533447266,9,6,1.5767224897431724,0.0,0.0,0.0,0.0,0.0,12.840843200683596,0.0,0.0,0.0
231,Jonjo Shelvey,Newcastle,3,1.4265116718080308,6.419302523136139,9,2,5.4127951758290775,0.0,0.0,0.0,0.0,0.0,0.0,0.0,0.0,12.838605046272278
232,Marc Albrighton,Leicester,3,1.4163656367195978,4.249096910158793,9,3,10.564969112381364,0.0,0.0,0.0,0.0,0.0,12.747290730476381,0.0,0.0,0.0
233,Raphael Varane,Man Utd,2,1.4128304086625576,2.260528653860092,8,5,2.6169006930054377,0.0,0.0,0.0,5.588499084115028,0.0,0.0,5.714144185185432,0.0,
234,Juraj Kucka,Watford,3,1.4017027285363939,1.5769155696034431,9,8,1.535183432847305,9.547226876020432,0.0,0.0,1.2391982600092888,1.8288994207978249,0.0,0.0,0.0,0.0
235,Timothy Castagne,Leicester,2,1.323477199508084,1.7016135422246794,9,7,1.6277817277622513,0.0,2.7789557352662086,0.0,9.132339060306547,0.0,0.0,0.0,0.0,0.0
236,Kalvin Phillips,Leeds,3,1.3208254136972957,1.9812381205459435,9,6,2.6717812015995066,0.0,0.0,0.0,0.0,0.0,0.0,2.8174122795462613,9.0700164437294,0.0
237,Marc Guehi,Crystal Palace,2,1.316803942124049,1.316803942124049,9,9,0.8811480372773244,0.0,0.0,0.0,0.0,0.0,0.0,0.0,0.0,11.85123547911644
238,Ollie Watkins,Aston Villa,4,1.3094452520211537,1.6835724668843406,9,7,1.8661654605689784,0.0,3.952035680413246,0.0,0.0,4.492905363440514,3.3400662243366237,0.0,0.0,0.0
239,Oghenekaro Peter Etebo,Watford,3,1.2880843132734299,1.9321264699101448,9,6,1.6250617821298345,0.0,0.0,0.0,0.0,0.0,0.0,8.193980157375336,0.0,3.398778662085533
240,Gabriel Teodoro Martinelli Silva,Arsenal,3,1.2846877177556355,2.89054736495018,9,4,4.325011351676497,0.0,0.0,0.0,0.0,0.0,0.0,0.0,3.982769697904587,7.5794197618961325
241,Mathias Jorgensen,Brentford,2,1.2798799201846123,1.5358559042215347,6,5,2.124792030756267,2.306408435106277,5.372871086001396,0.0,0.0,0.0,0.0,,,
242,Joel Ward,Crystal Palace,2,1.2316313882668812,1.2316313882668812,9,9,0.9955473213243629,0.0,0.0,0.0,0.0,0.0,0.0,0.0,11.084682494401932,0.0
243,Jamaal Lascelles,Newcastle,2,1.219710914625062,1.8295663719375928,9,6,1.4920867975245178,8.546720445156097,2.4306777864694595,0.0,0.0,0.0,0.0,0.0,0.0,0.0
244,Anwar El Ghazi,Aston Villa,3,1.2161793808142345,2.7364036068320274,9,4,3.9636641172647242,0.0,0.0,0.0,0.0,0.0,0.0,10.94561442732811,0.0,0.0
245,Matej Vydra,Burnley,4,1.1648497647709315,1.4976639832769119,9,7,0.8262599396252508,0.0,0.0,0.0,10.483647882938383,0.0,0.0,0.0,0.0,0.0
246,Jeremy Ngakia,Watford,2,1.1504227088557348,1.7256340632836025,9,6,2.2439828272902833,0.0,10.353804379701613,0.0,0.0,0.0,0.0,0.0,0.0,0.0
247,Adam Masina,Watford,2,1.077811275091436,1.9400602951645847,9,5,1.6957884547012267,0.0,0.0,0.0,0.0,0.0,0.0,7.7193357050418845,1.98096577078104,0.0
248,Ben Johnson,West Ham,2,1.07030537393358,3.21091612180074,9,3,3.66164719905687,5.895564332604407,3.737184032797813,0.0,0.0,0.0,0.0,0.0,0.0,0.0
249,Lewis Dunk,Brighton,2,1.055821528037389,1.055821528037389,9,9,0.7290316864565604,0.0,0.0,9.502393752336502,0.0,0.0,0.0,0.0,0.0,0.0
250,Emil Krafth,Newcastle,2,1.0436132550239565,3.1308397650718693,9,3,2.725671724189515,9.392519295215608,0.0,0.0,0.0,0.0,0.0,0.0,0.0,0.0
251,Boubakary Soumare,Leicester,3,1.037917782862981,1.3344657208238329,9,7,1.2760349640351738,0.0,0.0,0.0,9.34126004576683,0.0,0.0,0.0,0.0,0.0
252,Fernando Luiz Rosa,Man City,3,1.020346706112226,1.530520059168339,9,6,0.9652310634841015,0.0,0.0,0.0,0.0,2.9479596763849263,0.0,0.0,0.0,6.235160678625108
253,Hakim Ziyech,Chelsea,3,1.0178642554415598,3.053592766324679,9,3,3.9098051671690524,2.4784129112958913,0.0,0.0,0.0,0.0,6.682365387678146,0.0,0.0,0.0
254,Joachim Andersen,Crystal Palace,2,0.9825837591456043,0.9825837591456043,9,9,0.533706307082435,0.0,0.0,1.739545539021492,5.851135030388832,0.0,0.0,1.252573262900114,0.0,0.0
255,Danny Welbeck,Brighton,4,0.9746539096037549,2.1929712966084485,9,4,1.7729924316243495,0.0,0.0,0.0,0.0,8.771885186433794,0.0,0.0,0.0,0.0
256,Ki-Jana Hoever,Wolves,2,0.9590474267800649,2.8771422803401947,9,3,3.1848881319435645,0.0,0.0,0.0,0.0,0.0,0.0,0.0,0.0,8.631426841020584
257,Lukas Rupp,Norwich,3,0.957224766413371,1.4358371496200564,9,6,1.5395210079263313,0.0,0.0,0.0,0.0,0.0,0.0,8.615022897720339,0.0,0.0
258,Adam Idah,Norwich,4,0.956260081794527,1.4343901226917906,9,6,1.3134987906483806,0.0,0.0,0.0,0.0,0.0,8.606340736150743,0.0,0.0,0.0
259,Romain Saiss,Wolves,2,0.9510424195064439,0.9510424195064439,9,9,0.9654999352499364,0.0,0.0,0.0,0.0,0.0,0.0,0.0,5.583029985427856,2.9763517901301384
260,Timo Werner,Chelsea,4,0.9489439013931487,1.2200707303626197,9,7,1.7921393524817029,0.0,0.0,0.0,0.0,6.302948296070099,0.0,0.0,0.0,2.2375468164682393
261,Liam Cooper,Leeds,2,0.922225664059321,0.922225664059321,9,9,1.0802420518411497,0.0,0.0,0.0,0.0,2.877936139702797,0.0,0.0,3.599993512034416,1.8221013247966769
262,Andre Filipe Tavares Gomes,Everton,3,0.9064301848411558,2.7192905545234676,9,3,2.192197603999051,0.0,0.0,0.0,0.0,0.0,8.157871663570402,0.0,0.0,0.0
263,Kristoffer Ajer,Brentford,2,0.8965624703301324,1.1527231761387415,9,7,1.1211068433211206,0.0,0.0,0.0,0.0,0.0,0.0,0.0,0.0,8.069062232971191
264,Stuart Armstrong,Southampton,3,0.8885851129889488,3.9986330084502697,9,2,4.724783366666601,6.214333698153496,1.7829323187470436,0.0,0.0,0.0,0.0,0.0,0.0,0.0
265,Alex Oxlade-Chamberlain,Liverpool,3,0.8765700790617201,1.9722826778888702,9,4,1.584923527340105,4.359181970357895,3.5299487411975865,0.0,0.0,0.0,0.0,0.0,0.0,0.0
266,Granit Xhaka,Arsenal,3,0.8379528919855753,1.8853940069675446,9,4,2.7305979079778666,0.0,0.0,0.0,0.0,0.0,0.0,0.0,3.918931633234024,3.6226443946361537
267,Jesse Lingard,Man Utd,3,0.7893437933590677,1.7760235350579023,9,4,2.156571047604352,0.0,2.698132209479809,0.0,0.0,4.4059619307518005,0.0,0.0,0.0,0.0
268,William Troost-Ekong,Watford,2,0.7839950422445933,0.7839950422445933,9,9,0.6233932923170293,0.0,0.0,7.05595538020134,0.0,0.0,0.0,0.0,0.0,0.0
269,Jannik Vestergaard,Leicester,2,0.7474616169929504,0.9610220789909363,9,7,1.312811747380343,0.0,0.0,6.727154552936554,0.0,0.0,0.0,0.0,0.0,0.0
270,Callum Wilson,Newcastle,4,0.7361855978767077,1.3251340761780739,9,5,0.8276275123952447,0.0,3.7002824246883392,0.0,0.0,0.0,0.0,0.0,2.9253879562020297,0.0
271,Gabriel Magalhaes,Arsenal,2,0.7070063716835446,1.060509557525317,9,6,0.9361370920764712,2.5910697877407074,0.0,0.0,3.771987557411194,0.0,0.0,0.0,0.0,0.0
272,Armando Broja,Southampton,4,0.681713099280993,1.0225696489214895,9,6,1.1776114112413592,0.0,6.135417893528937,0.0,0.0,0.0,0.0,0.0,0.0,0.0
273,Reiss Nelson,Arsenal,3,0.6732144703467687,6.058930233120918,9,1,9.637254765392415,0.0,0.0,0.0,0.0,0.0,0.0,0.0,0.0,6.058930233120918
274,Isaac Hayden,Newcastle,3,0.6597564245263736,0.7422259775921703,9,8,0.4122532814062621,0.0,0.0,0.0,4.534303769469262,1.4035040512681007,0.0,0.0,0.0,0.0
275,Takehiro Tomiyasu,Arsenal,2,0.6471841285626093,0.6471841285626093,6,6,0.7965802594052146,0.0,3.883104771375656,0.0,0.0,0.0,0.0,,,
276,Fernando Marcal,Wolves,2,0.6373704514569707,0.717041757889092,9,8,0.7331223942686159,0.0,0.0,0.0,0.0,0.0,0.0,0.0,3.4470487385988235,2.289285324513912
277,Ashley Young,Aston Villa,2,0.6364386528730391,1.1455895751714704,9,5,0.8036095090083565,0.0,0.0,0.0,0.0,0.0,0.0,0.0,0.0,5.727947875857352
278,Calum Chambers,Arsenal,2,0.6173450085851881,2.7780525386333466,9,2,4.418733841842607,0.0,0.0,0.0,0.0,0.0,0.0,0.0,0.0,5.556105077266693
279,Jairo Riedewald,Crystal Palace,3,0.595826283097267,2.6812182739377017,9,2,1.8576097057651895,0.0,0.0,0.0,0.0,5.3624365478754035,0.0,0.0,0.0,0.0
280,Kai Havertz,Chelsea,3,0.5924637118975321,0.6665216758847237,9,8,0.8945484837088408,0.0,0.0,0.0,0.0,0.0,5.332173407077789,0.0,0.0,0.0
281,Enock Mwepu,Brighton,3,0.5787406116724015,1.3021663762629034,9,4,0.9003890281162706,0.0,0.0,0.0,0.0,0.0,0.0,0.0,0.0,5.208665505051614
282,Craig Dawson,West Ham,2,0.5488193697399563,0.7056249039513723,9,7,0.8345671081009083,0.0,0.0,0.0,0.0,0.0,0.0,0.0,4.939374327659606,0.0
283,Trevoh Chalobah,Chelsea,2,0.5146666533417172,0.7719999800125757,9,6,0.8599965323023377,4.631999880075456,0.0,0.0,0.0,0.0,0.0,0.0,0.0,0.0
284,Jeffrey Schlupp,Crystal Palace,3,0.49910909599728065,0.748663643995921,9,6,0.6051567802294192,0.0,0.0,0.0,0.0,0.0,0.0,0.0,4.491981863975526,0.0
285,Ryan Fraser,Newcastle,3,0.49881889588303036,0.7482283438245455,9,6,0.651398663946923,4.489370062947273,0.0,0.0,0.0,0.0,0.0,0.0,0.0,0.0
286,Jose Diogo Dalot Teixeira,Man Utd,2,0.4963812314801746,1.4891436944405239,9,3,2.197207338285029,4.467431083321571,0.0,0.0,0.0,0.0,0.0,0.0,0.0,0.0
287,Ross Barkley,Chelsea,3,0.48682627578576404,2.1907182410359383,9,2,2.4404276416065356,4.3814364820718765,0.0,0.0,0.0,0.0,0.0,0.0,0.0,0.0
288,Kieran Dowell,Norwich,3,0.4182068838013543,1.8819309771060944,9,2,2.730767288512849,0.0,0.0,0.0,0.0,0.0,0.0,0.0,0.0,3.7638619542121887
289,Joe Gelhardt,Leeds,4,0.39907177644116537,1.3967512175440788,7,2,2.225545354467684,2.7935024350881577,0.0,0.0,0.0,0.0,0.0,0.0,,
290,Jan Bednarek,Southampton,2,0.3874450508091185,0.5811675762136778,9,6,1.0017016349363677,0.0,0.0,0.0,3.4870054572820663,0.0,0.0,0.0,0.0,0.0
291,Troy Deeney,Watford,4,0.36856627298725975,1.658548228442669,9,2,1.6780078098595113,0.0,0.0,0.0,0.0,0.0,0.0,0.0,3.317096456885338,0.0
292,Daniel Amartey,Leicester,2,0.3531210952334934,0.6356179714202881,9,5,0.5197285148599623,0.0,0.0,0.0,0.0,0.0,0.0,3.1780898571014404,0.0,0.0
293,Andreas Christensen,Chelsea,2,0.31666917105515796,0.47500375658273697,9,6,0.6315870189460887,0.0,0.0,0.0,0.0,2.850022539496422,0.0,0.0,0.0,0.0
294,Max Kilman,Wolves,2,0.3059962660902076,0.3059962660902076,9,9,0.4077720972696055,0.0,0.0,0.0,0.0,1.2908668257296083,0.0,0.0,1.46309956908226,0.0
295,Ciaran Clark,Newcastle,2,0.2990407972700066,0.38448102506143705,9,7,0.27396821922926373,0.0,0.0,0.0,0.0,0.0,1.5107756480574608,0.0,0.0,1.1805915273725986
296,Ben Mee,Burnley,2,0.2824328632818328,0.4236492949227492,9,6,0.19650018113103762,0.0,0.0,0.0,0.0,1.265355944633484,0.0,1.276539824903011,0.0,0.0
297,Imran Louza,Watford,3,0.2618048340082169,2.356243506073952,9,1,2.383889076795405,0.0,0.0,0.0,0.0,0.0,0.0,0.0,2.356243506073952,0.0
298,Theo Walcott,Southampton,3,0.24336845510535776,0.43806321918964397,9,5,0.7968441199778267,0.0,0.0,2.1903160959482197,0.0,0.0,0.0,0.0,0.0,0.0
299,Brandon Williams,Norwich,2,0.24205049913790497,0.43569089844822895,9,5,0.48679643089875657,0.904005952179432,0.0,0.0,0.0,0.0,1.2744485400617125,0.0,0.0,0.0
300,Ferran Torres,Man City,3,0.2404937313662635,0.5411108955740929,9,4,0.3265196674701618,0.0,0.0,0.0,0.0,0.0,0.0,2.1644435822963715,0.0,0.0
301,Dan Burn,Brighton,2,0.22949487384822628,0.4130907729268073,9,5,0.28523406167544035,0.0,0.0,2.0654538646340366,0.0,0.0,0.0,0.0,0.0,0.0
302,Shane Duffy,Brighton,2,0.21943501714203092,0.2468643942847848,9,8,0.19958706408121374,0.0,0.0,0.0,0.0,1.9749151542782784,0.0,0.0,0.0,0.0
303,Luke Thomas,Leicester,2,0.2170102670788765,0.6510308012366295,9,3,0.5323311905400364,0.0,0.0,0.0,0.0,0.0,0.0,1.9530924037098885,0.0,0.0
304,Edinson Cavani,Man Utd,4,0.21093154533041847,0.4745959769934416,9,4,0.5734070715298688,0.0,0.0,1.8983839079737663,0.0,0.0,0.0,0.0,0.0,0.0
305,Aymeric Laporte,Man City,2,0.20476850784487194,0.26327379580054966,9,7,0.18601533313331844,0.0,0.0,0.0,0.0,0.0,1.8429165706038475,0.0,0.0,0.0
306,Ozan Kabak,Norwich,2,0.19951330808301768,0.2394159696996212,6,5,0.28447144231837246,0.0,0.0,0.0,1.197079848498106,0.0,0.0,,,
307,Pascal Struijk,Leeds,2,0.1911326621969541,0.24574199425322668,9,7,0.35034461277476137,0.0,0.0,0.0,0.0,0.0,0.0,0.0,1.7201939597725868,0.0
308,Jordan Pickford,Everton,1,0.1846475526690483,0.20772849675267935,9,8,0.20617024938927944,0.0,0.0,0.0,0.0,0.0,0.0,1.6618279740214348,0.0,0.0
309,Ben Gibson,Norwich,2,0.17813166810406578,0.22902643041951315,9,7,0.25856018759246746,0.0,1.6031850129365919,0.0,0.0,0.0,0.0,0.0,0.0,0.0
310,Andriy Yarmolenko,West Ham,3,0.1715686379207505,0.22058824875525065,9,7,0.2235274573576648,0.0,0.0,0.0,0.0,1.5441177412867546,0.0,0.0,0.0,0.0
311,Jamie Shackleton,Leeds,3,0.14811756296290293,0.1904368666665895,9,7,0.2899257099102841,0.0,0.0,0.0,1.3330580666661265,0.0,0.0,0.0,0.0,0.0
312,Tariq Lamptey,Brighton,2,0.12331089625755946,0.5548990331590176,9,2,0.9976865753713203,1.1097980663180351,0.0,0.0,0.0,0.0,0.0,0.0,0.0,0.0
313,Luke Ayling,Leeds,2,0.11557788691586918,0.20804019644856453,9,5,0.2965946552515234,0.0,0.0,0.0,0.0,0.0,0.0,0.0,1.0402009822428226,0.0
314,Taylor Richards,Brighton,3,0.08127258366180791,0.7314532529562712,9,1,0.6553384283710892,0.0,0.0,0.0,0.0,0.0,0.0,0.7314532529562712,0.0,0.0
315,Rui Pedro dos Santos Patricio,Wolves,1,0.0,0.0,9,0,0.0,0.0,0.0,0.0,0.0,0.0,0.0,0.0,0.0,0.0
316,Onel Hernandez,Norwich,3,0.0,0.0,9,0,0.0,0.0,0.0,0.0,0.0,0.0,0.0,0.0,0.0,0.0
317,Willy Boly,Wolves,2,0.0,0.0,9,0,0.0,0.0,0.0,0.0,0.0,0.0,0.0,0.0,0.0,0.0
318,Harrison Ashby,West Ham,2,0.0,0.0,2,0,0.0,0.0,0.0,,,,,,,
319,Sam Byram,Norwich,2,0.0,0.0,9,0,0.0,0.0,0.0,0.0,0.0,0.0,0.0,0.0,0.0,0.0
320,Conor Coady,Wolves,2,0.0,0.0,9,9,0.0,0.0,0.0,0.0,0.0,0.0,0.0,0.0,0.0,0.0
321,Jordan Hugill,Norwich,4,0.0,0.0,9,0,0.0,0.0,0.0,0.0,0.0,0.0,0.0,0.0,0.0,0.0
322,Pierluigi Gollini,Spurs,1,0.0,0.0,9,0,0.0,0.0,0.0,0.0,0.0,0.0,0.0,0.0,0.0,0.0
323,Jonathan Castro Otto,Wolves,2,0.0,0.0,9,0,0.0,0.0,0.0,0.0,0.0,0.0,0.0,0.0,0.0,0.0
324,Morgan Gibbs-White,Wolves,3,0.0,0.0,9,2,0.0,0.0,0.0,0.0,0.0,0.0,0.0,0.0,0.0,0.0
325,Fabian Schar,Newcastle,2,0.0,0.0,9,2,0.0,0.0,0.0,0.0,0.0,0.0,0.0,0.0,0.0,0.0
326,Christian Marques,Wolves,2,0.0,0.0,9,0,0.0,0.0,0.0,0.0,0.0,0.0,0.0,0.0,0.0,0.0
327,Chem Campbell,Wolves,3,0.0,0.0,9,0,0.0,0.0,0.0,0.0,0.0,0.0,0.0,0.0,0.0,0.0
328,Luke Cundle,Wolves,3,0.0,0.0,9,0,0.0,0.0,0.0,0.0,0.0,0.0,0.0,0.0,0.0,0.0
329,Patrick Cutrone,Wolves,4,0.0,0.0,9,0,0.0,0.0,0.0,0.0,0.0,0.0,0.0,0.0,0.0,0.0
330,Rayan Ait Nouri,Wolves,2,0.0,0.0,9,2,0.0,0.0,0.0,0.0,0.0,0.0,0.0,0.0,0.0,0.0
331,John Ruddy,Wolves,1,0.0,0.0,9,0,0.0,0.0,0.0,0.0,0.0,0.0,0.0,0.0,0.0,0.0
332,Jamal Lewis,Newcastle,2,0.0,0.0,9,1,0.0,0.0,0.0,0.0,0.0,0.0,0.0,0.0,0.0,0.0
333,Matthew Longstaff,Newcastle,3,0.0,0.0,9,0,0.0,0.0,0.0,0.0,0.0,0.0,0.0,0.0,0.0,0.0
334,Freddie Woodman,Newcastle,1,0.0,0.0,9,4,0.0,0.0,0.0,0.0,0.0,0.0,0.0,0.0,0.0,0.0
335,Mark Gillespie,Newcastle,1,0.0,0.0,9,0,0.0,0.0,0.0,0.0,0.0,0.0,0.0,0.0,0.0,0.0
336,Yerson Mosquera Valdelamar,Wolves,2,0.0,0.0,9,0,0.0,0.0,0.0,0.0,0.0,0.0,0.0,0.0,0.0,0.0
337,Andreas Sondergaard,Wolves,1,0.0,0.0,9,0,0.0,0.0,0.0,0.0,0.0,0.0,0.0,0.0,0.0,0.0
338,Joe White,Newcastle,3,0.0,0.0,6,0,0.0,0.0,0.0,0.0,0.0,0.0,0.0,,,
339,Owen Otasowie,Wolves,3,0.0,0.0,9,0,0.0,0.0,0.0,0.0,0.0,0.0,0.0,0.0,0.0,0.0
340,Elliot Anderson,Newcastle,3,0.0,0.0,4,0,0.0,0.0,0.0,0.0,0.0,,,,,
341,Alex Kral,West Ham,3,0.0,0.0,6,0,0.0,0.0,0.0,0.0,0.0,0.0,0.0,,,
342,Michael McGovern,Norwich,1,0.0,0.0,9,0,0.0,0.0,0.0,0.0,0.0,0.0,0.0,0.0,0.0,0.0
343,Tim Krul,Norwich,1,0.0,0.0,9,9,0.0,0.0,0.0,0.0,0.0,0.0,0.0,0.0,0.0,0.0
344,Pedro Lomba Neto,Wolves,3,0.0,0.0,9,0,0.0,0.0,0.0,0.0,0.0,0.0,0.0,0.0,0.0,0.0
345,Marco Stiepermann,Norwich,3,0.0,0.0,9,0,0.0,0.0,0.0,0.0,0.0,0.0,0.0,0.0,0.0,0.0
346,Christoph Zimmermann,Norwich,2,0.0,0.0,9,0,0.0,0.0,0.0,0.0,0.0,0.0,0.0,0.0,0.0,0.0
347,Lukasz Fabianski,West Ham,1,0.0,0.0,9,9,0.0,0.0,0.0,0.0,0.0,0.0,0.0,0.0,0.0,0.0
348,Jamal Baptiste,West Ham,2,0.0,0.0,9,0,0.0,0.0,0.0,0.0,0.0,0.0,0.0,0.0,0.0,0.0
349,Joe Hart,Spurs,1,0.0,0.0,9,0,0.0,0.0,0.0,0.0,0.0,0.0,0.0,0.0,0.0,0.0
350,Nathaniel Chalobah,Watford,3,0.0,0.0,9,0,0.0,0.0,0.0,0.0,0.0,0.0,0.0,0.0,0.0,0.0
351,Matt Doherty,Spurs,2,0.0,0.0,9,1,0.0,0.0,0.0,0.0,0.0,0.0,0.0,0.0,0.0,0.0
352,Serge Aurier,Spurs,2,0.0,0.0,9,0,0.0,0.0,0.0,0.0,0.0,0.0,0.0,0.0,0.0,0.0
353,Erik Lamela,Spurs,3,0.0,0.0,9,0,0.0,0.0,0.0,0.0,0.0,0.0,0.0,0.0,0.0,0.0
354,Toby Alderweireld,Spurs,2,0.0,0.0,9,0,0.0,0.0,0.0,0.0,0.0,0.0,0.0,0.0,0.0,0.0
355,Stipe Perica,Watford,4,0.0,0.0,9,0,0.0,0.0,0.0,0.0,0.0,0.0,0.0,0.0,0.0,0.0
356,Lyanco Evangelista Silveira Neves Vojnovic,Southampton,2,0.0,0.0,7,0,0.0,0.0,0.0,0.0,0.0,0.0,0.0,0.0,,
357,Conor Coventry,West Ham,3,0.0,0.0,9,0,0.0,0.0,0.0,0.0,0.0,0.0,0.0,0.0,0.0,0.0
358,Yan Valery,Southampton,2,0.0,0.0,9,0,0.0,0.0,0.0,0.0,0.0,0.0,0.0,0.0,0.0,0.0
359,Daniel Bachmann,Watford,1,0.0,0.0,9,4,0.0,0.0,0.0,0.0,0.0,0.0,0.0,0.0,0.0,0.0
360,Shane Long,Southampton,4,0.0,0.0,9,1,0.0,0.0,0.0,0.0,0.0,0.0,0.0,0.0,0.0,0.0
361,Philip Zinckernagel,Watford,3,0.0,0.0,9,0,0.0,0.0,0.0,0.0,0.0,0.0,0.0,0.0,0.0,0.0
362,Isaac Success Ajayi,Watford,4,0.0,0.0,9,0,0.0,0.0,0.0,0.0,0.0,0.0,0.0,0.0,0.0,0.0
363,Ayotomiwa Dele-Bashiru,Watford,3,0.0,0.0,9,0,0.0,0.0,0.0,0.0,0.0,0.0,0.0,0.0,0.0,0.0
364,Christian Kabasele,Watford,2,0.0,0.0,9,3,0.0,0.0,0.0,0.0,0.0,0.0,0.0,0.0,0.0,0.0
365,Andre Gray,Watford,4,0.0,0.0,9,0,0.0,0.0,0.0,0.0,0.0,0.0,0.0,0.0,0.0,0.0
366,Bamidele Alli,Spurs,3,0.0,0.0,9,6,0.0,0.0,0.0,0.0,0.0,0.0,0.0,0.0,0.0,0.0
367,Ben Davies,Spurs,2,0.0,0.0,9,1,0.0,0.0,0.0,0.0,0.0,0.0,0.0,0.0,0.0,0.0
368,Dan Gosling,Watford,3,0.0,0.0,9,1,0.0,0.0,0.0,0.0,0.0,0.0,0.0,0.0,0.0,0.0
369,Harry Winks,Spurs,3,0.0,0.0,9,2,0.0,0.0,0.0,0.0,0.0,0.0,0.0,0.0,0.0,0.0
370,Ben Foster,Watford,1,0.0,0.0,9,5,0.0,0.0,0.0,0.0,0.0,0.0,0.0,0.0,0.0,0.0
371,Tobi Omole,Spurs,2,0.0,0.0,6,0,0.0,0.0,0.0,0.0,0.0,0.0,0.0,,,
372,Dilan Markanday,Spurs,3,0.0,0.0,6,0,0.0,0.0,0.0,0.0,0.0,0.0,0.0,,,
373,Davinson Sanchez,Spurs,2,0.0,0.0,9,5,0.0,0.0,0.0,0.0,0.0,0.0,0.0,0.0,0.0,0.0
374,Ryan Sessegnon,Spurs,2,0.0,0.0,9,0,0.0,0.0,0.0,0.0,0.0,0.0,0.0,0.0,0.0,0.0
375,Paul Dummett,Newcastle,2,0.0,0.0,9,0,0.0,0.0,0.0,0.0,0.0,0.0,0.0,0.0,0.0,0.0
376,Dane Scarlett,Spurs,4,0.0,0.0,9,0,0.0,0.0,0.0,0.0,0.0,0.0,0.0,0.0,0.0,0.0
377,Cristian Romero,Spurs,2,0.0,0.0,9,5,0.0,0.0,0.0,0.0,0.0,0.0,0.0,0.0,0.0,0.0
378,Bryan Gil Salvatierra,Spurs,3,0.0,0.0,9,5,0.0,0.0,0.0,0.0,0.0,0.0,0.0,0.0,0.0,0.0
379,Oliver Skipp,Spurs,3,0.0,0.0,9,9,0.0,0.0,0.0,0.0,0.0,0.0,0.0,0.0,0.0,0.0
380,Joe Rodon,Spurs,2,0.0,0.0,9,1,0.0,0.0,0.0,0.0,0.0,0.0,0.0,0.0,0.0,0.0
381,Ashley Fletcher,Watford,4,0.0,0.0,9,0,0.0,0.0,0.0,0.0,0.0,0.0,0.0,0.0,0.0,0.0
382,Francisco Sierralta,Watford,2,0.0,0.0,9,3,0.0,0.0,0.0,0.0,0.0,0.0,0.0,0.0,0.0,0.0
383,Domingos Quina,Watford,3,0.0,0.0,9,0,0.0,0.0,0.0,0.0,0.0,0.0,0.0,0.0,0.0,0.0
384,Darren Randolph,West Ham,1,0.0,0.0,9,0,0.0,0.0,0.0,0.0,0.0,0.0,0.0,0.0,0.0,0.0
385,Frederik Alves,West Ham,2,0.0,0.0,9,0,0.0,0.0,0.0,0.0,0.0,0.0,0.0,0.0,0.0,0.0
386,Alphonse Areola,West Ham,1,0.0,0.0,9,0,0.0,0.0,0.0,0.0,0.0,0.0,0.0,0.0,0.0,0.0
387,Jacob Sørensen,Norwich,2,0.0,0.0,9,0,0.0,0.0,0.0,0.0,0.0,0.0,0.0,0.0,0.0,0.0
388,Przemyslaw Placheta,Norwich,3,0.0,0.0,9,0,0.0,0.0,0.0,0.0,0.0,0.0,0.0,0.0,0.0,0.0
389,Issa Diop,West Ham,2,0.0,0.0,9,0,0.0,0.0,0.0,0.0,0.0,0.0,0.0,0.0,0.0,0.0
390,Arthur Masuaku,West Ham,2,0.0,0.0,9,0,0.0,0.0,0.0,0.0,0.0,0.0,0.0,0.0,0.0,0.0
391,Josh Martin,Norwich,3,0.0,0.0,9,0,0.0,0.0,0.0,0.0,0.0,0.0,0.0,0.0,0.0,0.0
392,Andrew Omobamidele,Norwich,2,0.0,0.0,9,2,0.0,0.0,0.0,0.0,0.0,0.0,0.0,0.0,0.0,0.0
393,Angus Gunn,Norwich,1,0.0,0.0,9,0,0.0,0.0,0.0,0.0,0.0,0.0,0.0,0.0,0.0,0.0
394,Manuel Lanzini,West Ham,3,0.0,0.0,9,4,0.0,0.0,0.0,0.0,0.0,0.0,0.0,0.0,0.0,0.0
395,Ryan Fredericks,West Ham,2,0.0,0.0,9,1,0.0,0.0,0.0,0.0,0.0,0.0,0.0,0.0,0.0,0.0
396,Winston Reid,West Ham,2,0.0,0.0,9,0,0.0,0.0,0.0,0.0,0.0,0.0,0.0,0.0,0.0,0.0
397,Angelo Ogbonna,West Ham,2,0.0,0.0,9,9,0.0,0.0,0.0,0.0,0.0,0.0,0.0,0.0,0.0,0.0
398,Bali Mumba,Norwich,2,0.0,0.0,9,1,0.0,0.0,0.0,0.0,0.0,0.0,0.0,0.0,0.0,0.0
399,Mark Noble,West Ham,3,0.0,0.0,9,2,0.0,0.0,0.0,0.0,0.0,0.0,0.0,0.0,0.0,0.0
400,Marc Navarro,Watford,2,0.0,0.0,9,0,0.0,0.0,0.0,0.0,0.0,0.0,0.0,0.0,0.0,0.0
401,Fraser Forster,Southampton,1,0.0,0.0,9,0,0.0,0.0,0.0,0.0,0.0,0.0,0.0,0.0,0.0,0.0
402,Alex McCarthy,Southampton,1,0.0,0.0,9,9,0.0,0.0,0.0,0.0,0.0,0.0,0.0,0.0,0.0,0.0
403,Kurt Zouma,West Ham,2,0.0,0.0,9,5,0.0,0.0,0.0,0.0,0.0,0.0,0.0,0.0,0.0,0.0
404,Nicolas Nkoulou,Watford,2,0.0,0.0,1,1,0.0,0.0,,,,,,,,
405,Robert Elliot,Watford,1,0.0,0.0,7,0,0.0,0.0,0.0,0.0,0.0,0.0,0.0,0.0,,
406,Adedapo Awokoya-Mebude,Watford,4,0.0,0.0,9,0,0.0,0.0,0.0,0.0,0.0,0.0,0.0,0.0,0.0,0.0
407,Matthew Pollock,Watford,2,0.0,0.0,9,0,0.0,0.0,0.0,0.0,0.0,0.0,0.0,0.0,0.0,0.0
408,Kwadwo Baah,Watford,3,0.0,0.0,9,0,0.0,0.0,0.0,0.0,0.0,0.0,0.0,0.0,0.0,0.0
409,Daniel N'Lundulu,Southampton,4,0.0,0.0,9,0,0.0,0.0,0.0,0.0,0.0,0.0,0.0,0.0,0.0,0.0
410,Joseph Hungbo,Watford,3,0.0,0.0,9,0,0.0,0.0,0.0,0.0,0.0,0.0,0.0,0.0,0.0,0.0
411,Ben Wilmot,Watford,2,0.0,0.0,9,0,0.0,0.0,0.0,0.0,0.0,0.0,0.0,0.0,0.0,0.0
412,Nathan Tella,Southampton,3,0.0,0.0,9,3,0.0,0.0,0.0,0.0,0.0,0.0,0.0,0.0,0.0,0.0
413,William Smallbone,Southampton,3,0.0,0.0,9,0,0.0,0.0,0.0,0.0,0.0,0.0,0.0,0.0,0.0,0.0
414,Michael Obafemi,Southampton,4,0.0,0.0,9,0,0.0,0.0,0.0,0.0,0.0,0.0,0.0,0.0,0.0,0.0
415,Bernd Leno,Arsenal,1,0.0,0.0,9,3,0.0,0.0,0.0,0.0,0.0,0.0,0.0,0.0,0.0,0.0
416,Crysencio Summerville,Leeds,3,0.0,0.0,9,4,0.0,0.0,0.0,0.0,0.0,0.0,0.0,0.0,0.0,0.0
417,Dwight Gayle,Newcastle,4,0.0,0.0,9,2,0.0,0.0,0.0,0.0,0.0,0.0,0.0,0.0,0.0,0.0
418,Michal Karbownik,Brighton,2,0.0,0.0,9,0,0.0,0.0,0.0,0.0,0.0,0.0,0.0,0.0,0.0,0.0
419,Kevin Long,Burnley,2,0.0,0.0,9,0,0.0,0.0,0.0,0.0,0.0,0.0,0.0,0.0,0.0,0.0
420,Dale Stephens,Burnley,3,0.0,0.0,9,0,0.0,0.0,0.0,0.0,0.0,0.0,0.0,0.0,0.0,0.0
421,Jack Cork,Burnley,3,0.0,0.0,9,4,0.0,0.0,0.0,0.0,0.0,0.0,0.0,0.0,0.0,0.0
422,Erik Pieters,Burnley,2,0.0,0.0,9,2,0.0,0.0,0.0,0.0,0.0,0.0,0.0,0.0,0.0,0.0
423,Phil Bardsley,Burnley,2,0.0,0.0,9,0,0.0,0.0,0.0,0.0,0.0,0.0,0.0,0.0,0.0,0.0
424,James Tarkowski,Burnley,2,0.0,0.0,9,9,0.0,0.0,0.0,0.0,0.0,0.0,0.0,0.0,0.0,0.0
425,Jeremy Sarmiento,Brighton,3,0.0,0.0,3,0,0.0,0.0,0.0,0.0,,,,,,
426,Jurgen Locadia,Brighton,4,0.0,0.0,6,0,0.0,0.0,0.0,0.0,0.0,0.0,0.0,,,
427,Haydon Roberts,Brighton,2,0.0,0.0,8,0,0.0,0.0,0.0,0.0,0.0,0.0,0.0,0.0,0.0,
428,Moises Caicedo,Brighton,3,0.0,0.0,9,0,0.0,0.0,0.0,0.0,0.0,0.0,0.0,0.0,0.0,0.0
429,Andi Zeqiri,Brighton,4,0.0,0.0,9,0,0.0,0.0,0.0,0.0,0.0,0.0,0.0,0.0,0.0,0.0
430,Alvaro Fernandez,Brentford,1,0.0,0.0,8,0,0.0,0.0,0.0,0.0,0.0,0.0,0.0,0.0,0.0,
431,Florin Andone,Brighton,4,0.0,0.0,9,0,0.0,0.0,0.0,0.0,0.0,0.0,0.0,0.0,0.0,0.0
432,Kjell Scherpen,Brighton,1,0.0,0.0,9,0,0.0,0.0,0.0,0.0,0.0,0.0,0.0,0.0,0.0,0.0
433,Aaron Connolly,Brighton,4,0.0,0.0,9,2,0.0,0.0,0.0,0.0,0.0,0.0,0.0,0.0,0.0,0.0
434,Bernardo Fernandes Da Silva Junior,Brighton,2,0.0,0.0,9,0,0.0,0.0,0.0,0.0,0.0,0.0,0.0,0.0,0.0,0.0
435,Alireza Jahanbakhsh,Brighton,3,0.0,0.0,9,0,0.0,0.0,0.0,0.0,0.0,0.0,0.0,0.0,0.0,0.0
436,Mathew Ryan,Brighton,1,0.0,0.0,9,0,0.0,0.0,0.0,0.0,0.0,0.0,0.0,0.0,0.0,0.0
437,Adam Webster,Brighton,2,0.0,0.0,9,4,0.0,0.0,0.0,0.0,0.0,0.0,0.0,0.0,0.0,0.0
438,Davy Propper,Brighton,3,0.0,0.0,9,0,0.0,0.0,0.0,0.0,0.0,0.0,0.0,0.0,0.0,0.0
439,Jason Steele,Brighton,1,0.0,0.0,9,0,0.0,0.0,0.0,0.0,0.0,0.0,0.0,0.0,0.0,0.0
440,Paris Maghoma,Brentford,3,0.0,0.0,2,0,0.0,0.0,0.0,,,,,,,
441,Nick Pope,Burnley,1,0.0,0.0,9,9,0.0,0.0,0.0,0.0,0.0,0.0,0.0,0.0,0.0,0.0
442,Will Norris,Burnley,1,0.0,0.0,9,0,0.0,0.0,0.0,0.0,0.0,0.0,0.0,0.0,0.0,0.0
443,Josh Benson,Burnley,3,0.0,0.0,9,0,0.0,0.0,0.0,0.0,0.0,0.0,0.0,0.0,0.0,0.0
444,Bailey Peacock-Farrell,Burnley,1,0.0,0.0,9,0,0.0,0.0,0.0,0.0,0.0,0.0,0.0,0.0,0.0,0.0
445,Martin Kelly,Crystal Palace,2,0.0,0.0,9,0,0.0,0.0,0.0,0.0,0.0,0.0,0.0,0.0,0.0,0.0
446,Cheikhou Kouyate,Crystal Palace,2,0.0,0.0,9,7,0.0,0.0,0.0,0.0,0.0,0.0,0.0,0.0,0.0,0.0
447,James Tomkins,Crystal Palace,2,0.0,0.0,9,1,0.0,0.0,0.0,0.0,0.0,0.0,0.0,0.0,0.0,0.0
448,Vicente Guaita,Crystal Palace,1,0.0,0.0,9,9,0.0,0.0,0.0,0.0,0.0,0.0,0.0,0.0,0.0,0.0
449,Marcus Bettinelli,Chelsea,1,0.0,0.0,5,0,0.0,0.0,0.0,0.0,0.0,0.0,,,,
450,Saul Niguez,Chelsea,3,0.0,0.0,6,1,0.0,0.0,0.0,0.0,0.0,0.0,0.0,,,
451,Emerson Palmieri dos Santos,Chelsea,2,0.0,0.0,9,1,0.0,0.0,0.0,0.0,0.0,0.0,0.0,0.0,0.0,0.0
452,Malang Sarr,Chelsea,2,0.0,0.0,9,1,0.0,0.0,0.0,0.0,0.0,0.0,0.0,0.0,0.0,0.0
453,Edouard Mendy,Chelsea,1,0.0,0.0,9,8,0.0,0.0,0.0,0.0,0.0,0.0,0.0,0.0,0.0,0.0
454,Ethan Ampadu,Chelsea,2,0.0,0.0,9,0,0.0,0.0,0.0,0.0,0.0,0.0,0.0,0.0,0.0,0.0
455,Christian Pulisic,Chelsea,3,0.0,0.0,9,1,0.0,0.0,0.0,0.0,0.0,0.0,0.0,0.0,0.0,0.0
456,Tammy Abraham,Chelsea,4,0.0,0.0,9,0,0.0,0.0,0.0,0.0,0.0,0.0,0.0,0.0,0.0,0.0
457,Kepa Arrizabalaga,Chelsea,1,0.0,0.0,9,1,0.0,0.0,0.0,0.0,0.0,0.0,0.0,0.0,0.0,0.0
458,Michy Batshuayi,Chelsea,4,0.0,0.0,9,0,0.0,0.0,0.0,0.0,0.0,0.0,0.0,0.0,0.0,0.0
459,Olivier Giroud,Chelsea,4,0.0,0.0,9,0,0.0,0.0,0.0,0.0,0.0,0.0,0.0,0.0,0.0,0.0
460,Connor Roberts,Burnley,2,0.0,0.0,6,0,0.0,0.0,0.0,0.0,0.0,0.0,0.0,,,
461,Aaron Lennon,Burnley,3,0.0,0.0,7,4,0.0,0.0,0.0,0.0,0.0,0.0,0.0,0.0,,
462,Owen Dodgson,Burnley,2,0.0,0.0,8,0,0.0,0.0,0.0,0.0,0.0,0.0,0.0,0.0,0.0,
463,Bobby Thomas,Burnley,2,0.0,0.0,9,0,0.0,0.0,0.0,0.0,0.0,0.0,0.0,0.0,0.0,0.0
464,Lewis Richardson,Burnley,4,0.0,0.0,9,0,0.0,0.0,0.0,0.0,0.0,0.0,0.0,0.0,0.0,0.0
465,Wayne Hennessey,Burnley,1,0.0,0.0,9,0,0.0,0.0,0.0,0.0,0.0,0.0,0.0,0.0,0.0,0.0
466,Finley Stevens,Brentford,2,0.0,0.0,7,0,0.0,0.0,0.0,0.0,0.0,0.0,0.0,0.0,,
467,Yoane Wissa,Brentford,3,0.0,0.0,9,4,0.0,0.0,0.0,0.0,0.0,0.0,0.0,0.0,0.0,0.0
468,Jeff Hendrick,Newcastle,3,0.0,0.0,9,2,0.0,0.0,0.0,0.0,0.0,0.0,0.0,0.0,0.0,0.0
469,Karl Hein,Arsenal,1,0.0,0.0,9,0,0.0,0.0,0.0,0.0,0.0,0.0,0.0,0.0,0.0,0.0
470,Mahmoud Ahmed Ibrahim Hassan,Aston Villa,3,0.0,0.0,9,0,0.0,0.0,0.0,0.0,0.0,0.0,0.0,0.0,0.0,0.0
471,Kortney Hause,Aston Villa,2,0.0,0.0,9,3,0.0,0.0,0.0,0.0,0.0,0.0,0.0,0.0,0.0,0.0
472,Morgan Sanson,Aston Villa,3,0.0,0.0,9,0,0.0,0.0,0.0,0.0,0.0,0.0,0.0,0.0,0.0,0.0
473,Bertrand Traore,Aston Villa,3,0.0,0.0,9,4,0.0,0.0,0.0,0.0,0.0,0.0,0.0,0.0,0.0,0.0
474,Bjorn Engels,Aston Villa,2,0.0,0.0,9,0,0.0,0.0,0.0,0.0,0.0,0.0,0.0,0.0,0.0,0.0
475,Emiliano Martinez,Aston Villa,1,0.0,0.0,9,8,0.0,0.0,0.0,0.0,0.0,0.0,0.0,0.0,0.0,0.0
476,Conor Hourihane,Aston Villa,3,0.0,0.0,9,0,0.0,0.0,0.0,0.0,0.0,0.0,0.0,0.0,0.0,0.0
477,Jed Steer,Aston Villa,1,0.0,0.0,9,1,0.0,0.0,0.0,0.0,0.0,0.0,0.0,0.0,0.0,0.0
478,Arthur Okonkwo,Arsenal,1,0.0,0.0,7,0,0.0,0.0,0.0,0.0,0.0,0.0,0.0,0.0,,
479,Aaron Ramsdale,Arsenal,1,0.0,0.0,8,6,0.0,0.0,0.0,0.0,0.0,0.0,0.0,0.0,0.0,
480,Folarin Balogun,Arsenal,4,0.0,0.0,9,2,0.0,0.0,0.0,0.0,0.0,0.0,0.0,0.0,0.0,0.0
481,Shandon Baptiste,Brentford,3,0.0,0.0,9,5,0.0,0.0,0.0,0.0,0.0,0.0,0.0,0.0,0.0,0.0
482,William Saliba,Arsenal,2,0.0,0.0,9,0,0.0,0.0,0.0,0.0,0.0,0.0,0.0,0.0,0.0,0.0
483,Matteo Guendouzi,Arsenal,3,0.0,0.0,9,0,0.0,0.0,0.0,0.0,0.0,0.0,0.0,0.0,0.0,0.0
484,Konstantinos Mavropanos,Arsenal,2,0.0,0.0,9,0,0.0,0.0,0.0,0.0,0.0,0.0,0.0,0.0,0.0,0.0
485,Edward Nketiah,Arsenal,4,0.0,0.0,9,0,0.0,0.0,0.0,0.0,0.0,0.0,0.0,0.0,0.0,0.0
486,Lucas Torreira,Arsenal,3,0.0,0.0,9,0,0.0,0.0,0.0,0.0,0.0,0.0,0.0,0.0,0.0,0.0
487,Rob Holding,Arsenal,2,0.0,0.0,9,2,0.0,0.0,0.0,0.0,0.0,0.0,0.0,0.0,0.0,0.0
488,Mohamed Naser El Sayed Elneny,Arsenal,3,0.0,0.0,9,1,0.0,0.0,0.0,0.0,0.0,0.0,0.0,0.0,0.0,0.0
489,Sead Kolasinac,Arsenal,2,0.0,0.0,9,1,0.0,0.0,0.0,0.0,0.0,0.0,0.0,0.0,0.0,0.0
490,Hector Bellerin,Arsenal,2,0.0,0.0,9,0,0.0,0.0,0.0,0.0,0.0,0.0,0.0,0.0,0.0,0.0
491,Willian Borges Da Silva,Arsenal,3,0.0,0.0,9,0,0.0,0.0,0.0,0.0,0.0,0.0,0.0,0.0,0.0,0.0
492,Marvelous Nakamba,Aston Villa,3,0.0,0.0,9,5,0.0,0.0,0.0,0.0,0.0,0.0,0.0,0.0,0.0,0.0
493,Frederic Guilbert,Aston Villa,2,0.0,0.0,9,0,0.0,0.0,0.0,0.0,0.0,0.0,0.0,0.0,0.0,0.0
494,Wesley Moraes,Aston Villa,4,0.0,0.0,9,1,0.0,0.0,0.0,0.0,0.0,0.0,0.0,0.0,0.0,0.0
495,Mbwana Ally Samatta,Aston Villa,4,0.0,0.0,9,0,0.0,0.0,0.0,0.0,0.0,0.0,0.0,0.0,0.0,0.0
496,Dominic Thompson,Brentford,2,0.0,0.0,9,0,0.0,0.0,0.0,0.0,0.0,0.0,0.0,0.0,0.0,0.0
497,Mads Bidstrup,Brentford,3,0.0,0.0,9,3,0.0,0.0,0.0,0.0,0.0,0.0,0.0,0.0,0.0,0.0
498,Halil Dervisoglu,Brentford,4,0.0,0.0,9,0,0.0,0.0,0.0,0.0,0.0,0.0,0.0,0.0,0.0,0.0
499,Patrik Gunnarsson,Brentford,1,0.0,0.0,9,0,0.0,0.0,0.0,0.0,0.0,0.0,0.0,0.0,0.0,0.0
500,Jan Zamburek,Brentford,3,0.0,0.0,9,0,0.0,0.0,0.0,0.0,0.0,0.0,0.0,0.0,0.0,0.0
501,Ellery Balcombe,Brentford,1,0.0,0.0,9,0,0.0,0.0,0.0,0.0,0.0,0.0,0.0,0.0,0.0,0.0
502,Mads Bech Sørensen,Brentford,2,0.0,0.0,9,1,0.0,0.0,0.0,0.0,0.0,0.0,0.0,0.0,0.0,0.0
503,Mads Roerslev Rasmussen,Brentford,2,0.0,0.0,9,2,0.0,0.0,0.0,0.0,0.0,0.0,0.0,0.0,0.0,0.0
504,Marcus Forss,Brentford,4,0.0,0.0,9,3,0.0,0.0,0.0,0.0,0.0,0.0,0.0,0.0,0.0,0.0
505,Charlie Goode,Brentford,2,0.0,0.0,9,0,0.0,0.0,0.0,0.0,0.0,0.0,0.0,0.0,0.0,0.0
506,Pelenda Joshua Dasilva,Brentford,3,0.0,0.0,9,0,0.0,0.0,0.0,0.0,0.0,0.0,0.0,0.0,0.0,0.0
507,David Raya Martin,Brentford,1,0.0,0.0,9,9,0.0,0.0,0.0,0.0,0.0,0.0,0.0,0.0,0.0,0.0
508,Tariqe Fosu-Henry,Brentford,3,0.0,0.0,9,0,0.0,0.0,0.0,0.0,0.0,0.0,0.0,0.0,0.0,0.0
509,Lamare Bogarde,Aston Villa,2,0.0,0.0,4,0,0.0,0.0,0.0,0.0,0.0,,,,,
510,Viljami Sinisalo,Aston Villa,1,0.0,0.0,6,0,0.0,0.0,0.0,0.0,0.0,0.0,0.0,,,
511,Cameron Archer,Aston Villa,4,0.0,0.0,7,2,0.0,0.0,0.0,0.0,0.0,0.0,0.0,0.0,,
512,Carney Chukwuemeka,Aston Villa,3,0.0,0.0,9,1,0.0,0.0,0.0,0.0,0.0,0.0,0.0,0.0,0.0,0.0
513,Jaden Philogene-Bidace,Aston Villa,3,0.0,0.0,9,1,0.0,0.0,0.0,0.0,0.0,0.0,0.0,0.0,0.0,0.0
514,Aaron Ramsey,Aston Villa,3,0.0,0.0,9,0,0.0,0.0,0.0,0.0,0.0,0.0,0.0,0.0,0.0,0.0
515,Axel Tuanzebe,Aston Villa,2,0.0,0.0,9,6,0.0,0.0,0.0,0.0,0.0,0.0,0.0,0.0,0.0,0.0
516,Keinan Davis,Aston Villa,4,0.0,0.0,9,0,0.0,0.0,0.0,0.0,0.0,0.0,0.0,0.0,0.0,0.0
517,Jack Butland,Crystal Palace,1,0.0,0.0,9,0,0.0,0.0,0.0,0.0,0.0,0.0,0.0,0.0,0.0,0.0
518,Jarosław Jach,Crystal Palace,2,0.0,0.0,9,0,0.0,0.0,0.0,0.0,0.0,0.0,0.0,0.0,0.0,0.0
519,Jean-Philippe Mateta,Crystal Palace,4,0.0,0.0,9,2,0.0,0.0,0.0,0.0,0.0,0.0,0.0,0.0,0.0,0.0
520,Divock Origi,Liverpool,4,0.0,0.0,9,1,0.0,0.0,0.0,0.0,0.0,0.0,0.0,0.0,0.0,0.0
521,Ederson Santana de Moraes,Man City,1,0.0,0.0,9,8,0.0,0.0,0.0,0.0,0.0,0.0,0.0,0.0,0.0,0.0
522,John Stones,Man City,2,0.0,0.0,9,1,0.0,0.0,0.0,0.0,0.0,0.0,0.0,0.0,0.0,0.0
523,Ben Woodburn,Liverpool,3,0.0,0.0,9,0,0.0,0.0,0.0,0.0,0.0,0.0,0.0,0.0,0.0,0.0
524,Ben Davies,Liverpool,2,0.0,0.0,9,0,0.0,0.0,0.0,0.0,0.0,0.0,0.0,0.0,0.0,0.0
525,Rhys Williams,Liverpool,2,0.0,0.0,9,0,0.0,0.0,0.0,0.0,0.0,0.0,0.0,0.0,0.0,0.0
526,Ibrahima Konate,Liverpool,2,0.0,0.0,9,2,0.0,0.0,0.0,0.0,0.0,0.0,0.0,0.0,0.0,0.0
527,Caoimhin Kelleher,Liverpool,1,0.0,0.0,9,1,0.0,0.0,0.0,0.0,0.0,0.0,0.0,0.0,0.0,0.0
528,Nathaniel Phillips,Liverpool,2,0.0,0.0,9,0,0.0,0.0,0.0,0.0,0.0,0.0,0.0,0.0,0.0,0.0
529,Joseph Gomez,Liverpool,2,0.0,0.0,9,2,0.0,0.0,0.0,0.0,0.0,0.0,0.0,0.0,0.0,0.0
530,Takumi Minamino,Liverpool,3,0.0,0.0,9,0,0.0,0.0,0.0,0.0,0.0,0.0,0.0,0.0,0.0,0.0
531,Alisson Ramses Becker,Liverpool,1,0.0,0.0,9,8,0.0,0.0,0.0,0.0,0.0,0.0,0.0,0.0,0.0,0.0
532,Eberechi Eze,Crystal Palace,3,0.0,0.0,9,0,0.0,0.0,0.0,0.0,0.0,0.0,0.0,0.0,0.0,0.0
533,Xherdan Shaqiri,Liverpool,3,0.0,0.0,9,0,0.0,0.0,0.0,0.0,0.0,0.0,0.0,0.0,0.0,0.0
534,Adrian San Miguel del Castillo,Liverpool,1,0.0,0.0,9,0,0.0,0.0,0.0,0.0,0.0,0.0,0.0,0.0,0.0,0.0
535,Leo Fuhr Hjelde,Leeds,2,0.0,0.0,4,0,0.0,0.0,0.0,0.0,0.0,,,,,
536,Stuart McKinstry,Leeds,3,0.0,0.0,5,0,0.0,0.0,0.0,0.0,0.0,0.0,,,,
537,Nohan Kenneh,Leeds,3,0.0,0.0,5,0,0.0,0.0,0.0,0.0,0.0,0.0,,,,
538,Liam McCarron,Leeds,3,0.0,0.0,7,0,0.0,0.0,0.0,0.0,0.0,0.0,0.0,0.0,,
539,Charlie Cresswell,Leeds,2,0.0,0.0,8,1,0.0,0.0,0.0,0.0,0.0,0.0,0.0,0.0,0.0,
540,Cody Drameh,Leeds,2,0.0,0.0,8,0,0.0,0.0,0.0,0.0,0.0,0.0,0.0,0.0,0.0,
541,Adam Forshaw,Leeds,3,0.0,0.0,9,1,0.0,0.0,0.0,0.0,0.0,0.0,0.0,0.0,0.0,0.0
542,Runar Alex Runarsson,Arsenal,1,0.0,0.0,9,0,0.0,0.0,0.0,0.0,0.0,0.0,0.0,0.0,0.0,0.0
543,Nathan Ake,Man City,2,0.0,0.0,9,3,0.0,0.0,0.0,0.0,0.0,0.0,0.0,0.0,0.0,0.0
544,Zack Steffen,Man City,1,0.0,0.0,9,1,0.0,0.0,0.0,0.0,0.0,0.0,0.0,0.0,0.0,0.0
545,Oleksandr Zinchenko,Man City,2,0.0,0.0,9,2,0.0,0.0,0.0,0.0,0.0,0.0,0.0,0.0,0.0,0.0
546,Cole Palmer,Man City,3,0.0,0.0,9,2,0.0,0.0,0.0,0.0,0.0,0.0,0.0,0.0,0.0,0.0
547,Martin Dubravka,Newcastle,1,0.0,0.0,9,0,0.0,0.0,0.0,0.0,0.0,0.0,0.0,0.0,0.0,0.0
548,Karl Darlow,Newcastle,1,0.0,0.0,9,5,0.0,0.0,0.0,0.0,0.0,0.0,0.0,0.0,0.0,0.0
549,Anthony Elanga,Man Utd,3,0.0,0.0,9,0,0.0,0.0,0.0,0.0,0.0,0.0,0.0,0.0,0.0,0.0
550,Andreas Pereira,Man Utd,3,0.0,0.0,9,0,0.0,0.0,0.0,0.0,0.0,0.0,0.0,0.0,0.0,0.0
551,Tom Heaton,Man Utd,1,0.0,0.0,9,0,0.0,0.0,0.0,0.0,0.0,0.0,0.0,0.0,0.0,0.0
552,Juan Mata,Man Utd,3,0.0,0.0,9,0,0.0,0.0,0.0,0.0,0.0,0.0,0.0,0.0,0.0,0.0
553,Eric Bailly,Man Utd,2,0.0,0.0,9,0,0.0,0.0,0.0,0.0,0.0,0.0,0.0,0.0,0.0,0.0
554,Donny van de Beek,Man Utd,3,0.0,0.0,9,1,0.0,0.0,0.0,0.0,0.0,0.0,0.0,0.0,0.0,0.0
555,Marcus Rashford,Man Utd,3,0.0,0.0,9,2,0.0,0.0,0.0,0.0,0.0,0.0,0.0,0.0,0.0,0.0
556,Dean Henderson,Man Utd,1,0.0,0.0,9,0,0.0,0.0,0.0,0.0,0.0,0.0,0.0,0.0,0.0,0.0
557,Alex Nicolao Telles,Man Utd,2,0.0,0.0,9,0,0.0,0.0,0.0,0.0,0.0,0.0,0.0,0.0,0.0,0.0
558,Anthony Martial,Man Utd,4,0.0,0.0,9,5,0.0,0.0,0.0,0.0,0.0,0.0,0.0,0.0,0.0,0.0
559,Harry Maguire,Man Utd,2,0.0,0.0,9,8,0.0,0.0,0.0,0.0,0.0,0.0,0.0,0.0,0.0,0.0
560,David de Gea,Man Utd,1,0.0,0.0,9,9,0.0,0.0,0.0,0.0,0.0,0.0,0.0,0.0,0.0,0.0
561,Cieran Slicker,Man City,1,0.0,0.0,2,0,0.0,0.0,0.0,,,,,,,
562,Romeo Lavia,Man City,3,0.0,0.0,5,0,0.0,0.0,0.0,0.0,0.0,0.0,,,,
563,Joshua Wilson-Esbrand,Man City,2,0.0,0.0,5,0,0.0,0.0,0.0,0.0,0.0,0.0,,,,
564,Luke Mbete,Man City,2,0.0,0.0,5,0,0.0,0.0,0.0,0.0,0.0,0.0,,,,
565,Scott Carson,Man City,1,0.0,0.0,6,0,0.0,0.0,0.0,0.0,0.0,0.0,0.0,,,
566,Tommy Doyle,Man City,3,0.0,0.0,8,0,0.0,0.0,0.0,0.0,0.0,0.0,0.0,0.0,0.0,
567,Samuel Edozie,Man City,3,0.0,0.0,9,0,0.0,0.0,0.0,0.0,0.0,0.0,0.0,0.0,0.0,0.0
568,Sam Greenwood,Leeds,4,0.0,0.0,9,0,0.0,0.0,0.0,0.0,0.0,0.0,0.0,0.0,0.0,0.0
569,Kristoffer Klaesson,Leeds,1,0.0,0.0,9,0,0.0,0.0,0.0,0.0,0.0,0.0,0.0,0.0,0.0,0.0
570,Illan Meslier,Leeds,1,0.0,0.0,9,9,0.0,0.0,0.0,0.0,0.0,0.0,0.0,0.0,0.0,0.0
571,Niels Nkounkou,Everton,2,0.0,0.0,7,0,0.0,0.0,0.0,0.0,0.0,0.0,0.0,0.0,,
572,Nathan Broadhead,Everton,4,0.0,0.0,9,0,0.0,0.0,0.0,0.0,0.0,0.0,0.0,0.0,0.0,0.0
573,Jarrad Branthwaite,Everton,2,0.0,0.0,9,0,0.0,0.0,0.0,0.0,0.0,0.0,0.0,0.0,0.0,0.0
574,Jean-Philippe Gbamin,Everton,3,0.0,0.0,9,0,0.0,0.0,0.0,0.0,0.0,0.0,0.0,0.0,0.0,0.0
575,Jonjoe Kenny,Everton,2,0.0,0.0,9,1,0.0,0.0,0.0,0.0,0.0,0.0,0.0,0.0,0.0,0.0
576,Asmir Begovic,Everton,1,0.0,0.0,9,1,0.0,0.0,0.0,0.0,0.0,0.0,0.0,0.0,0.0,0.0
577,Joao Virginia,Everton,1,0.0,0.0,9,0,0.0,0.0,0.0,0.0,0.0,0.0,0.0,0.0,0.0,0.0
578,Mason Holgate,Everton,2,0.0,0.0,9,2,0.0,0.0,0.0,0.0,0.0,0.0,0.0,0.0,0.0,0.0
579,Tom Davies,Everton,3,0.0,0.0,9,4,0.0,0.0,0.0,0.0,0.0,0.0,0.0,0.0,0.0,0.0
580,Yerry Mina,Everton,2,0.0,0.0,9,6,0.0,0.0,0.0,0.0,0.0,0.0,0.0,0.0,0.0,0.0
581,Bernard Anicio Caldeira Duarte,Everton,3,0.0,0.0,9,0,0.0,0.0,0.0,0.0,0.0,0.0,0.0,0.0,0.0,0.0
582,James Rodriguez,Everton,3,0.0,0.0,9,0,0.0,0.0,0.0,0.0,0.0,0.0,0.0,0.0,0.0,0.0
583,Gylfi Sigurdsson,Everton,3,0.0,0.0,9,0,0.0,0.0,0.0,0.0,0.0,0.0,0.0,0.0,0.0,0.0
584,Fabian Delph,Everton,3,0.0,0.0,9,1,0.0,0.0,0.0,0.0,0.0,0.0,0.0,0.0,0.0,0.0
585,Remi Matthews,Crystal Palace,1,0.0,0.0,8,0,0.0,0.0,0.0,0.0,0.0,0.0,0.0,0.0,0.0,
586,Scott Banks,Crystal Palace,3,0.0,0.0,9,0,0.0,0.0,0.0,0.0,0.0,0.0,0.0,0.0,0.0,0.0
587,Robert Street,Crystal Palace,4,0.0,0.0,9,0,0.0,0.0,0.0,0.0,0.0,0.0,0.0,0.0,0.0,0.0
588,Jesurun Rak-Sakyi,Crystal Palace,3,0.0,0.0,9,1,0.0,0.0,0.0,0.0,0.0,0.0,0.0,0.0,0.0,0.0
589,Reece Hannam,Crystal Palace,2,0.0,0.0,9,0,0.0,0.0,0.0,0.0,0.0,0.0,0.0,0.0,0.0,0.0
590,Nathaniel Clyne,Crystal Palace,2,0.0,0.0,9,0,0.0,0.0,0.0,0.0,0.0,0.0,0.0,0.0,0.0,0.0
591,Will Hughes,Crystal Palace,3,0.0,0.0,9,0,0.0,0.0,0.0,0.0,0.0,0.0,0.0,0.0,0.0,0.0
592,Nathan Ferguson,Crystal Palace,2,0.0,0.0,9,0,0.0,0.0,0.0,0.0,0.0,0.0,0.0,0.0,0.0,0.0
593,Moise Kean,Everton,4,0.0,0.0,8,1,0.0,0.0,0.0,0.0,0.0,0.0,0.0,0.0,0.0,
594,Andy Lonergan,Everton,1,0.0,0.0,7,0,0.0,0.0,0.0,0.0,0.0,0.0,0.0,0.0,,
595,Ian Carlo Poveda-Ocampo,Leeds,3,0.0,0.0,9,0,0.0,0.0,0.0,0.0,0.0,0.0,0.0,0.0,0.0,0.0
596,Ellis Simms,Everton,4,0.0,0.0,5,0,0.0,0.0,0.0,0.0,0.0,0.0,,,,
597,Robin Koch,Leeds,2,0.0,0.0,9,1,0.0,0.0,0.0,0.0,0.0,0.0,0.0,0.0,0.0,0.0
598,Helder Wander Sousa de Azevedo e Costa,Leeds,3,0.0,0.0,9,1,0.0,0.0,0.0,0.0,0.0,0.0,0.0,0.0,0.0,0.0
599,Diego Llorente,Leeds,2,0.0,0.0,9,5,0.0,0.0,0.0,0.0,0.0,0.0,0.0,0.0,0.0,0.0
600,Francisco Casilla Cortes,Leeds,1,0.0,0.0,9,0,0.0,0.0,0.0,0.0,0.0,0.0,0.0,0.0,0.0,0.0
601,Pablo Hernandez Dominguez,Leeds,3,0.0,0.0,9,0,0.0,0.0,0.0,0.0,0.0,0.0,0.0,0.0,0.0,0.0
602,Eldin Jakupovic,Leicester,1,0.0,0.0,7,0,0.0,0.0,0.0,0.0,0.0,0.0,0.0,0.0,,
603,Kiernan Dewsbury-Hall,Leicester,3,0.0,0.0,9,1,0.0,0.0,0.0,0.0,0.0,0.0,0.0,0.0,0.0,0.0
604,Ryan Bertrand,Leicester,2,0.0,0.0,9,4,0.0,0.0,0.0,0.0,0.0,0.0,0.0,0.0,0.0,0.0
605,Wesley Fofana,Leicester,2,0.0,0.0,9,0,0.0,0.0,0.0,0.0,0.0,0.0,0.0,0.0,0.0,0.0
606,James Justin,Leicester,2,0.0,0.0,9,0,0.0,0.0,0.0,0.0,0.0,0.0,0.0,0.0,0.0,0.0
607,Caglar Soyuncu,Leicester,2,0.0,0.0,9,9,0.0,0.0,0.0,0.0,0.0,0.0,0.0,0.0,0.0,0.0
608,Wilfred Ndidi,Leicester,3,0.0,0.0,9,6,0.0,0.0,0.0,0.0,0.0,0.0,0.0,0.0,0.0,0.0
609,Hamza Choudhury,Leicester,3,0.0,0.0,9,1,0.0,0.0,0.0,0.0,0.0,0.0,0.0,0.0,0.0,0.0
610,Dennis Praet,Leicester,3,0.0,0.0,9,0,0.0,0.0,0.0,0.0,0.0,0.0,0.0,0.0,0.0,0.0
611,Danny Ward,Leicester,1,0.0,0.0,9,0,0.0,0.0,0.0,0.0,0.0,0.0,0.0,0.0,0.0,0.0
612,Nampalys Mendy,Leicester,3,0.0,0.0,9,0,0.0,0.0,0.0,0.0,0.0,0.0,0.0,0.0,0.0,0.0
613,Jonny Evans,Leicester,2,0.0,0.0,9,3,0.0,0.0,0.0,0.0,0.0,0.0,0.0,0.0,0.0,0.0
614,Kasper Schmeichel,Leicester,1,0.0,0.0,9,9,0.0,0.0,0.0,0.0,0.0,0.0,0.0,0.0,0.0,0.0
615,Harry Tyrer,Everton,1,0.0,0.0,2,0,0.0,0.0,0.0,,,,,,,
616,Charlie Whitaker,Everton,3,0.0,0.0,3,0,0.0,0.0,0.0,0.0,,,,,,
617,Lewis Dobbin,Everton,4,0.0,0.0,4,2,0.0,0.0,0.0,0.0,0.0,,,,,
618,Louie Moulden,Wolves,1,0.0,0.0,4,0,0.0,0.0,0.0,0.0,0.0,,,,,
